TransactionID,AccountID,TransactionDate,TransactionTime,TransactionType,Amount,ChannelID,BranchID,TransactionStatus,MerchantCategory,LocationCity,LocationState,IsInternational
1,1,2025-10-02,02:11:59.0000000,Withdrawal,387.00,1,1,Success,Fuel,Bengaluru,Karnataka,0
2,1,2026-01-04,16:58:25.0000000,Transfer,13265.00,7,NULL,Success,Healthcare,Delhi,Delhi,0
3,1,2026-04-08,07:44:51.0000000,Purchase,6393.00,5,NULL,Success,Electronics,Chennai,Tamil Nadu,0
4,1,2026-07-11,22:31:17.0000000,Deposit,19271.00,3,7,Success,Fuel,Hyderabad,Telangana,0
5,1,2025-10-13,13:17:43.0000000,Payment,12399.00,1,5,Failed,Healthcare,Coimbatore,Tamil Nadu,0
6,1,2026-01-15,04:04:09.0000000,Withdrawal,5527.00,7,NULL,Success,Electronics,Mumbai,Maharashtra,0
7,1,2026-04-19,18:50:35.0000000,Transfer,18405.00,5,NULL,Success,Fuel,Pune,Maharashtra,1
8,1,2026-07-22,09:37:01.0000000,Purchase,11533.00,3,11,Success,Healthcare,Bengaluru,Karnataka,0
9,1,2025-10-24,00:23:27.0000000,Deposit,4661.00,1,9,Success,Electronics,Delhi,Delhi,0
10,1,2026-01-26,15:09:53.0000000,Payment,17539.00,7,NULL,Success,Fuel,Chennai,Tamil Nadu,0
11,1,2026-04-30,05:56:19.0000000,Withdrawal,10667.00,5,NULL,Success,Healthcare,Hyderabad,Telangana,0
12,1,2026-08-02,20:42:45.0000000,Transfer,3795.00,3,3,Success,Electronics,Coimbatore,Tamil Nadu,0
13,1,2025-11-04,11:29:11.0000000,Purchase,16673.00,1,1,Success,Fuel,Mumbai,Maharashtra,0
14,1,2026-02-06,02:15:37.0000000,Deposit,9801.00,7,NULL,Success,Healthcare,Pune,Maharashtra,0
15,1,2026-05-11,17:02:03.0000000,Payment,2929.00,5,NULL,Success,Electronics,Bengaluru,Karnataka,0
16,1,2026-08-13,07:48:29.0000000,Withdrawal,15807.00,3,7,Success,Fuel,Delhi,Delhi,0
17,1,2025-11-15,22:34:55.0000000,Transfer,8935.00,1,5,Success,Healthcare,Chennai,Tamil Nadu,0
18,1,2026-02-17,13:21:21.0000000,Purchase,76599.00,7,NULL,Success,Electronics,Hyderabad,Telangana,0
19,1,2026-05-22,04:07:47.0000000,Deposit,14941.00,5,NULL,Success,Fuel,Coimbatore,Tamil Nadu,0
20,1,2026-08-24,18:54:13.0000000,Payment,8069.00,3,11,Success,Healthcare,Mumbai,Maharashtra,0
21,1,2025-11-26,09:40:39.0000000,Withdrawal,1197.00,1,9,Success,Electronics,Pune,Maharashtra,0
22,1,2026-02-28,00:27:05.0000000,Transfer,14075.00,7,NULL,Success,Fuel,Bengaluru,Karnataka,0
23,1,2026-06-02,15:13:31.0000000,Purchase,7203.00,5,NULL,Success,Healthcare,Delhi,Delhi,0
24,1,2026-09-04,05:59:57.0000000,Deposit,331.00,3,3,Success,Electronics,Chennai,Tamil Nadu,0
25,1,2025-12-07,20:46:23.0000000,Payment,13209.00,1,1,Success,Fuel,Hyderabad,Telangana,0
26,1,2026-03-11,11:32:49.0000000,Withdrawal,6337.00,7,NULL,Success,Healthcare,Coimbatore,Tamil Nadu,0
27,1,2026-06-13,02:19:15.0000000,Transfer,19215.00,5,NULL,Success,Electronics,Mumbai,Maharashtra,0
28,1,2026-09-15,17:05:41.0000000,Purchase,12343.00,3,7,Success,Fuel,Pune,Maharashtra,0
29,1,2025-12-18,07:52:07.0000000,Deposit,5471.00,1,5,Success,Healthcare,Bengaluru,Karnataka,0
30,1,2026-03-22,22:38:33.0000000,Payment,18349.00,7,NULL,Success,Electronics,Delhi,Delhi,0
31,1,2026-06-24,13:24:59.0000000,Withdrawal,11477.00,5,NULL,Success,Fuel,Chennai,Tamil Nadu,0
32,1,2026-09-26,04:11:25.0000000,Transfer,4605.00,3,11,Pending,Healthcare,Hyderabad,Telangana,0
33,1,2025-12-29,18:57:51.0000000,Purchase,17483.00,1,9,Success,Electronics,Coimbatore,Tamil Nadu,0
34,1,2026-04-02,09:44:17.0000000,Deposit,10611.00,7,NULL,Failed,Fuel,Mumbai,Maharashtra,0
35,1,2026-07-05,00:30:43.0000000,Payment,3739.00,5,NULL,Success,Healthcare,Pune,Maharashtra,0
36,1,2025-10-07,15:17:09.0000000,Withdrawal,16617.00,3,3,Success,Electronics,Bengaluru,Karnataka,0
37,1,2026-01-09,06:03:35.0000000,Transfer,9745.00,1,1,Success,Fuel,Delhi,Delhi,0
38,1,2026-04-13,20:50:01.0000000,Purchase,2873.00,7,NULL,Reversed,Healthcare,Chennai,Tamil Nadu,0
39,1,2026-07-16,11:36:27.0000000,Deposit,15751.00,5,NULL,Success,Electronics,Hyderabad,Telangana,0
40,1,2025-10-18,02:22:53.0000000,Payment,8879.00,3,7,Success,Fuel,Coimbatore,Tamil Nadu,0
41,1,2026-01-20,17:09:19.0000000,Withdrawal,2007.00,1,5,Success,Healthcare,Mumbai,Maharashtra,0
42,1,2026-04-24,07:55:45.0000000,Transfer,14885.00,7,NULL,Success,Electronics,Pune,Maharashtra,0
43,1,2026-07-27,22:42:11.0000000,Purchase,8013.00,5,NULL,Success,Fuel,Bengaluru,Karnataka,0
44,1,2025-10-29,13:28:37.0000000,Deposit,1141.00,3,11,Success,Healthcare,Delhi,Delhi,0
45,1,2026-01-31,04:15:03.0000000,Payment,14019.00,1,9,Success,Electronics,Chennai,Tamil Nadu,0
46,1,2026-05-05,19:01:29.0000000,Withdrawal,7147.00,7,NULL,Success,Fuel,Hyderabad,Telangana,0
47,1,2026-08-07,09:47:55.0000000,Transfer,275.00,5,NULL,Success,Healthcare,Coimbatore,Tamil Nadu,0
48,1,2025-11-09,00:34:21.0000000,Purchase,13153.00,3,3,Success,Electronics,Mumbai,Maharashtra,0
49,1,2026-02-11,15:20:47.0000000,Deposit,6281.00,1,1,Success,Fuel,Pune,Maharashtra,0
50,1,2026-05-16,06:07:13.0000000,Payment,19159.00,7,NULL,Success,Healthcare,Bengaluru,Karnataka,0
51,1,2026-08-18,20:53:39.0000000,Withdrawal,12287.00,5,NULL,Success,Electronics,Delhi,Delhi,0
52,1,2025-11-20,11:40:05.0000000,Transfer,5415.00,3,7,Success,Fuel,Chennai,Tamil Nadu,0
53,1,2026-02-22,02:26:31.0000000,Purchase,18293.00,1,5,Success,Healthcare,Hyderabad,Telangana,0
54,1,2026-05-27,17:12:57.0000000,Deposit,11421.00,7,NULL,Success,Electronics,Coimbatore,Tamil Nadu,0
55,1,2026-08-29,07:59:23.0000000,Payment,4549.00,5,NULL,Success,Fuel,Mumbai,Maharashtra,0
56,1,2025-12-01,22:45:49.0000000,Withdrawal,17427.00,3,11,Success,Healthcare,Pune,Maharashtra,0
57,1,2026-03-05,13:32:15.0000000,Transfer,10555.00,1,9,Success,Electronics,Bengaluru,Karnataka,0
58,1,2026-06-07,04:18:41.0000000,Purchase,3683.00,7,NULL,Success,Fuel,Delhi,Delhi,0
59,1,2026-09-09,19:05:07.0000000,Deposit,80453.00,5,NULL,Success,Healthcare,Chennai,Tamil Nadu,0
60,1,2025-12-12,09:51:33.0000000,Payment,9689.00,3,3,Success,Electronics,Hyderabad,Telangana,0
61,1,2026-03-16,00:37:59.0000000,Withdrawal,2817.00,1,1,Success,Fuel,Coimbatore,Tamil Nadu,0
62,1,2026-06-18,15:24:25.0000000,Transfer,15695.00,7,NULL,Success,Healthcare,Mumbai,Maharashtra,0
63,1,2026-09-20,06:10:51.0000000,Purchase,8823.00,5,NULL,Failed,Electronics,Pune,Maharashtra,0
64,1,2025-12-23,20:57:17.0000000,Deposit,1951.00,3,7,Success,Fuel,Bengaluru,Karnataka,0
65,2,2025-10-03,04:23:58.0000000,Withdrawal,524.00,2,2,Success,Restaurant,Mumbai,Maharashtra,0
66,2,2026-01-05,19:10:24.0000000,Transfer,13402.00,8,NULL,Success,Grocery,Pune,Maharashtra,0
67,2,2026-04-09,09:56:50.0000000,Purchase,6530.00,6,NULL,Success,Travel,Bengaluru,Karnataka,0
68,2,2026-07-12,00:43:16.0000000,Deposit,19408.00,4,NULL,Reversed,Restaurant,Delhi,Delhi,0
69,2,2025-10-14,15:29:42.0000000,Payment,12536.00,2,6,Success,Grocery,Chennai,Tamil Nadu,0
70,2,2026-01-16,06:16:08.0000000,Withdrawal,5664.00,8,NULL,Success,Travel,Hyderabad,Telangana,0
71,2,2026-04-20,21:02:34.0000000,Transfer,18542.00,6,NULL,Success,Restaurant,Coimbatore,Tamil Nadu,0
72,2,2026-07-23,11:49:00.0000000,Purchase,11670.00,4,NULL,Success,Grocery,Mumbai,Maharashtra,0
73,2,2025-10-25,02:35:26.0000000,Deposit,4798.00,2,10,Failed,Travel,Pune,Maharashtra,0
74,2,2026-01-27,17:21:52.0000000,Payment,17676.00,8,NULL,Pending,Restaurant,Bengaluru,Karnataka,0
75,2,2026-05-01,08:08:18.0000000,Withdrawal,10804.00,6,NULL,Success,Grocery,Delhi,Delhi,0
76,2,2026-08-03,22:54:44.0000000,Transfer,3932.00,4,NULL,Success,Travel,Chennai,Tamil Nadu,0
77,2,2025-11-05,13:41:10.0000000,Purchase,16810.00,2,2,Success,Restaurant,Hyderabad,Telangana,1
78,2,2026-02-07,04:27:36.0000000,Deposit,9938.00,8,NULL,Success,Grocery,Coimbatore,Tamil Nadu,0
79,2,2026-05-12,19:14:02.0000000,Payment,3066.00,6,NULL,Success,Travel,Mumbai,Maharashtra,0
80,2,2026-08-14,10:00:28.0000000,Withdrawal,15944.00,4,NULL,Success,Restaurant,Pune,Maharashtra,0
81,2,2025-11-16,00:46:54.0000000,Transfer,9072.00,2,6,Success,Grocery,Bengaluru,Karnataka,0
82,2,2026-02-18,15:33:20.0000000,Purchase,2200.00,8,NULL,Success,Travel,Delhi,Delhi,0
83,2,2026-05-23,06:19:46.0000000,Deposit,15078.00,6,NULL,Success,Restaurant,Chennai,Tamil Nadu,0
84,2,2026-08-25,21:06:12.0000000,Payment,8206.00,4,NULL,Success,Grocery,Hyderabad,Telangana,0
85,2,2025-11-27,11:52:38.0000000,Withdrawal,1334.00,2,10,Success,Travel,Coimbatore,Tamil Nadu,0
86,2,2026-03-01,02:39:04.0000000,Transfer,14212.00,8,NULL,Success,Restaurant,Mumbai,Maharashtra,0
87,2,2026-06-03,17:25:30.0000000,Purchase,7340.00,6,NULL,Success,Grocery,Pune,Maharashtra,0
88,2,2026-09-05,08:11:56.0000000,Deposit,468.00,4,NULL,Success,Travel,Bengaluru,Karnataka,0
89,2,2025-12-08,22:58:22.0000000,Payment,13346.00,2,2,Success,Restaurant,Delhi,Delhi,0
90,2,2026-03-12,13:44:48.0000000,Withdrawal,6474.00,8,NULL,Success,Grocery,Chennai,Tamil Nadu,0
91,2,2026-06-14,04:31:14.0000000,Transfer,19352.00,6,NULL,Success,Travel,Hyderabad,Telangana,0
92,2,2026-09-16,19:17:40.0000000,Purchase,12480.00,4,NULL,Success,Restaurant,Coimbatore,Tamil Nadu,0
93,2,2025-12-19,10:04:06.0000000,Deposit,5608.00,2,6,Success,Grocery,Mumbai,Maharashtra,0
94,2,2026-03-23,00:50:32.0000000,Payment,18486.00,8,NULL,Success,Travel,Pune,Maharashtra,0
95,2,2026-06-25,15:36:58.0000000,Withdrawal,11614.00,6,NULL,Success,Restaurant,Bengaluru,Karnataka,0
96,2,2026-09-27,06:23:24.0000000,Transfer,4742.00,4,NULL,Success,Grocery,Delhi,Delhi,0
97,2,2025-12-30,21:09:50.0000000,Purchase,17620.00,2,10,Success,Travel,Chennai,Tamil Nadu,0
98,2,2026-04-03,11:56:16.0000000,Deposit,153104.00,8,NULL,Success,Restaurant,Hyderabad,Telangana,0
99,2,2026-07-06,02:42:42.0000000,Payment,78198.00,6,NULL,Success,Grocery,Coimbatore,Tamil Nadu,0
100,2,2025-10-08,17:29:08.0000000,Withdrawal,16754.00,4,NULL,Success,Travel,Mumbai,Maharashtra,0
101,2,2026-01-10,08:15:34.0000000,Transfer,9882.00,2,2,Success,Restaurant,Pune,Maharashtra,0
102,2,2026-04-14,23:02:00.0000000,Purchase,3010.00,8,NULL,Failed,Grocery,Bengaluru,Karnataka,0
103,2,2026-07-17,13:48:26.0000000,Deposit,15888.00,6,NULL,Success,Travel,Delhi,Delhi,0
104,2,2025-10-19,04:34:52.0000000,Payment,9016.00,4,NULL,Success,Restaurant,Chennai,Tamil Nadu,0
105,2,2026-01-21,19:21:18.0000000,Withdrawal,2144.00,2,6,Success,Grocery,Hyderabad,Telangana,0
106,2,2026-04-25,10:07:44.0000000,Transfer,15022.00,8,NULL,Success,Travel,Coimbatore,Tamil Nadu,0
107,2,2026-07-28,00:54:10.0000000,Purchase,8150.00,6,NULL,Success,Restaurant,Mumbai,Maharashtra,0
108,2,2025-10-30,15:40:36.0000000,Deposit,1278.00,4,NULL,Success,Grocery,Pune,Maharashtra,0
109,2,2026-02-01,06:27:02.0000000,Payment,14156.00,2,10,Success,Travel,Bengaluru,Karnataka,0
110,2,2026-05-06,21:13:28.0000000,Withdrawal,7284.00,8,NULL,Success,Restaurant,Delhi,Delhi,0
111,2,2026-08-08,11:59:54.0000000,Transfer,412.00,6,NULL,Success,Grocery,Chennai,Tamil Nadu,0
112,2,2025-11-10,02:46:20.0000000,Purchase,13290.00,4,NULL,Success,Travel,Hyderabad,Telangana,0
113,2,2026-02-12,17:32:46.0000000,Deposit,6418.00,2,2,Success,Restaurant,Coimbatore,Tamil Nadu,0
114,2,2026-05-17,08:19:12.0000000,Payment,19296.00,8,NULL,Success,Grocery,Mumbai,Maharashtra,0
115,2,2026-08-19,23:05:38.0000000,Withdrawal,12424.00,6,NULL,Success,Travel,Pune,Maharashtra,0
116,2,2025-11-21,13:52:04.0000000,Transfer,5552.00,4,NULL,Success,Restaurant,Bengaluru,Karnataka,0
117,2,2026-02-23,04:38:30.0000000,Purchase,18430.00,2,6,Success,Grocery,Delhi,Delhi,0
118,2,2026-05-28,19:24:56.0000000,Deposit,11558.00,8,NULL,Success,Travel,Chennai,Tamil Nadu,0
119,2,2026-08-30,10:11:22.0000000,Payment,4686.00,6,NULL,Success,Restaurant,Hyderabad,Telangana,0
120,2,2025-12-02,00:57:48.0000000,Withdrawal,17564.00,4,NULL,Success,Grocery,Coimbatore,Tamil Nadu,0
121,2,2026-03-06,15:44:14.0000000,Transfer,10692.00,2,10,Success,Travel,Mumbai,Maharashtra,0
122,2,2026-06-08,06:30:40.0000000,Purchase,3820.00,8,NULL,Success,Restaurant,Pune,Maharashtra,0
123,2,2026-09-10,21:17:06.0000000,Deposit,16698.00,6,NULL,Success,Grocery,Bengaluru,Karnataka,0
124,2,2025-12-13,12:03:32.0000000,Payment,9826.00,4,NULL,Success,Travel,Delhi,Delhi,0
125,2,2026-03-17,02:49:58.0000000,Withdrawal,2954.00,2,2,Success,Restaurant,Chennai,Tamil Nadu,0
126,2,2026-06-19,17:36:24.0000000,Transfer,15832.00,8,NULL,Success,Grocery,Hyderabad,Telangana,0
127,2,2026-09-21,08:22:50.0000000,Purchase,8960.00,6,NULL,Pending,Travel,Coimbatore,Tamil Nadu,0
128,2,2025-12-24,23:09:16.0000000,Deposit,2088.00,4,NULL,Success,Restaurant,Mumbai,Maharashtra,0
129,3,2025-10-04,06:35:57.0000000,Deposit,661.00,3,3,Success,Electronics,Hyderabad,Telangana,0
130,3,2026-01-06,21:22:23.0000000,Payment,150097.00,1,1,Success,Fuel,Coimbatore,Tamil Nadu,0
131,3,2026-04-10,12:08:49.0000000,Withdrawal,6667.00,7,NULL,Success,Healthcare,Mumbai,Maharashtra,0
132,3,2026-07-13,02:55:15.0000000,Transfer,19545.00,5,NULL,Success,Electronics,Pune,Maharashtra,0
133,3,2025-10-15,17:41:41.0000000,Purchase,12673.00,3,7,Success,Fuel,Bengaluru,Karnataka,0
134,3,2026-01-17,08:28:07.0000000,Deposit,5801.00,1,5,Success,Healthcare,Delhi,Delhi,0
135,3,2026-04-21,23:14:33.0000000,Payment,18679.00,7,NULL,Success,Electronics,Chennai,Tamil Nadu,0
136,3,2026-07-24,14:00:59.0000000,Withdrawal,11807.00,5,NULL,Success,Fuel,Hyderabad,Telangana,0
137,3,2025-10-26,04:47:25.0000000,Transfer,4935.00,3,11,Success,Healthcare,Coimbatore,Tamil Nadu,0
138,3,2026-01-28,19:33:51.0000000,Purchase,17813.00,1,9,Success,Electronics,Mumbai,Maharashtra,0
139,3,2026-05-02,10:20:17.0000000,Deposit,75943.00,7,NULL,Success,Fuel,Pune,Maharashtra,0
140,3,2026-08-04,01:06:43.0000000,Payment,4069.00,5,NULL,Success,Healthcare,Bengaluru,Karnataka,0
141,3,2025-11-06,15:53:09.0000000,Withdrawal,16947.00,3,3,Failed,Electronics,Delhi,Delhi,0
142,3,2026-02-08,06:39:35.0000000,Transfer,10075.00,1,1,Success,Fuel,Chennai,Tamil Nadu,0
143,3,2026-05-13,21:26:01.0000000,Purchase,3203.00,7,NULL,Success,Healthcare,Hyderabad,Telangana,0
144,3,2026-08-15,12:12:27.0000000,Deposit,16081.00,5,NULL,Success,Electronics,Coimbatore,Tamil Nadu,0
145,3,2025-11-17,02:58:53.0000000,Payment,9209.00,3,7,Success,Fuel,Mumbai,Maharashtra,0
146,3,2026-02-19,17:45:19.0000000,Withdrawal,2337.00,1,5,Success,Healthcare,Pune,Maharashtra,0
147,3,2026-05-24,08:31:45.0000000,Transfer,15215.00,7,NULL,Success,Electronics,Bengaluru,Karnataka,1
148,3,2026-08-26,23:18:11.0000000,Purchase,8343.00,5,NULL,Success,Fuel,Delhi,Delhi,0
149,3,2025-11-28,14:04:37.0000000,Deposit,1471.00,3,11,Success,Healthcare,Chennai,Tamil Nadu,0
150,3,2026-03-02,04:51:03.0000000,Payment,14349.00,1,9,Success,Electronics,Hyderabad,Telangana,0
151,3,2026-06-04,19:37:29.0000000,Withdrawal,7477.00,7,NULL,Success,Fuel,Coimbatore,Tamil Nadu,0
152,3,2026-09-06,10:23:55.0000000,Transfer,605.00,5,NULL,Success,Healthcare,Mumbai,Maharashtra,0
153,3,2025-12-09,01:10:21.0000000,Purchase,13483.00,3,3,Success,Electronics,Pune,Maharashtra,0
154,3,2026-03-13,15:56:47.0000000,Deposit,6611.00,1,1,Success,Fuel,Bengaluru,Karnataka,0
155,3,2026-06-15,06:43:13.0000000,Payment,19489.00,7,NULL,Success,Healthcare,Delhi,Delhi,0
156,3,2026-09-17,21:29:39.0000000,Withdrawal,12617.00,5,NULL,Success,Electronics,Chennai,Tamil Nadu,0
157,3,2025-12-20,12:16:05.0000000,Transfer,5745.00,3,7,Success,Fuel,Hyderabad,Telangana,0
158,3,2026-03-24,03:02:31.0000000,Purchase,18623.00,1,5,Success,Healthcare,Coimbatore,Tamil Nadu,0
159,3,2026-06-26,17:48:57.0000000,Deposit,11751.00,7,NULL,Success,Electronics,Mumbai,Maharashtra,0
160,3,2026-09-28,08:35:23.0000000,Payment,4879.00,5,NULL,Success,Fuel,Pune,Maharashtra,0
161,3,2025-12-31,23:21:49.0000000,Withdrawal,17757.00,3,11,Success,Healthcare,Bengaluru,Karnataka,0
162,3,2026-04-04,14:08:15.0000000,Transfer,10885.00,1,9,Success,Electronics,Delhi,Delhi,0
163,3,2026-07-07,04:54:41.0000000,Purchase,4013.00,7,NULL,Success,Fuel,Chennai,Tamil Nadu,0
164,3,2025-10-09,19:41:07.0000000,Deposit,16891.00,5,NULL,Success,Healthcare,Hyderabad,Telangana,0
165,3,2026-01-11,10:27:33.0000000,Payment,10019.00,3,3,Success,Electronics,Coimbatore,Tamil Nadu,0
166,3,2026-04-15,01:13:59.0000000,Withdrawal,3147.00,1,1,Success,Fuel,Mumbai,Maharashtra,0
167,3,2026-07-18,16:00:25.0000000,Transfer,16025.00,7,NULL,Success,Healthcare,Pune,Maharashtra,0
168,3,2025-10-20,06:46:51.0000000,Purchase,9153.00,5,NULL,Success,Electronics,Bengaluru,Karnataka,0
169,3,2026-01-22,21:33:17.0000000,Deposit,2281.00,3,7,Pending,Fuel,Delhi,Delhi,0
170,3,2026-04-26,12:19:43.0000000,Payment,15159.00,1,5,Failed,Healthcare,Chennai,Tamil Nadu,0
171,3,2026-07-29,03:06:09.0000000,Withdrawal,8287.00,7,NULL,Success,Electronics,Hyderabad,Telangana,0
172,3,2025-10-31,17:52:35.0000000,Transfer,1415.00,5,NULL,Success,Fuel,Coimbatore,Tamil Nadu,0
173,3,2026-02-02,08:39:01.0000000,Purchase,14293.00,3,11,Success,Healthcare,Mumbai,Maharashtra,0
174,3,2026-05-07,23:25:27.0000000,Deposit,7421.00,1,9,Success,Electronics,Pune,Maharashtra,0
175,3,2026-08-09,14:11:53.0000000,Payment,549.00,7,NULL,Success,Fuel,Bengaluru,Karnataka,0
176,3,2025-11-11,04:58:19.0000000,Withdrawal,13427.00,5,NULL,Success,Healthcare,Delhi,Delhi,0
177,3,2026-02-13,19:44:45.0000000,Transfer,6555.00,3,3,Success,Electronics,Chennai,Tamil Nadu,0
178,3,2026-05-18,10:31:11.0000000,Purchase,19433.00,1,1,Success,Fuel,Hyderabad,Telangana,0
179,3,2026-08-20,01:17:37.0000000,Deposit,12561.00,7,NULL,Success,Healthcare,Coimbatore,Tamil Nadu,0
180,3,2025-11-22,16:04:03.0000000,Payment,79797.00,5,NULL,Success,Electronics,Mumbai,Maharashtra,0
181,3,2026-02-24,06:50:29.0000000,Withdrawal,18567.00,3,7,Success,Fuel,Pune,Maharashtra,0
182,3,2026-05-29,21:36:55.0000000,Transfer,11695.00,1,5,Success,Healthcare,Bengaluru,Karnataka,0
183,3,2026-08-31,12:23:21.0000000,Purchase,4823.00,7,NULL,Success,Electronics,Delhi,Delhi,0
184,3,2025-12-03,03:09:47.0000000,Deposit,17701.00,5,NULL,Success,Fuel,Chennai,Tamil Nadu,0
185,3,2026-03-07,17:56:13.0000000,Payment,10829.00,3,11,Success,Healthcare,Hyderabad,Telangana,0
186,3,2026-06-09,08:42:39.0000000,Withdrawal,3957.00,1,9,Success,Electronics,Coimbatore,Tamil Nadu,0
187,3,2026-09-11,23:29:05.0000000,Transfer,16835.00,7,NULL,Success,Fuel,Mumbai,Maharashtra,0
188,3,2025-12-14,14:15:31.0000000,Purchase,9963.00,5,NULL,Success,Healthcare,Pune,Maharashtra,0
189,3,2026-03-18,05:01:57.0000000,Deposit,3091.00,3,3,Success,Electronics,Bengaluru,Karnataka,0
190,3,2026-06-20,19:48:23.0000000,Payment,15969.00,1,1,Success,Fuel,Delhi,Delhi,0
191,3,2026-09-22,10:34:49.0000000,Withdrawal,9097.00,7,NULL,Success,Healthcare,Chennai,Tamil Nadu,0
192,3,2025-12-25,01:21:15.0000000,Transfer,2225.00,5,NULL,Success,Electronics,Hyderabad,Telangana,0
193,4,2025-10-05,08:47:56.0000000,Deposit,798.00,4,NULL,Success,Travel,Delhi,Delhi,0
194,4,2026-01-07,23:34:22.0000000,Payment,13676.00,2,2,Success,Restaurant,Chennai,Tamil Nadu,0
195,4,2026-04-11,14:20:48.0000000,Withdrawal,6804.00,8,NULL,Success,Grocery,Hyderabad,Telangana,0
196,4,2026-07-14,05:07:14.0000000,Transfer,19682.00,6,NULL,Success,Travel,Coimbatore,Tamil Nadu,0
197,4,2025-10-16,19:53:40.0000000,Purchase,12810.00,4,NULL,Success,Restaurant,Mumbai,Maharashtra,0
198,4,2026-01-18,10:40:06.0000000,Deposit,5938.00,2,6,Success,Grocery,Pune,Maharashtra,0
199,4,2026-04-22,01:26:32.0000000,Payment,18816.00,8,NULL,Reversed,Travel,Bengaluru,Karnataka,0
200,4,2026-07-25,16:12:58.0000000,Withdrawal,11944.00,6,NULL,Success,Restaurant,Delhi,Delhi,0
201,4,2025-10-27,06:59:24.0000000,Transfer,5072.00,4,NULL,Success,Grocery,Chennai,Tamil Nadu,0
202,4,2026-01-29,21:45:50.0000000,Purchase,17950.00,2,10,Success,Travel,Hyderabad,Telangana,0
203,4,2026-05-03,12:32:16.0000000,Deposit,11078.00,8,NULL,Success,Restaurant,Coimbatore,Tamil Nadu,0
204,4,2026-08-05,03:18:42.0000000,Payment,4206.00,6,NULL,Success,Grocery,Mumbai,Maharashtra,0
205,4,2025-11-07,18:05:08.0000000,Withdrawal,17084.00,4,NULL,Success,Travel,Pune,Maharashtra,0
206,4,2026-02-09,08:51:34.0000000,Transfer,10212.00,2,2,Success,Restaurant,Bengaluru,Karnataka,0
207,4,2026-05-14,23:38:00.0000000,Purchase,3340.00,8,NULL,Success,Grocery,Delhi,Delhi,0
208,4,2026-08-16,14:24:26.0000000,Deposit,16218.00,6,NULL,Success,Travel,Chennai,Tamil Nadu,0
209,4,2025-11-18,05:10:52.0000000,Payment,9346.00,4,NULL,Failed,Restaurant,Hyderabad,Telangana,0
210,4,2026-02-20,19:57:18.0000000,Withdrawal,2474.00,2,6,Success,Grocery,Coimbatore,Tamil Nadu,0
211,4,2026-05-25,10:43:44.0000000,Transfer,15352.00,8,NULL,Pending,Travel,Mumbai,Maharashtra,0
212,4,2026-08-27,01:30:10.0000000,Purchase,8480.00,6,NULL,Success,Restaurant,Pune,Maharashtra,0
213,4,2025-11-29,16:16:36.0000000,Deposit,1608.00,4,NULL,Success,Grocery,Bengaluru,Karnataka,0
214,4,2026-03-03,07:03:02.0000000,Payment,14486.00,2,10,Success,Travel,Delhi,Delhi,0
215,4,2026-06-05,21:49:28.0000000,Withdrawal,7614.00,8,NULL,Success,Restaurant,Chennai,Tamil Nadu,0
216,4,2026-09-07,12:35:54.0000000,Transfer,742.00,6,NULL,Success,Grocery,Hyderabad,Telangana,0
217,4,2025-12-10,03:22:20.0000000,Purchase,13620.00,4,NULL,Success,Travel,Coimbatore,Tamil Nadu,1
218,4,2026-03-14,18:08:46.0000000,Deposit,6748.00,2,2,Success,Restaurant,Mumbai,Maharashtra,0
219,4,2026-06-16,08:55:12.0000000,Payment,19626.00,8,NULL,Success,Grocery,Pune,Maharashtra,0
220,4,2026-09-18,23:41:38.0000000,Withdrawal,77542.00,6,NULL,Success,Travel,Bengaluru,Karnataka,0
221,4,2025-12-21,14:28:04.0000000,Transfer,5882.00,4,NULL,Success,Restaurant,Delhi,Delhi,0
222,4,2026-03-25,05:14:30.0000000,Purchase,18760.00,2,6,Success,Grocery,Chennai,Tamil Nadu,0
223,4,2026-06-27,20:00:56.0000000,Deposit,11888.00,8,NULL,Success,Travel,Hyderabad,Telangana,0
224,4,2026-09-29,10:47:22.0000000,Payment,5016.00,6,NULL,Success,Restaurant,Coimbatore,Tamil Nadu,0
225,4,2026-01-01,01:33:48.0000000,Withdrawal,17894.00,4,NULL,Success,Grocery,Mumbai,Maharashtra,0
226,4,2026-04-05,16:20:14.0000000,Transfer,11022.00,2,10,Success,Travel,Pune,Maharashtra,0
227,4,2026-07-08,07:06:40.0000000,Purchase,4150.00,8,NULL,Success,Restaurant,Bengaluru,Karnataka,0
228,4,2025-10-10,21:53:06.0000000,Deposit,17028.00,6,NULL,Success,Grocery,Delhi,Delhi,0
229,4,2026-01-12,12:39:32.0000000,Payment,10156.00,4,NULL,Success,Travel,Chennai,Tamil Nadu,0
230,4,2026-04-16,03:25:58.0000000,Withdrawal,3284.00,2,2,Success,Restaurant,Hyderabad,Telangana,0
231,4,2026-07-19,18:12:24.0000000,Transfer,16162.00,8,NULL,Success,Grocery,Coimbatore,Tamil Nadu,0
232,4,2025-10-21,08:58:50.0000000,Purchase,9290.00,6,NULL,Success,Travel,Mumbai,Maharashtra,0
233,4,2026-01-23,23:45:16.0000000,Deposit,2418.00,4,NULL,Success,Restaurant,Pune,Maharashtra,0
234,4,2026-04-27,14:31:42.0000000,Payment,15296.00,2,6,Success,Grocery,Bengaluru,Karnataka,0
235,4,2026-07-30,05:18:08.0000000,Withdrawal,8424.00,8,NULL,Success,Travel,Delhi,Delhi,0
236,4,2025-11-01,20:04:34.0000000,Transfer,1552.00,6,NULL,Success,Restaurant,Chennai,Tamil Nadu,0
237,4,2026-02-03,10:51:00.0000000,Purchase,14430.00,4,NULL,Success,Grocery,Hyderabad,Telangana,0
238,4,2026-05-08,01:37:26.0000000,Deposit,7558.00,2,10,Failed,Travel,Coimbatore,Tamil Nadu,0
239,4,2026-08-10,16:23:52.0000000,Payment,686.00,8,NULL,Success,Restaurant,Mumbai,Maharashtra,0
240,4,2025-11-12,07:10:18.0000000,Withdrawal,13564.00,6,NULL,Success,Grocery,Pune,Maharashtra,0
241,4,2026-02-14,21:56:44.0000000,Transfer,6692.00,4,NULL,Success,Travel,Bengaluru,Karnataka,0
242,4,2026-05-19,12:43:10.0000000,Purchase,19570.00,2,2,Success,Restaurant,Delhi,Delhi,0
243,4,2026-08-21,03:29:36.0000000,Deposit,12698.00,8,NULL,Success,Grocery,Chennai,Tamil Nadu,0
244,4,2025-11-23,18:16:02.0000000,Payment,5826.00,6,NULL,Success,Travel,Hyderabad,Telangana,0
245,4,2026-02-25,09:02:28.0000000,Withdrawal,18704.00,4,NULL,Success,Restaurant,Coimbatore,Tamil Nadu,0
246,4,2026-05-30,23:48:54.0000000,Transfer,11832.00,2,6,Success,Grocery,Mumbai,Maharashtra,0
247,4,2026-09-01,14:35:20.0000000,Purchase,4960.00,8,NULL,Success,Travel,Pune,Maharashtra,0
248,4,2025-12-04,05:21:46.0000000,Deposit,17838.00,6,NULL,Success,Restaurant,Bengaluru,Karnataka,0
249,4,2026-03-08,20:08:12.0000000,Payment,10966.00,4,NULL,Success,Grocery,Delhi,Delhi,0
250,4,2026-06-10,10:54:38.0000000,Withdrawal,4094.00,2,10,Success,Travel,Chennai,Tamil Nadu,0
251,4,2026-09-12,01:41:04.0000000,Transfer,16972.00,8,NULL,Success,Restaurant,Hyderabad,Telangana,0
252,4,2025-12-15,16:27:30.0000000,Purchase,10100.00,6,NULL,Success,Grocery,Coimbatore,Tamil Nadu,0
253,4,2026-03-19,07:13:56.0000000,Deposit,3228.00,4,NULL,Success,Travel,Mumbai,Maharashtra,0
254,4,2026-06-21,22:00:22.0000000,Payment,16106.00,2,2,Success,Restaurant,Pune,Maharashtra,0
255,4,2026-09-23,12:46:48.0000000,Withdrawal,9234.00,8,NULL,Success,Grocery,Bengaluru,Karnataka,0
256,4,2025-12-26,03:33:14.0000000,Transfer,2362.00,6,NULL,Success,Travel,Delhi,Delhi,0
257,5,2025-10-06,10:59:55.0000000,Transfer,935.00,5,NULL,Success,Healthcare,Pune,Maharashtra,0
258,5,2026-01-08,01:46:21.0000000,Purchase,13813.00,3,3,Success,Electronics,Bengaluru,Karnataka,0
259,5,2026-04-12,16:32:47.0000000,Deposit,6941.00,1,1,Success,Fuel,Delhi,Delhi,0
260,5,2026-07-15,07:19:13.0000000,Payment,75287.00,7,NULL,Success,Healthcare,Chennai,Tamil Nadu,0
261,5,2025-10-17,22:05:39.0000000,Withdrawal,12947.00,5,NULL,Success,Electronics,Hyderabad,Telangana,0
262,5,2026-01-19,12:52:05.0000000,Transfer,6075.00,3,7,Success,Fuel,Coimbatore,Tamil Nadu,0
263,5,2026-04-23,03:38:31.0000000,Purchase,18953.00,1,5,Success,Healthcare,Mumbai,Maharashtra,0
264,5,2026-07-26,18:24:57.0000000,Deposit,12081.00,7,NULL,Success,Electronics,Pune,Maharashtra,0
265,5,2025-10-28,09:11:23.0000000,Payment,5209.00,5,NULL,Success,Fuel,Bengaluru,Karnataka,0
266,5,2026-01-30,23:57:49.0000000,Withdrawal,18087.00,3,11,Success,Healthcare,Delhi,Delhi,0
267,5,2026-05-04,14:44:15.0000000,Transfer,11215.00,1,9,Success,Electronics,Chennai,Tamil Nadu,0
268,5,2026-08-06,05:30:41.0000000,Purchase,4343.00,7,NULL,Success,Fuel,Hyderabad,Telangana,0
269,5,2025-11-08,20:17:07.0000000,Deposit,17221.00,5,NULL,Success,Healthcare,Coimbatore,Tamil Nadu,0
270,5,2026-02-10,11:03:33.0000000,Payment,10349.00,3,3,Success,Electronics,Mumbai,Maharashtra,0
271,5,2026-05-15,01:49:59.0000000,Withdrawal,3477.00,1,1,Success,Fuel,Pune,Maharashtra,0
272,5,2026-08-17,16:36:25.0000000,Transfer,16355.00,7,NULL,Success,Healthcare,Bengaluru,Karnataka,0
273,5,2025-11-19,07:22:51.0000000,Purchase,9483.00,5,NULL,Success,Electronics,Delhi,Delhi,0
274,5,2026-02-21,22:09:17.0000000,Deposit,2611.00,3,7,Success,Fuel,Chennai,Tamil Nadu,0
275,5,2026-05-26,12:55:43.0000000,Payment,15489.00,1,5,Success,Healthcare,Hyderabad,Telangana,0
276,5,2026-08-28,03:42:09.0000000,Withdrawal,8617.00,7,NULL,Success,Electronics,Coimbatore,Tamil Nadu,0
277,5,2025-11-30,18:28:35.0000000,Transfer,1745.00,5,NULL,Failed,Fuel,Mumbai,Maharashtra,0
278,5,2026-03-04,09:15:01.0000000,Purchase,14623.00,3,11,Success,Healthcare,Pune,Maharashtra,0
279,5,2026-06-06,00:01:27.0000000,Deposit,7751.00,1,9,Success,Electronics,Bengaluru,Karnataka,0
280,5,2026-09-08,14:47:53.0000000,Payment,879.00,7,NULL,Success,Fuel,Delhi,Delhi,0
281,5,2025-12-11,05:34:19.0000000,Withdrawal,13757.00,5,NULL,Success,Healthcare,Chennai,Tamil Nadu,0
282,5,2026-03-15,20:20:45.0000000,Transfer,6885.00,3,3,Success,Electronics,Hyderabad,Telangana,0
283,5,2026-06-17,11:07:11.0000000,Purchase,19763.00,1,1,Success,Fuel,Coimbatore,Tamil Nadu,0
284,5,2026-09-19,01:53:37.0000000,Deposit,12891.00,7,NULL,Success,Healthcare,Mumbai,Maharashtra,0
285,5,2025-12-22,16:40:03.0000000,Payment,6019.00,5,NULL,Success,Electronics,Pune,Maharashtra,0
286,5,2026-03-26,07:26:29.0000000,Withdrawal,18897.00,3,7,Success,Fuel,Bengaluru,Karnataka,0
287,5,2026-06-28,22:12:55.0000000,Transfer,12025.00,1,5,Success,Healthcare,Delhi,Delhi,1
288,5,2026-09-30,12:59:21.0000000,Purchase,5153.00,7,NULL,Success,Electronics,Chennai,Tamil Nadu,0
289,5,2026-01-02,03:45:47.0000000,Deposit,18031.00,5,NULL,Success,Fuel,Hyderabad,Telangana,0
290,5,2026-04-06,18:32:13.0000000,Payment,11159.00,3,11,Success,Healthcare,Coimbatore,Tamil Nadu,0
291,5,2026-07-09,09:18:39.0000000,Withdrawal,153201.00,1,9,Success,Electronics,Mumbai,Maharashtra,0
292,5,2025-10-11,00:05:05.0000000,Transfer,17165.00,7,NULL,Success,Fuel,Pune,Maharashtra,0
293,5,2026-01-13,14:51:31.0000000,Purchase,10293.00,5,NULL,Success,Healthcare,Bengaluru,Karnataka,0
294,5,2026-04-17,05:37:57.0000000,Deposit,3421.00,3,3,Success,Electronics,Delhi,Delhi,0
295,5,2026-07-20,20:24:23.0000000,Payment,16299.00,1,1,Success,Fuel,Chennai,Tamil Nadu,0
296,5,2025-10-22,11:10:49.0000000,Withdrawal,9427.00,7,NULL,Success,Healthcare,Hyderabad,Telangana,0
297,5,2026-01-24,01:57:15.0000000,Transfer,2555.00,5,NULL,Success,Electronics,Coimbatore,Tamil Nadu,0
298,5,2026-04-28,16:43:41.0000000,Purchase,15433.00,3,7,Success,Fuel,Mumbai,Maharashtra,0
299,5,2026-07-31,07:30:07.0000000,Deposit,8561.00,1,5,Success,Healthcare,Pune,Maharashtra,0
300,5,2025-11-02,22:16:33.0000000,Payment,1689.00,7,NULL,Reversed,Electronics,Bengaluru,Karnataka,0
301,5,2026-02-04,13:02:59.0000000,Withdrawal,79141.00,5,NULL,Success,Fuel,Delhi,Delhi,0
302,5,2026-05-09,03:49:25.0000000,Transfer,7695.00,3,11,Success,Healthcare,Chennai,Tamil Nadu,0
303,5,2026-08-11,18:35:51.0000000,Purchase,823.00,1,9,Success,Electronics,Hyderabad,Telangana,0
304,5,2025-11-13,09:22:17.0000000,Deposit,13701.00,7,NULL,Success,Fuel,Coimbatore,Tamil Nadu,0
305,5,2026-02-15,00:08:43.0000000,Payment,6829.00,5,NULL,Success,Healthcare,Mumbai,Maharashtra,0
306,5,2026-05-20,14:55:09.0000000,Withdrawal,19707.00,3,3,Failed,Electronics,Pune,Maharashtra,0
307,5,2026-08-22,05:41:35.0000000,Transfer,12835.00,1,1,Success,Fuel,Bengaluru,Karnataka,0
308,5,2025-11-24,20:28:01.0000000,Purchase,5963.00,7,NULL,Success,Healthcare,Delhi,Delhi,0
309,5,2026-02-26,11:14:27.0000000,Deposit,18841.00,5,NULL,Success,Electronics,Chennai,Tamil Nadu,0
310,5,2026-05-31,02:00:53.0000000,Payment,11969.00,3,7,Success,Fuel,Hyderabad,Telangana,0
311,5,2026-09-02,16:47:19.0000000,Withdrawal,5097.00,1,5,Success,Healthcare,Coimbatore,Tamil Nadu,0
312,5,2025-12-05,07:33:45.0000000,Transfer,17975.00,7,NULL,Success,Electronics,Mumbai,Maharashtra,0
313,5,2026-03-09,22:20:11.0000000,Purchase,11103.00,5,NULL,Success,Fuel,Pune,Maharashtra,0
314,5,2026-06-11,13:06:37.0000000,Deposit,4231.00,3,11,Success,Healthcare,Bengaluru,Karnataka,0
315,5,2026-09-13,03:53:03.0000000,Payment,17109.00,1,9,Success,Electronics,Delhi,Delhi,0
316,5,2025-12-16,18:39:29.0000000,Withdrawal,10237.00,7,NULL,Success,Fuel,Chennai,Tamil Nadu,0
317,5,2026-03-20,09:25:55.0000000,Transfer,3365.00,5,NULL,Success,Healthcare,Hyderabad,Telangana,0
318,5,2026-06-22,00:12:21.0000000,Purchase,16243.00,3,3,Success,Electronics,Coimbatore,Tamil Nadu,0
319,5,2026-09-24,14:58:47.0000000,Deposit,9371.00,1,1,Success,Fuel,Mumbai,Maharashtra,0
320,5,2025-12-27,05:45:13.0000000,Payment,2499.00,7,NULL,Success,Healthcare,Pune,Maharashtra,0
321,6,2025-10-07,13:11:54.0000000,Transfer,1072.00,6,NULL,Success,Grocery,Coimbatore,Tamil Nadu,0
322,6,2026-01-09,03:58:20.0000000,Purchase,13950.00,4,NULL,Success,Travel,Mumbai,Maharashtra,0
323,6,2026-04-13,18:44:46.0000000,Deposit,150194.00,2,2,Success,Restaurant,Pune,Maharashtra,0
324,6,2026-07-16,09:31:12.0000000,Payment,19956.00,8,NULL,Success,Grocery,Bengaluru,Karnataka,0
325,6,2025-10-18,00:17:38.0000000,Withdrawal,13084.00,6,NULL,Success,Travel,Delhi,Delhi,0
326,6,2026-01-20,15:04:04.0000000,Transfer,6212.00,4,NULL,Success,Restaurant,Chennai,Tamil Nadu,0
327,6,2026-04-24,05:50:30.0000000,Purchase,19090.00,2,6,Success,Grocery,Hyderabad,Telangana,0
328,6,2026-07-27,20:36:56.0000000,Deposit,12218.00,8,NULL,Success,Travel,Coimbatore,Tamil Nadu,0
329,6,2025-10-29,11:23:22.0000000,Payment,5346.00,6,NULL,Success,Restaurant,Mumbai,Maharashtra,0
330,6,2026-01-31,02:09:48.0000000,Withdrawal,18224.00,4,NULL,Reversed,Grocery,Pune,Maharashtra,0
331,6,2026-05-05,16:56:14.0000000,Transfer,11352.00,2,10,Success,Travel,Bengaluru,Karnataka,0
332,6,2026-08-07,07:42:40.0000000,Purchase,4480.00,8,NULL,Success,Restaurant,Delhi,Delhi,0
333,6,2025-11-09,22:29:06.0000000,Deposit,17358.00,6,NULL,Success,Grocery,Chennai,Tamil Nadu,0
334,6,2026-02-11,13:15:32.0000000,Payment,10486.00,4,NULL,Success,Travel,Hyderabad,Telangana,0
335,6,2026-05-16,04:01:58.0000000,Withdrawal,3614.00,2,2,Success,Restaurant,Coimbatore,Tamil Nadu,0
336,6,2026-08-18,18:48:24.0000000,Transfer,16492.00,8,NULL,Success,Grocery,Mumbai,Maharashtra,0
337,6,2025-11-20,09:34:50.0000000,Purchase,9620.00,6,NULL,Success,Travel,Pune,Maharashtra,0
338,6,2026-02-22,00:21:16.0000000,Deposit,2748.00,4,NULL,Success,Restaurant,Bengaluru,Karnataka,0
339,6,2026-05-27,15:07:42.0000000,Payment,15626.00,2,6,Success,Grocery,Delhi,Delhi,0
340,6,2026-08-29,05:54:08.0000000,Withdrawal,8754.00,8,NULL,Success,Travel,Chennai,Tamil Nadu,0
341,6,2025-12-01,20:40:34.0000000,Transfer,76886.00,6,NULL,Success,Restaurant,Hyderabad,Telangana,0
342,6,2026-03-05,11:27:00.0000000,Purchase,14760.00,4,NULL,Success,Grocery,Coimbatore,Tamil Nadu,0
343,6,2026-06-07,02:13:26.0000000,Deposit,7888.00,2,10,Success,Travel,Mumbai,Maharashtra,0
344,6,2026-09-09,16:59:52.0000000,Payment,1016.00,8,NULL,Success,Restaurant,Pune,Maharashtra,0
345,6,2025-12-12,07:46:18.0000000,Withdrawal,13894.00,6,NULL,Failed,Grocery,Bengaluru,Karnataka,0
346,6,2026-03-16,22:32:44.0000000,Transfer,7022.00,4,NULL,Success,Travel,Delhi,Delhi,0
347,6,2026-06-18,13:19:10.0000000,Purchase,19900.00,2,2,Success,Restaurant,Chennai,Tamil Nadu,0
348,6,2026-09-20,04:05:36.0000000,Deposit,13028.00,8,NULL,Pending,Grocery,Hyderabad,Telangana,0
349,6,2025-12-23,18:52:02.0000000,Payment,6156.00,6,NULL,Success,Travel,Coimbatore,Tamil Nadu,0
350,6,2026-03-27,09:38:28.0000000,Withdrawal,19034.00,4,NULL,Success,Restaurant,Mumbai,Maharashtra,0
351,6,2026-06-29,00:24:54.0000000,Transfer,12162.00,2,6,Success,Grocery,Pune,Maharashtra,0
352,6,2025-10-01,15:11:20.0000000,Purchase,5290.00,8,NULL,Success,Travel,Bengaluru,Karnataka,0
353,6,2026-01-03,05:57:46.0000000,Deposit,18168.00,6,NULL,Success,Restaurant,Delhi,Delhi,0
354,6,2026-04-07,20:44:12.0000000,Payment,11296.00,4,NULL,Success,Grocery,Chennai,Tamil Nadu,0
355,6,2026-07-10,11:30:38.0000000,Withdrawal,4424.00,2,10,Success,Travel,Hyderabad,Telangana,0
356,6,2025-10-12,02:17:04.0000000,Transfer,17302.00,8,NULL,Success,Restaurant,Coimbatore,Tamil Nadu,0
357,6,2026-01-14,17:03:30.0000000,Purchase,10430.00,6,NULL,Success,Grocery,Mumbai,Maharashtra,1
358,6,2026-04-18,07:49:56.0000000,Deposit,3558.00,4,NULL,Success,Travel,Pune,Maharashtra,0
359,6,2026-07-21,22:36:22.0000000,Payment,16436.00,2,2,Success,Restaurant,Bengaluru,Karnataka,0
360,6,2025-10-23,13:22:48.0000000,Withdrawal,9564.00,8,NULL,Success,Grocery,Delhi,Delhi,0
361,6,2026-01-25,04:09:14.0000000,Transfer,2692.00,6,NULL,Success,Travel,Chennai,Tamil Nadu,0
362,6,2026-04-29,18:55:40.0000000,Purchase,15570.00,4,NULL,Success,Restaurant,Hyderabad,Telangana,0
363,6,2026-08-01,09:42:06.0000000,Deposit,8698.00,2,6,Success,Grocery,Coimbatore,Tamil Nadu,0
364,6,2025-11-03,00:28:32.0000000,Payment,1826.00,8,NULL,Success,Travel,Mumbai,Maharashtra,0
365,6,2026-02-05,15:14:58.0000000,Withdrawal,14704.00,6,NULL,Success,Restaurant,Pune,Maharashtra,0
366,6,2026-05-10,06:01:24.0000000,Transfer,7832.00,4,NULL,Success,Grocery,Bengaluru,Karnataka,0
367,6,2026-08-12,20:47:50.0000000,Purchase,960.00,2,10,Success,Travel,Delhi,Delhi,0
368,6,2025-11-14,11:34:16.0000000,Deposit,13838.00,8,NULL,Success,Restaurant,Chennai,Tamil Nadu,0
369,6,2026-02-16,02:20:42.0000000,Payment,6966.00,6,NULL,Success,Grocery,Hyderabad,Telangana,0
370,6,2026-05-21,17:07:08.0000000,Withdrawal,19844.00,4,NULL,Success,Travel,Coimbatore,Tamil Nadu,0
371,6,2026-08-23,07:53:34.0000000,Transfer,12972.00,2,2,Success,Restaurant,Mumbai,Maharashtra,0
372,6,2025-11-25,22:40:00.0000000,Purchase,6100.00,8,NULL,Success,Grocery,Pune,Maharashtra,0
373,6,2026-02-27,13:26:26.0000000,Deposit,18978.00,6,NULL,Success,Travel,Bengaluru,Karnataka,0
374,6,2026-06-01,04:12:52.0000000,Payment,12106.00,4,NULL,Failed,Restaurant,Delhi,Delhi,0
375,6,2026-09-03,18:59:18.0000000,Withdrawal,5234.00,2,6,Success,Grocery,Chennai,Tamil Nadu,0
376,6,2025-12-06,09:45:44.0000000,Transfer,18112.00,8,NULL,Success,Travel,Hyderabad,Telangana,0
377,6,2026-03-10,00:32:10.0000000,Purchase,11240.00,6,NULL,Success,Restaurant,Coimbatore,Tamil Nadu,0
378,6,2026-06-12,15:18:36.0000000,Deposit,4368.00,4,NULL,Success,Grocery,Mumbai,Maharashtra,0
379,6,2026-09-14,06:05:02.0000000,Payment,17246.00,2,10,Success,Travel,Pune,Maharashtra,0
380,6,2025-12-17,20:51:28.0000000,Withdrawal,10374.00,8,NULL,Success,Restaurant,Bengaluru,Karnataka,0
381,6,2026-03-21,11:37:54.0000000,Transfer,3502.00,6,NULL,Success,Grocery,Delhi,Delhi,0
382,6,2026-06-23,02:24:20.0000000,Purchase,80740.00,4,NULL,Success,Travel,Chennai,Tamil Nadu,0
383,6,2026-09-25,17:10:46.0000000,Deposit,9508.00,2,2,Success,Restaurant,Hyderabad,Telangana,0
384,6,2025-12-28,07:57:12.0000000,Payment,2636.00,8,NULL,Success,Grocery,Coimbatore,Tamil Nadu,0
385,7,2025-10-08,15:23:53.0000000,Payment,1209.00,7,NULL,Success,Fuel,Chennai,Tamil Nadu,0
386,7,2026-01-10,06:10:19.0000000,Withdrawal,14087.00,5,NULL,Success,Healthcare,Hyderabad,Telangana,0
387,7,2026-04-14,20:56:45.0000000,Transfer,7215.00,3,3,Success,Electronics,Coimbatore,Tamil Nadu,0
388,7,2026-07-17,11:43:11.0000000,Purchase,343.00,1,1,Success,Fuel,Mumbai,Maharashtra,0
389,7,2025-10-19,02:29:37.0000000,Deposit,13221.00,7,NULL,Success,Healthcare,Pune,Maharashtra,0
390,7,2026-01-21,17:16:03.0000000,Payment,6349.00,5,NULL,Pending,Electronics,Bengaluru,Karnataka,0
391,7,2026-04-25,08:02:29.0000000,Withdrawal,19227.00,3,7,Success,Fuel,Delhi,Delhi,0
392,7,2026-07-28,22:48:55.0000000,Transfer,12355.00,1,5,Success,Healthcare,Chennai,Tamil Nadu,0
393,7,2025-10-30,13:35:21.0000000,Purchase,5483.00,7,NULL,Success,Electronics,Hyderabad,Telangana,0
394,7,2026-02-01,04:21:47.0000000,Deposit,18361.00,5,NULL,Success,Fuel,Coimbatore,Tamil Nadu,0
395,7,2026-05-06,19:08:13.0000000,Payment,11489.00,3,11,Success,Healthcare,Mumbai,Maharashtra,0
396,7,2026-08-08,09:54:39.0000000,Withdrawal,4617.00,1,9,Success,Electronics,Pune,Maharashtra,0
397,7,2025-11-10,00:41:05.0000000,Transfer,17495.00,7,NULL,Success,Fuel,Bengaluru,Karnataka,0
398,7,2026-02-12,15:27:31.0000000,Purchase,10623.00,5,NULL,Success,Healthcare,Delhi,Delhi,0
399,7,2026-05-17,06:13:57.0000000,Deposit,3751.00,3,3,Success,Electronics,Chennai,Tamil Nadu,0
400,7,2026-08-19,21:00:23.0000000,Payment,16629.00,1,1,Success,Fuel,Hyderabad,Telangana,0
401,7,2025-11-21,11:46:49.0000000,Withdrawal,9757.00,7,NULL,Success,Healthcare,Coimbatore,Tamil Nadu,0
402,7,2026-02-23,02:33:15.0000000,Transfer,2885.00,5,NULL,Success,Electronics,Mumbai,Maharashtra,0
403,7,2026-05-28,17:19:41.0000000,Purchase,15763.00,3,7,Success,Fuel,Pune,Maharashtra,0
404,7,2026-08-30,08:06:07.0000000,Deposit,8891.00,1,5,Success,Healthcare,Bengaluru,Karnataka,0
405,7,2025-12-02,22:52:33.0000000,Payment,2019.00,7,NULL,Success,Electronics,Delhi,Delhi,0
406,7,2026-03-06,13:38:59.0000000,Withdrawal,14897.00,5,NULL,Success,Fuel,Chennai,Tamil Nadu,0
407,7,2026-06-08,04:25:25.0000000,Transfer,8025.00,3,11,Success,Healthcare,Hyderabad,Telangana,0
408,7,2026-09-10,19:11:51.0000000,Purchase,1153.00,1,9,Success,Electronics,Coimbatore,Tamil Nadu,0
409,7,2025-12-13,09:58:17.0000000,Deposit,14031.00,7,NULL,Success,Fuel,Mumbai,Maharashtra,0
410,7,2026-03-17,00:44:43.0000000,Payment,7159.00,5,NULL,Success,Healthcare,Pune,Maharashtra,0
411,7,2026-06-19,15:31:09.0000000,Withdrawal,287.00,3,3,Success,Electronics,Bengaluru,Karnataka,0
412,7,2026-09-21,06:17:35.0000000,Transfer,13165.00,1,1,Success,Fuel,Delhi,Delhi,0
413,7,2025-12-24,21:04:01.0000000,Purchase,6293.00,7,NULL,Failed,Healthcare,Chennai,Tamil Nadu,0
414,7,2026-03-28,11:50:27.0000000,Deposit,19171.00,5,NULL,Success,Electronics,Hyderabad,Telangana,0
415,7,2026-06-30,02:36:53.0000000,Payment,12299.00,3,7,Success,Fuel,Coimbatore,Tamil Nadu,0
416,7,2025-10-02,17:23:19.0000000,Withdrawal,5427.00,1,5,Success,Healthcare,Mumbai,Maharashtra,0
417,7,2026-01-04,08:09:45.0000000,Transfer,18305.00,7,NULL,Success,Electronics,Pune,Maharashtra,0
418,7,2026-04-08,22:56:11.0000000,Purchase,11433.00,5,NULL,Success,Fuel,Bengaluru,Karnataka,0
419,7,2026-07-11,13:42:37.0000000,Deposit,4561.00,3,11,Success,Healthcare,Delhi,Delhi,0
420,7,2025-10-13,04:29:03.0000000,Payment,17439.00,1,9,Success,Electronics,Chennai,Tamil Nadu,0
421,7,2026-01-15,19:15:29.0000000,Withdrawal,10567.00,7,NULL,Success,Fuel,Hyderabad,Telangana,0
422,7,2026-04-19,10:01:55.0000000,Transfer,78485.00,5,NULL,Success,Healthcare,Coimbatore,Tamil Nadu,0
423,7,2026-07-22,00:48:21.0000000,Purchase,16573.00,3,3,Success,Electronics,Mumbai,Maharashtra,0
424,7,2025-10-24,15:34:47.0000000,Deposit,9701.00,1,1,Success,Fuel,Pune,Maharashtra,0
425,7,2026-01-26,06:21:13.0000000,Payment,2829.00,7,NULL,Success,Healthcare,Bengaluru,Karnataka,0
426,7,2026-04-30,21:07:39.0000000,Withdrawal,15707.00,5,NULL,Success,Electronics,Delhi,Delhi,0
427,7,2026-08-02,11:54:05.0000000,Transfer,8835.00,3,7,Success,Fuel,Chennai,Tamil Nadu,1
428,7,2025-11-04,02:40:31.0000000,Purchase,1963.00,1,5,Success,Healthcare,Hyderabad,Telangana,0
429,7,2026-02-06,17:26:57.0000000,Deposit,14841.00,7,NULL,Success,Electronics,Coimbatore,Tamil Nadu,0
430,7,2026-05-11,08:13:23.0000000,Payment,7969.00,5,NULL,Success,Fuel,Mumbai,Maharashtra,0
431,7,2026-08-13,22:59:49.0000000,Withdrawal,1097.00,3,11,Reversed,Healthcare,Pune,Maharashtra,0
432,7,2025-11-15,13:46:15.0000000,Transfer,13975.00,1,9,Success,Electronics,Bengaluru,Karnataka,0
433,7,2026-02-17,04:32:41.0000000,Purchase,7103.00,7,NULL,Success,Fuel,Delhi,Delhi,0
434,7,2026-05-22,19:19:07.0000000,Deposit,19981.00,5,NULL,Success,Healthcare,Chennai,Tamil Nadu,0
435,7,2026-08-24,10:05:33.0000000,Payment,13109.00,3,3,Success,Electronics,Hyderabad,Telangana,0
436,7,2025-11-26,00:51:59.0000000,Withdrawal,6237.00,1,1,Success,Fuel,Coimbatore,Tamil Nadu,0
437,7,2026-02-28,15:38:25.0000000,Transfer,19115.00,7,NULL,Success,Healthcare,Mumbai,Maharashtra,0
438,7,2026-06-02,06:24:51.0000000,Purchase,12243.00,5,NULL,Success,Electronics,Pune,Maharashtra,0
439,7,2026-09-04,21:11:17.0000000,Deposit,5371.00,3,7,Success,Fuel,Bengaluru,Karnataka,0
440,7,2025-12-07,11:57:43.0000000,Payment,18249.00,1,5,Success,Healthcare,Delhi,Delhi,0
441,7,2026-03-11,02:44:09.0000000,Withdrawal,11377.00,7,NULL,Success,Electronics,Chennai,Tamil Nadu,0
442,7,2026-06-13,17:30:35.0000000,Transfer,4505.00,5,NULL,Failed,Fuel,Hyderabad,Telangana,0
443,7,2026-09-15,08:17:01.0000000,Purchase,17383.00,3,11,Pending,Healthcare,Coimbatore,Tamil Nadu,0
444,7,2025-12-18,23:03:27.0000000,Deposit,10511.00,1,9,Success,Electronics,Mumbai,Maharashtra,0
445,7,2026-03-22,13:49:53.0000000,Payment,3639.00,7,NULL,Success,Fuel,Pune,Maharashtra,0
446,7,2026-06-24,04:36:19.0000000,Withdrawal,16517.00,5,NULL,Success,Healthcare,Bengaluru,Karnataka,0
447,7,2026-09-26,19:22:45.0000000,Transfer,9645.00,3,3,Success,Electronics,Delhi,Delhi,0
448,7,2025-12-29,10:09:11.0000000,Purchase,2773.00,1,1,Success,Fuel,Chennai,Tamil Nadu,0
449,8,2025-10-09,17:35:52.0000000,Payment,1346.00,8,NULL,Success,Restaurant,Bengaluru,Karnataka,0
450,8,2026-01-11,08:22:18.0000000,Withdrawal,14224.00,6,NULL,Success,Grocery,Delhi,Delhi,0
451,8,2026-04-15,23:08:44.0000000,Transfer,7352.00,4,NULL,Success,Travel,Chennai,Tamil Nadu,0
452,8,2026-07-18,13:55:10.0000000,Purchase,480.00,2,2,Failed,Restaurant,Hyderabad,Telangana,0
453,8,2025-10-20,04:41:36.0000000,Deposit,13358.00,8,NULL,Success,Grocery,Coimbatore,Tamil Nadu,0
454,8,2026-01-22,19:28:02.0000000,Payment,6486.00,6,NULL,Success,Travel,Mumbai,Maharashtra,0
455,8,2026-04-26,10:14:28.0000000,Withdrawal,19364.00,4,NULL,Success,Restaurant,Pune,Maharashtra,0
456,8,2026-07-29,01:00:54.0000000,Transfer,12492.00,2,6,Success,Grocery,Bengaluru,Karnataka,0
457,8,2025-10-31,15:47:20.0000000,Purchase,5620.00,8,NULL,Success,Travel,Delhi,Delhi,0
458,8,2026-02-02,06:33:46.0000000,Deposit,18498.00,6,NULL,Success,Restaurant,Chennai,Tamil Nadu,0
459,8,2026-05-07,21:20:12.0000000,Payment,11626.00,4,NULL,Success,Grocery,Hyderabad,Telangana,0
460,8,2026-08-09,12:06:38.0000000,Withdrawal,4754.00,2,10,Success,Travel,Coimbatore,Tamil Nadu,0
461,8,2025-11-11,02:53:04.0000000,Transfer,17632.00,8,NULL,Reversed,Restaurant,Mumbai,Maharashtra,0
462,8,2026-02-13,17:39:30.0000000,Purchase,76230.00,6,NULL,Success,Grocery,Pune,Maharashtra,0
463,8,2026-05-18,08:25:56.0000000,Deposit,3888.00,4,NULL,Success,Travel,Bengaluru,Karnataka,0
464,8,2026-08-20,23:12:22.0000000,Payment,16766.00,2,2,Success,Restaurant,Delhi,Delhi,0
465,8,2025-11-22,13:58:48.0000000,Withdrawal,9894.00,8,NULL,Success,Grocery,Chennai,Tamil Nadu,0
466,8,2026-02-24,04:45:14.0000000,Transfer,3022.00,6,NULL,Success,Travel,Hyderabad,Telangana,0
467,8,2026-05-29,19:31:40.0000000,Purchase,15900.00,4,NULL,Success,Restaurant,Coimbatore,Tamil Nadu,0
468,8,2026-08-31,10:18:06.0000000,Deposit,9028.00,2,6,Success,Grocery,Mumbai,Maharashtra,0
469,8,2025-12-03,01:04:32.0000000,Payment,2156.00,8,NULL,Success,Travel,Pune,Maharashtra,0
470,8,2026-03-07,15:50:58.0000000,Withdrawal,15034.00,6,NULL,Success,Restaurant,Bengaluru,Karnataka,0
471,8,2026-06-09,06:37:24.0000000,Transfer,8162.00,4,NULL,Success,Grocery,Delhi,Delhi,0
472,8,2026-09-11,21:23:50.0000000,Purchase,1290.00,2,10,Success,Travel,Chennai,Tamil Nadu,0
473,8,2025-12-14,12:10:16.0000000,Deposit,14168.00,8,NULL,Success,Restaurant,Hyderabad,Telangana,0
474,8,2026-03-18,02:56:42.0000000,Payment,7296.00,6,NULL,Success,Grocery,Coimbatore,Tamil Nadu,0
475,8,2026-06-20,17:43:08.0000000,Withdrawal,424.00,4,NULL,Success,Travel,Mumbai,Maharashtra,0
476,8,2026-09-22,08:29:34.0000000,Transfer,13302.00,2,2,Success,Restaurant,Pune,Maharashtra,0
477,8,2025-12-25,23:16:00.0000000,Purchase,6430.00,8,NULL,Success,Grocery,Bengaluru,Karnataka,0
478,8,2026-03-29,14:02:26.0000000,Deposit,19308.00,6,NULL,Success,Travel,Delhi,Delhi,0
479,8,2026-07-01,04:48:52.0000000,Payment,12436.00,4,NULL,Success,Restaurant,Chennai,Tamil Nadu,0
480,8,2025-10-03,19:35:18.0000000,Withdrawal,5564.00,2,6,Success,Grocery,Hyderabad,Telangana,0
481,8,2026-01-05,10:21:44.0000000,Transfer,18442.00,8,NULL,Failed,Travel,Coimbatore,Tamil Nadu,0
482,8,2026-04-09,01:08:10.0000000,Purchase,11570.00,6,NULL,Success,Restaurant,Mumbai,Maharashtra,0
483,8,2026-07-12,15:54:36.0000000,Deposit,4698.00,4,NULL,Success,Grocery,Pune,Maharashtra,0
484,8,2025-10-14,06:41:02.0000000,Payment,153298.00,2,10,Success,Travel,Bengaluru,Karnataka,0
485,8,2026-01-16,21:27:28.0000000,Withdrawal,10704.00,8,NULL,Pending,Restaurant,Delhi,Delhi,0
486,8,2026-04-20,12:13:54.0000000,Transfer,3832.00,6,NULL,Success,Grocery,Chennai,Tamil Nadu,0
487,8,2026-07-23,03:00:20.0000000,Purchase,16710.00,4,NULL,Success,Travel,Hyderabad,Telangana,0
488,8,2025-10-25,17:46:46.0000000,Deposit,9838.00,2,2,Success,Restaurant,Coimbatore,Tamil Nadu,0
489,8,2026-01-27,08:33:12.0000000,Payment,2966.00,8,NULL,Success,Grocery,Mumbai,Maharashtra,0
490,8,2026-05-01,23:19:38.0000000,Withdrawal,15844.00,6,NULL,Success,Travel,Pune,Maharashtra,0
491,8,2026-08-03,14:06:04.0000000,Transfer,8972.00,4,NULL,Success,Restaurant,Bengaluru,Karnataka,0
492,8,2025-11-05,04:52:30.0000000,Purchase,2100.00,2,6,Success,Grocery,Delhi,Delhi,0
493,8,2026-02-07,19:38:56.0000000,Deposit,14978.00,8,NULL,Success,Travel,Chennai,Tamil Nadu,0
494,8,2026-05-12,10:25:22.0000000,Payment,8106.00,6,NULL,Success,Restaurant,Hyderabad,Telangana,0
495,8,2026-08-14,01:11:48.0000000,Withdrawal,1234.00,4,NULL,Success,Grocery,Coimbatore,Tamil Nadu,0
496,8,2025-11-16,15:58:14.0000000,Transfer,14112.00,2,10,Success,Travel,Mumbai,Maharashtra,0
497,8,2026-02-18,06:44:40.0000000,Purchase,7240.00,8,NULL,Success,Restaurant,Pune,Maharashtra,1
498,8,2026-05-23,21:31:06.0000000,Deposit,368.00,6,NULL,Success,Grocery,Bengaluru,Karnataka,0
499,8,2026-08-25,12:17:32.0000000,Payment,13246.00,4,NULL,Success,Travel,Delhi,Delhi,0
500,8,2025-11-27,03:03:58.0000000,Withdrawal,6374.00,2,2,Success,Restaurant,Chennai,Tamil Nadu,0
501,8,2026-03-01,17:50:24.0000000,Transfer,19252.00,8,NULL,Success,Grocery,Hyderabad,Telangana,0
502,8,2026-06-03,08:36:50.0000000,Purchase,12380.00,6,NULL,Success,Travel,Coimbatore,Tamil Nadu,0
503,8,2026-09-05,23:23:16.0000000,Deposit,80084.00,4,NULL,Success,Restaurant,Mumbai,Maharashtra,0
504,8,2025-12-08,14:09:42.0000000,Payment,18386.00,2,6,Success,Grocery,Pune,Maharashtra,0
505,8,2026-03-12,04:56:08.0000000,Withdrawal,11514.00,8,NULL,Success,Travel,Bengaluru,Karnataka,0
506,8,2026-06-14,19:42:34.0000000,Transfer,4642.00,6,NULL,Success,Restaurant,Delhi,Delhi,0
507,8,2026-09-16,10:29:00.0000000,Purchase,17520.00,4,NULL,Success,Grocery,Chennai,Tamil Nadu,0
508,8,2025-12-19,01:15:26.0000000,Deposit,10648.00,2,10,Success,Travel,Hyderabad,Telangana,0
509,8,2026-03-23,16:01:52.0000000,Payment,3776.00,8,NULL,Success,Restaurant,Coimbatore,Tamil Nadu,0
510,8,2026-06-25,06:48:18.0000000,Withdrawal,16654.00,6,NULL,Failed,Grocery,Mumbai,Maharashtra,0
511,8,2026-09-27,21:34:44.0000000,Transfer,9782.00,4,NULL,Success,Travel,Pune,Maharashtra,0
512,8,2025-12-30,12:21:10.0000000,Purchase,2910.00,2,2,Success,Restaurant,Bengaluru,Karnataka,0
513,9,2025-10-10,19:47:51.0000000,Purchase,1483.00,1,9,Success,Electronics,Mumbai,Maharashtra,0
514,9,2026-01-12,10:34:17.0000000,Deposit,14361.00,7,NULL,Success,Fuel,Pune,Maharashtra,0
515,9,2026-04-16,01:20:43.0000000,Payment,7489.00,5,NULL,Success,Healthcare,Bengaluru,Karnataka,0
516,9,2026-07-19,16:07:09.0000000,Withdrawal,150291.00,3,3,Success,Electronics,Delhi,Delhi,0
517,9,2025-10-21,06:53:35.0000000,Transfer,13495.00,1,1,Success,Fuel,Chennai,Tamil Nadu,0
518,9,2026-01-23,21:40:01.0000000,Purchase,6623.00,7,NULL,Success,Healthcare,Hyderabad,Telangana,0
519,9,2026-04-27,12:26:27.0000000,Deposit,19501.00,5,NULL,Success,Electronics,Coimbatore,Tamil Nadu,0
520,9,2026-07-30,03:12:53.0000000,Payment,12629.00,3,7,Failed,Fuel,Mumbai,Maharashtra,0
521,9,2025-11-01,17:59:19.0000000,Withdrawal,5757.00,1,5,Success,Healthcare,Pune,Maharashtra,0
522,9,2026-02-03,08:45:45.0000000,Transfer,18635.00,7,NULL,Success,Electronics,Bengaluru,Karnataka,0
523,9,2026-05-08,23:32:11.0000000,Purchase,11763.00,5,NULL,Success,Fuel,Delhi,Delhi,0
524,9,2026-08-10,14:18:37.0000000,Deposit,4891.00,3,11,Success,Healthcare,Chennai,Tamil Nadu,0
525,9,2025-11-12,05:05:03.0000000,Payment,17769.00,1,9,Success,Electronics,Hyderabad,Telangana,0
526,9,2026-02-14,19:51:29.0000000,Withdrawal,10897.00,7,NULL,Success,Fuel,Coimbatore,Tamil Nadu,0
527,9,2026-05-19,10:37:55.0000000,Transfer,4025.00,5,NULL,Pending,Healthcare,Mumbai,Maharashtra,0
528,9,2026-08-21,01:24:21.0000000,Purchase,16903.00,3,3,Success,Electronics,Pune,Maharashtra,0
529,9,2025-11-23,16:10:47.0000000,Deposit,10031.00,1,1,Success,Fuel,Bengaluru,Karnataka,0
530,9,2026-02-25,06:57:13.0000000,Payment,3159.00,7,NULL,Success,Healthcare,Delhi,Delhi,0
531,9,2026-05-30,21:43:39.0000000,Withdrawal,16037.00,5,NULL,Success,Electronics,Chennai,Tamil Nadu,0
532,9,2026-09-01,12:30:05.0000000,Transfer,9165.00,3,7,Success,Fuel,Hyderabad,Telangana,0
533,9,2025-12-04,03:16:31.0000000,Purchase,2293.00,1,5,Success,Healthcare,Coimbatore,Tamil Nadu,0
534,9,2026-03-08,18:02:57.0000000,Deposit,15171.00,7,NULL,Success,Electronics,Mumbai,Maharashtra,0
535,9,2026-06-10,08:49:23.0000000,Payment,8299.00,5,NULL,Success,Fuel,Pune,Maharashtra,0
536,9,2026-09-12,23:35:49.0000000,Withdrawal,1427.00,3,11,Success,Healthcare,Bengaluru,Karnataka,0
537,9,2025-12-15,14:22:15.0000000,Transfer,14305.00,1,9,Success,Electronics,Delhi,Delhi,0
538,9,2026-03-19,05:08:41.0000000,Purchase,7433.00,7,NULL,Success,Fuel,Chennai,Tamil Nadu,0
539,9,2026-06-21,19:55:07.0000000,Deposit,561.00,5,NULL,Success,Healthcare,Hyderabad,Telangana,0
540,9,2026-09-23,10:41:33.0000000,Payment,13439.00,3,3,Success,Electronics,Coimbatore,Tamil Nadu,0
541,9,2025-12-26,01:27:59.0000000,Withdrawal,6567.00,1,1,Success,Fuel,Mumbai,Maharashtra,0
542,9,2026-03-30,16:14:25.0000000,Transfer,19445.00,7,NULL,Success,Healthcare,Pune,Maharashtra,0
543,9,2026-07-02,07:00:51.0000000,Purchase,77829.00,5,NULL,Success,Electronics,Bengaluru,Karnataka,0
544,9,2025-10-04,21:47:17.0000000,Deposit,5701.00,3,7,Success,Fuel,Delhi,Delhi,0
545,9,2026-01-06,12:33:43.0000000,Payment,18579.00,1,5,Success,Healthcare,Chennai,Tamil Nadu,0
546,9,2026-04-10,03:20:09.0000000,Withdrawal,11707.00,7,NULL,Success,Electronics,Hyderabad,Telangana,0
547,9,2026-07-13,18:06:35.0000000,Transfer,4835.00,5,NULL,Success,Fuel,Coimbatore,Tamil Nadu,0
548,9,2025-10-15,08:53:01.0000000,Purchase,17713.00,3,11,Success,Healthcare,Mumbai,Maharashtra,0
549,9,2026-01-17,23:39:27.0000000,Deposit,10841.00,1,9,Failed,Electronics,Pune,Maharashtra,0
550,9,2026-04-21,14:25:53.0000000,Payment,3969.00,7,NULL,Success,Fuel,Bengaluru,Karnataka,0
551,9,2026-07-24,05:12:19.0000000,Withdrawal,16847.00,5,NULL,Success,Healthcare,Delhi,Delhi,0
552,9,2025-10-26,19:58:45.0000000,Transfer,9975.00,3,3,Success,Electronics,Chennai,Tamil Nadu,0
553,9,2026-01-28,10:45:11.0000000,Purchase,3103.00,1,1,Success,Fuel,Hyderabad,Telangana,0
554,9,2026-05-02,01:31:37.0000000,Deposit,15981.00,7,NULL,Success,Healthcare,Coimbatore,Tamil Nadu,0
555,9,2026-08-04,16:18:03.0000000,Payment,9109.00,5,NULL,Success,Electronics,Mumbai,Maharashtra,0
556,9,2025-11-06,07:04:29.0000000,Withdrawal,2237.00,3,7,Success,Fuel,Pune,Maharashtra,0
557,9,2026-02-08,21:50:55.0000000,Transfer,15115.00,1,5,Success,Healthcare,Bengaluru,Karnataka,0
558,9,2026-05-13,12:37:21.0000000,Purchase,8243.00,7,NULL,Success,Electronics,Delhi,Delhi,0
559,9,2026-08-15,03:23:47.0000000,Deposit,1371.00,5,NULL,Success,Fuel,Chennai,Tamil Nadu,0
560,9,2025-11-17,18:10:13.0000000,Payment,14249.00,3,11,Success,Healthcare,Hyderabad,Telangana,0
561,9,2026-02-19,08:56:39.0000000,Withdrawal,7377.00,1,9,Success,Electronics,Coimbatore,Tamil Nadu,0
562,9,2026-05-24,23:43:05.0000000,Transfer,505.00,7,NULL,Reversed,Fuel,Mumbai,Maharashtra,0
563,9,2026-08-26,14:29:31.0000000,Purchase,13383.00,5,NULL,Success,Healthcare,Pune,Maharashtra,0
564,9,2025-11-28,05:15:57.0000000,Deposit,6511.00,3,3,Success,Electronics,Bengaluru,Karnataka,0
565,9,2026-03-02,20:02:23.0000000,Payment,19389.00,1,1,Success,Fuel,Delhi,Delhi,0
566,9,2026-06-04,10:48:49.0000000,Withdrawal,12517.00,7,NULL,Success,Healthcare,Chennai,Tamil Nadu,0
567,9,2026-09-06,01:35:15.0000000,Transfer,5645.00,5,NULL,Success,Electronics,Hyderabad,Telangana,1
568,9,2025-12-09,16:21:41.0000000,Purchase,18523.00,3,7,Success,Fuel,Coimbatore,Tamil Nadu,0
569,9,2026-03-13,07:08:07.0000000,Deposit,11651.00,1,5,Success,Healthcare,Mumbai,Maharashtra,0
570,9,2026-06-15,21:54:33.0000000,Payment,4779.00,7,NULL,Success,Electronics,Pune,Maharashtra,0
571,9,2026-09-17,12:40:59.0000000,Withdrawal,17657.00,5,NULL,Success,Fuel,Bengaluru,Karnataka,0
572,9,2025-12-20,03:27:25.0000000,Transfer,10785.00,3,11,Success,Healthcare,Delhi,Delhi,0
573,9,2026-03-24,18:13:51.0000000,Purchase,3913.00,1,9,Success,Electronics,Chennai,Tamil Nadu,0
574,9,2026-06-26,09:00:17.0000000,Deposit,16791.00,7,NULL,Success,Fuel,Hyderabad,Telangana,0
575,9,2026-09-28,23:46:43.0000000,Payment,9919.00,5,NULL,Success,Healthcare,Coimbatore,Tamil Nadu,0
576,9,2025-12-31,14:33:09.0000000,Withdrawal,3047.00,3,3,Success,Electronics,Mumbai,Maharashtra,0
577,10,2025-10-11,21:59:50.0000000,Purchase,1620.00,2,10,Success,Travel,Hyderabad,Telangana,0
578,10,2026-01-13,12:46:16.0000000,Deposit,14498.00,8,NULL,Success,Restaurant,Coimbatore,Tamil Nadu,0
579,10,2026-04-17,03:32:42.0000000,Payment,7626.00,6,NULL,Success,Grocery,Mumbai,Maharashtra,0
580,10,2026-07-20,18:19:08.0000000,Withdrawal,754.00,4,NULL,Success,Travel,Pune,Maharashtra,0
581,10,2025-10-22,09:05:34.0000000,Transfer,13632.00,2,2,Success,Restaurant,Bengaluru,Karnataka,0
582,10,2026-01-24,23:52:00.0000000,Purchase,6760.00,8,NULL,Success,Grocery,Delhi,Delhi,0
583,10,2026-04-28,14:38:26.0000000,Deposit,75574.00,6,NULL,Success,Travel,Chennai,Tamil Nadu,0
584,10,2026-07-31,05:24:52.0000000,Payment,12766.00,4,NULL,Success,Restaurant,Hyderabad,Telangana,0
585,10,2025-11-02,20:11:18.0000000,Withdrawal,5894.00,2,6,Success,Grocery,Coimbatore,Tamil Nadu,0
586,10,2026-02-04,10:57:44.0000000,Transfer,18772.00,8,NULL,Success,Travel,Mumbai,Maharashtra,0
587,10,2026-05-09,01:44:10.0000000,Purchase,11900.00,6,NULL,Success,Restaurant,Pune,Maharashtra,0
588,10,2026-08-11,16:30:36.0000000,Deposit,5028.00,4,NULL,Failed,Grocery,Bengaluru,Karnataka,0
589,10,2025-11-13,07:17:02.0000000,Payment,17906.00,2,10,Success,Travel,Delhi,Delhi,0
590,10,2026-02-15,22:03:28.0000000,Withdrawal,11034.00,8,NULL,Success,Restaurant,Chennai,Tamil Nadu,0
591,10,2026-05-20,12:49:54.0000000,Transfer,4162.00,6,NULL,Success,Grocery,Hyderabad,Telangana,0
592,10,2026-08-22,03:36:20.0000000,Purchase,17040.00,4,NULL,Reversed,Travel,Coimbatore,Tamil Nadu,0
593,10,2025-11-24,18:22:46.0000000,Deposit,10168.00,2,2,Success,Restaurant,Mumbai,Maharashtra,0
594,10,2026-02-26,09:09:12.0000000,Payment,3296.00,8,NULL,Success,Grocery,Pune,Maharashtra,0
595,10,2026-05-31,23:55:38.0000000,Withdrawal,16174.00,6,NULL,Success,Travel,Bengaluru,Karnataka,0
596,10,2026-09-02,14:42:04.0000000,Transfer,9302.00,4,NULL,Success,Restaurant,Delhi,Delhi,0
597,10,2025-12-05,05:28:30.0000000,Purchase,2430.00,2,6,Success,Grocery,Chennai,Tamil Nadu,0
598,10,2026-03-09,20:14:56.0000000,Deposit,15308.00,8,NULL,Success,Travel,Hyderabad,Telangana,0
599,10,2026-06-11,11:01:22.0000000,Payment,8436.00,6,NULL,Success,Restaurant,Coimbatore,Tamil Nadu,0
600,10,2026-09-13,01:47:48.0000000,Withdrawal,1564.00,4,NULL,Success,Grocery,Mumbai,Maharashtra,0
601,10,2025-12-16,16:34:14.0000000,Transfer,14442.00,2,10,Success,Travel,Pune,Maharashtra,0
602,10,2026-03-20,07:20:40.0000000,Purchase,7570.00,8,NULL,Success,Restaurant,Bengaluru,Karnataka,0
603,10,2026-06-22,22:07:06.0000000,Deposit,698.00,6,NULL,Success,Grocery,Delhi,Delhi,0
604,10,2026-09-24,12:53:32.0000000,Payment,13576.00,4,NULL,Success,Travel,Chennai,Tamil Nadu,0
605,10,2025-12-27,03:39:58.0000000,Withdrawal,6704.00,2,2,Success,Restaurant,Hyderabad,Telangana,0
606,10,2026-03-31,18:26:24.0000000,Transfer,19582.00,8,NULL,Success,Grocery,Coimbatore,Tamil Nadu,0
607,10,2026-07-03,09:12:50.0000000,Purchase,12710.00,6,NULL,Success,Travel,Mumbai,Maharashtra,0
608,10,2025-10-05,23:59:16.0000000,Deposit,5838.00,4,NULL,Success,Restaurant,Pune,Maharashtra,0
609,10,2026-01-07,14:45:42.0000000,Payment,18716.00,2,6,Success,Grocery,Bengaluru,Karnataka,0
610,10,2026-04-11,05:32:08.0000000,Withdrawal,11844.00,8,NULL,Success,Travel,Delhi,Delhi,0
611,10,2026-07-14,20:18:34.0000000,Transfer,4972.00,6,NULL,Success,Restaurant,Chennai,Tamil Nadu,0
612,10,2025-10-16,11:05:00.0000000,Purchase,17850.00,4,NULL,Success,Grocery,Hyderabad,Telangana,0
613,10,2026-01-18,01:51:26.0000000,Deposit,10978.00,2,10,Success,Travel,Coimbatore,Tamil Nadu,0
614,10,2026-04-22,16:37:52.0000000,Payment,4106.00,8,NULL,Success,Restaurant,Mumbai,Maharashtra,0
615,10,2026-07-25,07:24:18.0000000,Withdrawal,16984.00,6,NULL,Success,Grocery,Pune,Maharashtra,0
616,10,2025-10-27,22:10:44.0000000,Transfer,10112.00,4,NULL,Success,Travel,Bengaluru,Karnataka,0
617,10,2026-01-29,12:57:10.0000000,Purchase,3240.00,2,2,Failed,Restaurant,Delhi,Delhi,0
618,10,2026-05-03,03:43:36.0000000,Deposit,16118.00,8,NULL,Success,Grocery,Chennai,Tamil Nadu,0
619,10,2026-08-05,18:30:02.0000000,Payment,9246.00,6,NULL,Success,Travel,Hyderabad,Telangana,0
620,10,2025-11-07,09:16:28.0000000,Withdrawal,2374.00,4,NULL,Success,Restaurant,Coimbatore,Tamil Nadu,0
621,10,2026-02-09,00:02:54.0000000,Transfer,15252.00,2,6,Success,Grocery,Mumbai,Maharashtra,0
622,10,2026-05-14,14:49:20.0000000,Purchase,8380.00,8,NULL,Pending,Travel,Pune,Maharashtra,0
623,10,2026-08-16,05:35:46.0000000,Deposit,1508.00,6,NULL,Success,Restaurant,Bengaluru,Karnataka,0
624,10,2025-11-18,20:22:12.0000000,Payment,79428.00,4,NULL,Success,Grocery,Delhi,Delhi,0
625,10,2026-02-20,11:08:38.0000000,Withdrawal,7514.00,2,10,Success,Travel,Chennai,Tamil Nadu,0
626,10,2026-05-25,01:55:04.0000000,Transfer,642.00,8,NULL,Success,Restaurant,Hyderabad,Telangana,0
627,10,2026-08-27,16:41:30.0000000,Purchase,13520.00,6,NULL,Success,Grocery,Coimbatore,Tamil Nadu,0
628,10,2025-11-29,07:27:56.0000000,Deposit,6648.00,4,NULL,Success,Travel,Mumbai,Maharashtra,0
629,10,2026-03-03,22:14:22.0000000,Payment,19526.00,2,2,Success,Restaurant,Pune,Maharashtra,0
630,10,2026-06-05,13:00:48.0000000,Withdrawal,12654.00,8,NULL,Success,Grocery,Bengaluru,Karnataka,0
631,10,2026-09-07,03:47:14.0000000,Transfer,5782.00,6,NULL,Success,Travel,Delhi,Delhi,0
632,10,2025-12-10,18:33:40.0000000,Purchase,18660.00,4,NULL,Success,Restaurant,Chennai,Tamil Nadu,0
633,10,2026-03-14,09:20:06.0000000,Deposit,11788.00,2,6,Success,Grocery,Hyderabad,Telangana,0
634,10,2026-06-16,00:06:32.0000000,Payment,4916.00,8,NULL,Success,Travel,Coimbatore,Tamil Nadu,0
635,10,2026-09-18,14:52:58.0000000,Withdrawal,17794.00,6,NULL,Success,Restaurant,Mumbai,Maharashtra,0
636,10,2025-12-21,05:39:24.0000000,Transfer,10922.00,4,NULL,Success,Grocery,Pune,Maharashtra,0
637,10,2026-03-25,20:25:50.0000000,Purchase,4050.00,2,10,Success,Travel,Bengaluru,Karnataka,1
638,10,2026-06-27,11:12:16.0000000,Deposit,16928.00,8,NULL,Success,Restaurant,Delhi,Delhi,0
639,10,2026-09-29,01:58:42.0000000,Payment,10056.00,6,NULL,Success,Grocery,Chennai,Tamil Nadu,0
640,10,2026-01-01,16:45:08.0000000,Withdrawal,3184.00,4,NULL,Success,Travel,Hyderabad,Telangana,0
641,11,2025-10-12,00:11:49.0000000,Withdrawal,1757.00,3,11,Success,Healthcare,Delhi,Delhi,0
642,11,2026-01-14,14:58:15.0000000,Transfer,14635.00,1,9,Success,Electronics,Chennai,Tamil Nadu,0
643,11,2026-04-18,05:44:41.0000000,Purchase,7763.00,7,NULL,Success,Fuel,Hyderabad,Telangana,0
644,11,2026-07-21,20:31:07.0000000,Deposit,891.00,5,NULL,Success,Healthcare,Coimbatore,Tamil Nadu,0
645,11,2025-10-23,11:17:33.0000000,Payment,13769.00,3,3,Success,Electronics,Mumbai,Maharashtra,0
646,11,2026-01-25,02:03:59.0000000,Withdrawal,6897.00,1,1,Success,Fuel,Pune,Maharashtra,0
647,11,2026-04-29,16:50:25.0000000,Transfer,19775.00,7,NULL,Success,Healthcare,Bengaluru,Karnataka,0
648,11,2026-08-01,07:36:51.0000000,Purchase,12903.00,5,NULL,Success,Electronics,Delhi,Delhi,0
649,11,2025-11-03,22:23:17.0000000,Deposit,6031.00,3,7,Success,Fuel,Chennai,Tamil Nadu,0
650,11,2026-02-05,13:09:43.0000000,Payment,18909.00,1,5,Success,Healthcare,Hyderabad,Telangana,0
651,11,2026-05-10,03:56:09.0000000,Withdrawal,12037.00,7,NULL,Success,Electronics,Coimbatore,Tamil Nadu,0
652,11,2026-08-12,18:42:35.0000000,Transfer,5165.00,5,NULL,Success,Fuel,Mumbai,Maharashtra,0
653,11,2025-11-14,09:29:01.0000000,Purchase,18043.00,3,11,Success,Healthcare,Pune,Maharashtra,0
654,11,2026-02-16,00:15:27.0000000,Deposit,11171.00,1,9,Success,Electronics,Bengaluru,Karnataka,0
655,11,2026-05-21,15:01:53.0000000,Payment,4299.00,7,NULL,Success,Fuel,Delhi,Delhi,0
656,11,2026-08-23,05:48:19.0000000,Withdrawal,17177.00,5,NULL,Failed,Healthcare,Chennai,Tamil Nadu,0
657,11,2025-11-25,20:34:45.0000000,Transfer,10305.00,3,3,Success,Electronics,Hyderabad,Telangana,0
658,11,2026-02-27,11:21:11.0000000,Purchase,3433.00,1,1,Success,Fuel,Coimbatore,Tamil Nadu,0
659,11,2026-06-01,02:07:37.0000000,Deposit,16311.00,7,NULL,Success,Healthcare,Mumbai,Maharashtra,0
660,11,2026-09-03,16:54:03.0000000,Payment,9439.00,5,NULL,Success,Electronics,Pune,Maharashtra,0
661,11,2025-12-06,07:40:29.0000000,Withdrawal,2567.00,3,7,Success,Fuel,Bengaluru,Karnataka,0
662,11,2026-03-10,22:26:55.0000000,Transfer,15445.00,1,5,Success,Healthcare,Delhi,Delhi,0
663,11,2026-06-12,13:13:21.0000000,Purchase,8573.00,7,NULL,Success,Electronics,Chennai,Tamil Nadu,0
664,11,2026-09-14,03:59:47.0000000,Deposit,77173.00,5,NULL,Pending,Fuel,Hyderabad,Telangana,0
665,11,2025-12-17,18:46:13.0000000,Payment,14579.00,3,11,Success,Healthcare,Coimbatore,Tamil Nadu,0
666,11,2026-03-21,09:32:39.0000000,Withdrawal,7707.00,1,9,Success,Electronics,Mumbai,Maharashtra,0
667,11,2026-06-23,00:19:05.0000000,Transfer,835.00,7,NULL,Success,Fuel,Pune,Maharashtra,0
668,11,2026-09-25,15:05:31.0000000,Purchase,13713.00,5,NULL,Success,Healthcare,Bengaluru,Karnataka,0
669,11,2025-12-28,05:51:57.0000000,Deposit,6841.00,3,3,Success,Electronics,Delhi,Delhi,0
670,11,2026-04-01,20:38:23.0000000,Payment,19719.00,1,1,Success,Fuel,Chennai,Tamil Nadu,0
671,11,2026-07-04,11:24:49.0000000,Withdrawal,12847.00,7,NULL,Success,Healthcare,Hyderabad,Telangana,0
672,11,2025-10-06,02:11:15.0000000,Transfer,5975.00,5,NULL,Success,Electronics,Coimbatore,Tamil Nadu,0
673,11,2026-01-08,16:57:41.0000000,Purchase,18853.00,3,7,Success,Fuel,Mumbai,Maharashtra,0
674,11,2026-04-12,07:44:07.0000000,Deposit,11981.00,1,5,Success,Healthcare,Pune,Maharashtra,0
675,11,2026-07-15,22:30:33.0000000,Payment,5109.00,7,NULL,Success,Electronics,Bengaluru,Karnataka,0
676,11,2025-10-17,13:16:59.0000000,Withdrawal,17987.00,5,NULL,Success,Fuel,Delhi,Delhi,0
677,11,2026-01-19,04:03:25.0000000,Transfer,153395.00,3,11,Success,Healthcare,Chennai,Tamil Nadu,0
678,11,2026-04-23,18:49:51.0000000,Purchase,4243.00,1,9,Success,Electronics,Hyderabad,Telangana,0
679,11,2026-07-26,09:36:17.0000000,Deposit,17121.00,7,NULL,Success,Fuel,Coimbatore,Tamil Nadu,0
680,11,2025-10-28,00:22:43.0000000,Payment,10249.00,5,NULL,Success,Healthcare,Mumbai,Maharashtra,0
681,11,2026-01-30,15:09:09.0000000,Withdrawal,3377.00,3,3,Success,Electronics,Pune,Maharashtra,0
682,11,2026-05-04,05:55:35.0000000,Transfer,16255.00,1,1,Success,Fuel,Bengaluru,Karnataka,0
683,11,2026-08-06,20:42:01.0000000,Purchase,9383.00,7,NULL,Success,Healthcare,Delhi,Delhi,0
684,11,2025-11-08,11:28:27.0000000,Deposit,2511.00,5,NULL,Success,Electronics,Chennai,Tamil Nadu,0
685,11,2026-02-10,02:14:53.0000000,Payment,15389.00,3,7,Failed,Fuel,Hyderabad,Telangana,0
686,11,2026-05-15,17:01:19.0000000,Withdrawal,8517.00,1,5,Success,Healthcare,Coimbatore,Tamil Nadu,0
687,11,2026-08-17,07:47:45.0000000,Transfer,1645.00,7,NULL,Success,Electronics,Mumbai,Maharashtra,0
688,11,2025-11-19,22:34:11.0000000,Purchase,14523.00,5,NULL,Success,Fuel,Pune,Maharashtra,0
689,11,2026-02-21,13:20:37.0000000,Deposit,7651.00,3,11,Success,Healthcare,Bengaluru,Karnataka,0
690,11,2026-05-26,04:07:03.0000000,Payment,779.00,1,9,Success,Electronics,Delhi,Delhi,0
691,11,2026-08-28,18:53:29.0000000,Withdrawal,13657.00,7,NULL,Success,Fuel,Chennai,Tamil Nadu,0
692,11,2025-11-30,09:39:55.0000000,Transfer,6785.00,5,NULL,Success,Healthcare,Hyderabad,Telangana,0
693,11,2026-03-04,00:26:21.0000000,Purchase,19663.00,3,3,Reversed,Electronics,Coimbatore,Tamil Nadu,0
694,11,2026-06-06,15:12:47.0000000,Deposit,12791.00,1,1,Success,Fuel,Mumbai,Maharashtra,0
695,11,2026-09-08,05:59:13.0000000,Payment,5919.00,7,NULL,Success,Healthcare,Pune,Maharashtra,0
696,11,2025-12-11,20:45:39.0000000,Withdrawal,18797.00,5,NULL,Success,Electronics,Bengaluru,Karnataka,0
697,11,2026-03-15,11:32:05.0000000,Transfer,11925.00,3,7,Success,Fuel,Delhi,Delhi,0
698,11,2026-06-17,02:18:31.0000000,Purchase,5053.00,1,5,Success,Healthcare,Chennai,Tamil Nadu,0
699,11,2026-09-19,17:04:57.0000000,Deposit,17931.00,7,NULL,Success,Electronics,Hyderabad,Telangana,0
700,11,2025-12-22,07:51:23.0000000,Payment,11059.00,5,NULL,Success,Fuel,Coimbatore,Tamil Nadu,0
701,11,2026-03-26,22:37:49.0000000,Withdrawal,4187.00,3,11,Success,Healthcare,Mumbai,Maharashtra,0
702,11,2026-06-28,13:24:15.0000000,Transfer,17065.00,1,9,Success,Electronics,Pune,Maharashtra,0
703,11,2026-09-30,04:10:41.0000000,Purchase,10193.00,7,NULL,Success,Fuel,Bengaluru,Karnataka,0
704,11,2026-01-02,18:57:07.0000000,Deposit,3321.00,5,NULL,Success,Healthcare,Delhi,Delhi,0
705,12,2025-10-13,02:23:48.0000000,Withdrawal,1894.00,4,NULL,Success,Grocery,Pune,Maharashtra,0
706,12,2026-01-15,17:10:14.0000000,Transfer,14772.00,2,10,Pending,Travel,Bengaluru,Karnataka,0
707,12,2026-04-19,07:56:40.0000000,Purchase,7900.00,8,NULL,Success,Restaurant,Delhi,Delhi,0
708,12,2026-07-22,22:43:06.0000000,Deposit,1028.00,6,NULL,Success,Grocery,Chennai,Tamil Nadu,0
709,12,2025-10-24,13:29:32.0000000,Payment,150388.00,4,NULL,Success,Travel,Hyderabad,Telangana,0
710,12,2026-01-26,04:15:58.0000000,Withdrawal,7034.00,2,2,Success,Restaurant,Coimbatore,Tamil Nadu,0
711,12,2026-04-30,19:02:24.0000000,Transfer,19912.00,8,NULL,Success,Grocery,Mumbai,Maharashtra,0
712,12,2026-08-02,09:48:50.0000000,Purchase,13040.00,6,NULL,Success,Travel,Pune,Maharashtra,0
713,12,2025-11-04,00:35:16.0000000,Deposit,6168.00,4,NULL,Success,Restaurant,Bengaluru,Karnataka,0
714,12,2026-02-06,15:21:42.0000000,Payment,19046.00,2,6,Success,Grocery,Delhi,Delhi,0
715,12,2026-05-11,06:08:08.0000000,Withdrawal,12174.00,8,NULL,Success,Travel,Chennai,Tamil Nadu,0
716,12,2026-08-13,20:54:34.0000000,Transfer,5302.00,6,NULL,Success,Restaurant,Hyderabad,Telangana,0
717,12,2025-11-15,11:41:00.0000000,Purchase,18180.00,4,NULL,Success,Grocery,Coimbatore,Tamil Nadu,0
718,12,2026-02-17,02:27:26.0000000,Deposit,11308.00,2,10,Success,Travel,Mumbai,Maharashtra,0
719,12,2026-05-22,17:13:52.0000000,Payment,4436.00,8,NULL,Success,Restaurant,Pune,Maharashtra,0
720,12,2026-08-24,08:00:18.0000000,Withdrawal,17314.00,6,NULL,Success,Grocery,Bengaluru,Karnataka,0
721,12,2025-11-26,22:46:44.0000000,Transfer,10442.00,4,NULL,Success,Travel,Delhi,Delhi,0
722,12,2026-02-28,13:33:10.0000000,Purchase,3570.00,2,2,Success,Restaurant,Chennai,Tamil Nadu,0
723,12,2026-06-02,04:19:36.0000000,Deposit,16448.00,8,NULL,Reversed,Grocery,Hyderabad,Telangana,0
724,12,2026-09-04,19:06:02.0000000,Payment,9576.00,6,NULL,Failed,Travel,Coimbatore,Tamil Nadu,0
725,12,2025-12-07,09:52:28.0000000,Withdrawal,2704.00,4,NULL,Success,Restaurant,Mumbai,Maharashtra,0
726,12,2026-03-11,00:38:54.0000000,Transfer,15582.00,2,6,Success,Grocery,Pune,Maharashtra,0
727,12,2026-06-13,15:25:20.0000000,Purchase,8710.00,8,NULL,Success,Travel,Bengaluru,Karnataka,0
728,12,2026-09-15,06:11:46.0000000,Deposit,1838.00,6,NULL,Success,Restaurant,Delhi,Delhi,0
729,12,2025-12-18,20:58:12.0000000,Payment,14716.00,4,NULL,Success,Grocery,Chennai,Tamil Nadu,0
730,12,2026-03-22,11:44:38.0000000,Withdrawal,7844.00,2,10,Success,Travel,Hyderabad,Telangana,0
731,12,2026-06-24,02:31:04.0000000,Transfer,972.00,8,NULL,Success,Restaurant,Coimbatore,Tamil Nadu,0
732,12,2026-09-26,17:17:30.0000000,Purchase,13850.00,6,NULL,Success,Grocery,Mumbai,Maharashtra,0
733,12,2025-12-29,08:03:56.0000000,Deposit,6978.00,4,NULL,Success,Travel,Pune,Maharashtra,0
734,12,2026-04-02,22:50:22.0000000,Payment,19856.00,2,2,Success,Restaurant,Bengaluru,Karnataka,0
735,12,2026-07-05,13:36:48.0000000,Withdrawal,12984.00,8,NULL,Success,Grocery,Delhi,Delhi,0
736,12,2025-10-07,04:23:14.0000000,Transfer,6112.00,6,NULL,Success,Travel,Chennai,Tamil Nadu,0
737,12,2026-01-09,19:09:40.0000000,Purchase,18990.00,4,NULL,Success,Restaurant,Hyderabad,Telangana,0
738,12,2026-04-13,09:56:06.0000000,Deposit,12118.00,2,6,Success,Grocery,Coimbatore,Tamil Nadu,0
739,12,2026-07-16,00:42:32.0000000,Payment,5246.00,8,NULL,Success,Travel,Mumbai,Maharashtra,0
740,12,2025-10-18,15:28:58.0000000,Withdrawal,18124.00,6,NULL,Success,Restaurant,Pune,Maharashtra,0
741,12,2026-01-20,06:15:24.0000000,Transfer,11252.00,4,NULL,Success,Grocery,Bengaluru,Karnataka,0
742,12,2026-04-24,21:01:50.0000000,Purchase,4380.00,2,10,Success,Travel,Delhi,Delhi,0
743,12,2026-07-27,11:48:16.0000000,Deposit,17258.00,8,NULL,Success,Restaurant,Chennai,Tamil Nadu,0
744,12,2025-10-29,02:34:42.0000000,Payment,10386.00,6,NULL,Success,Grocery,Hyderabad,Telangana,0
745,12,2026-01-31,17:21:08.0000000,Withdrawal,78772.00,4,NULL,Success,Travel,Coimbatore,Tamil Nadu,0
746,12,2026-05-05,08:07:34.0000000,Transfer,16392.00,2,2,Success,Restaurant,Mumbai,Maharashtra,0
747,12,2026-08-07,22:54:00.0000000,Purchase,9520.00,8,NULL,Success,Grocery,Pune,Maharashtra,0
748,12,2025-11-09,13:40:26.0000000,Deposit,2648.00,6,NULL,Success,Travel,Bengaluru,Karnataka,0
749,12,2026-02-11,04:26:52.0000000,Payment,15526.00,4,NULL,Success,Restaurant,Delhi,Delhi,0
750,12,2026-05-16,19:13:18.0000000,Withdrawal,8654.00,2,6,Success,Grocery,Chennai,Tamil Nadu,0
751,12,2026-08-18,09:59:44.0000000,Transfer,1782.00,8,NULL,Success,Travel,Hyderabad,Telangana,0
752,12,2025-11-20,00:46:10.0000000,Purchase,14660.00,6,NULL,Success,Restaurant,Coimbatore,Tamil Nadu,0
753,12,2026-02-22,15:32:36.0000000,Deposit,7788.00,4,NULL,Failed,Grocery,Mumbai,Maharashtra,0
754,12,2026-05-27,06:19:02.0000000,Payment,916.00,2,10,Success,Travel,Pune,Maharashtra,0
755,12,2026-08-29,21:05:28.0000000,Withdrawal,13794.00,8,NULL,Success,Restaurant,Bengaluru,Karnataka,0
756,12,2025-12-01,11:51:54.0000000,Transfer,6922.00,6,NULL,Success,Grocery,Delhi,Delhi,0
757,12,2026-03-05,02:38:20.0000000,Purchase,19800.00,4,NULL,Success,Travel,Chennai,Tamil Nadu,0
758,12,2026-06-07,17:24:46.0000000,Deposit,12928.00,2,2,Success,Restaurant,Hyderabad,Telangana,0
759,12,2026-09-09,08:11:12.0000000,Payment,6056.00,8,NULL,Pending,Grocery,Coimbatore,Tamil Nadu,0
760,12,2025-12-12,22:57:38.0000000,Withdrawal,18934.00,6,NULL,Success,Travel,Mumbai,Maharashtra,0
761,12,2026-03-16,13:44:04.0000000,Transfer,12062.00,4,NULL,Success,Restaurant,Pune,Maharashtra,0
762,12,2026-06-18,04:30:30.0000000,Purchase,5190.00,2,6,Success,Grocery,Bengaluru,Karnataka,0
763,12,2026-09-20,19:16:56.0000000,Deposit,18068.00,8,NULL,Success,Travel,Delhi,Delhi,0
764,12,2025-12-23,10:03:22.0000000,Payment,11196.00,6,NULL,Success,Restaurant,Chennai,Tamil Nadu,0
765,12,2026-03-27,00:49:48.0000000,Withdrawal,4324.00,4,NULL,Success,Grocery,Hyderabad,Telangana,0
766,12,2026-06-29,15:36:14.0000000,Transfer,17202.00,2,10,Success,Travel,Coimbatore,Tamil Nadu,0
767,12,2025-10-01,06:22:40.0000000,Purchase,10330.00,8,NULL,Success,Restaurant,Mumbai,Maharashtra,0
768,12,2026-01-03,21:09:06.0000000,Deposit,3458.00,6,NULL,Success,Grocery,Pune,Maharashtra,0
769,14,2025-10-14,04:35:47.0000000,Deposit,2031.00,5,NULL,Success,Fuel,Coimbatore,Tamil Nadu,0
770,14,2026-01-16,19:22:13.0000000,Payment,14909.00,3,11,Success,Healthcare,Mumbai,Maharashtra,0
771,14,2026-04-20,10:08:39.0000000,Withdrawal,8037.00,1,9,Success,Electronics,Pune,Maharashtra,0
772,14,2026-07-23,00:55:05.0000000,Transfer,1165.00,7,NULL,Success,Fuel,Bengaluru,Karnataka,0
773,14,2025-10-25,15:41:31.0000000,Purchase,14043.00,5,NULL,Success,Healthcare,Delhi,Delhi,0
774,14,2026-01-27,06:27:57.0000000,Deposit,7171.00,3,3,Success,Electronics,Chennai,Tamil Nadu,0
775,14,2026-05-01,21:14:23.0000000,Payment,299.00,1,1,Success,Fuel,Hyderabad,Telangana,0
776,14,2026-08-03,12:00:49.0000000,Withdrawal,13177.00,7,NULL,Success,Healthcare,Coimbatore,Tamil Nadu,0
777,14,2025-11-05,02:47:15.0000000,Transfer,6305.00,5,NULL,Success,Electronics,Mumbai,Maharashtra,0
778,14,2026-02-07,17:33:41.0000000,Purchase,19183.00,3,7,Success,Fuel,Pune,Maharashtra,0
779,14,2026-05-12,08:20:07.0000000,Deposit,12311.00,1,5,Success,Healthcare,Bengaluru,Karnataka,0
780,14,2026-08-14,23:06:33.0000000,Payment,5439.00,7,NULL,Success,Electronics,Delhi,Delhi,0
781,14,2025-11-16,13:52:59.0000000,Withdrawal,18317.00,5,NULL,Success,Fuel,Chennai,Tamil Nadu,0
782,14,2026-02-18,04:39:25.0000000,Transfer,11445.00,3,11,Success,Healthcare,Hyderabad,Telangana,0
783,14,2026-05-23,19:25:51.0000000,Purchase,4573.00,1,9,Success,Electronics,Coimbatore,Tamil Nadu,0
784,14,2026-08-25,10:12:17.0000000,Deposit,17451.00,7,NULL,Success,Fuel,Mumbai,Maharashtra,0
785,14,2025-11-27,00:58:43.0000000,Payment,76517.00,5,NULL,Success,Healthcare,Pune,Maharashtra,0
786,14,2026-03-01,15:45:09.0000000,Withdrawal,3707.00,3,3,Success,Electronics,Bengaluru,Karnataka,0
787,14,2026-06-03,06:31:35.0000000,Transfer,16585.00,1,1,Success,Fuel,Delhi,Delhi,0
788,14,2026-09-05,21:18:01.0000000,Purchase,9713.00,7,NULL,Success,Healthcare,Chennai,Tamil Nadu,0
789,14,2025-12-08,12:04:27.0000000,Deposit,2841.00,5,NULL,Success,Electronics,Hyderabad,Telangana,0
790,14,2026-03-12,02:50:53.0000000,Payment,15719.00,3,7,Success,Fuel,Coimbatore,Tamil Nadu,0
791,14,2026-06-14,17:37:19.0000000,Withdrawal,8847.00,1,5,Success,Healthcare,Mumbai,Maharashtra,0
792,14,2026-09-16,08:23:45.0000000,Transfer,1975.00,7,NULL,Failed,Electronics,Pune,Maharashtra,0
793,14,2025-12-19,23:10:11.0000000,Purchase,14853.00,5,NULL,Success,Fuel,Bengaluru,Karnataka,0
794,14,2026-03-23,13:56:37.0000000,Deposit,7981.00,3,11,Success,Healthcare,Delhi,Delhi,0
795,14,2026-06-25,04:43:03.0000000,Payment,1109.00,1,9,Success,Electronics,Chennai,Tamil Nadu,0
796,14,2026-09-27,19:29:29.0000000,Withdrawal,13987.00,7,NULL,Success,Fuel,Hyderabad,Telangana,0
797,14,2025-12-30,10:15:55.0000000,Transfer,7115.00,5,NULL,Success,Healthcare,Coimbatore,Tamil Nadu,0
798,14,2026-04-03,01:02:21.0000000,Purchase,19993.00,3,3,Success,Electronics,Mumbai,Maharashtra,0
799,14,2026-07-06,15:48:47.0000000,Deposit,13121.00,1,1,Success,Fuel,Pune,Maharashtra,0
800,14,2025-10-08,06:35:13.0000000,Payment,6249.00,7,NULL,Success,Healthcare,Bengaluru,Karnataka,0
801,14,2026-01-10,21:21:39.0000000,Withdrawal,19127.00,5,NULL,Pending,Electronics,Delhi,Delhi,0
802,14,2026-04-14,12:08:05.0000000,Transfer,12255.00,3,7,Success,Fuel,Chennai,Tamil Nadu,0
803,14,2026-07-17,02:54:31.0000000,Purchase,5383.00,1,5,Success,Healthcare,Hyderabad,Telangana,0
804,14,2025-10-19,17:40:57.0000000,Deposit,18261.00,7,NULL,Success,Electronics,Coimbatore,Tamil Nadu,0
805,14,2026-01-21,08:27:23.0000000,Payment,11389.00,5,NULL,Success,Fuel,Mumbai,Maharashtra,0
806,14,2026-04-25,23:13:49.0000000,Withdrawal,4517.00,3,11,Success,Healthcare,Pune,Maharashtra,0
807,14,2026-07-28,14:00:15.0000000,Transfer,17395.00,1,9,Success,Electronics,Bengaluru,Karnataka,0
808,14,2025-10-30,04:46:41.0000000,Purchase,10523.00,7,NULL,Success,Fuel,Delhi,Delhi,0
809,14,2026-02-01,19:33:07.0000000,Deposit,3651.00,5,NULL,Success,Healthcare,Chennai,Tamil Nadu,0
810,14,2026-05-06,10:19:33.0000000,Payment,16529.00,3,3,Success,Electronics,Hyderabad,Telangana,0
811,14,2026-08-08,01:05:59.0000000,Withdrawal,9657.00,1,1,Success,Fuel,Coimbatore,Tamil Nadu,0
812,14,2025-11-10,15:52:25.0000000,Transfer,2785.00,7,NULL,Success,Healthcare,Mumbai,Maharashtra,0
813,14,2026-02-12,06:38:51.0000000,Purchase,15663.00,5,NULL,Success,Electronics,Pune,Maharashtra,0
814,14,2026-05-17,21:25:17.0000000,Deposit,8791.00,3,7,Success,Fuel,Bengaluru,Karnataka,0
815,14,2026-08-19,12:11:43.0000000,Payment,1919.00,1,5,Success,Healthcare,Delhi,Delhi,0
816,14,2025-11-21,02:58:09.0000000,Withdrawal,14797.00,7,NULL,Success,Electronics,Chennai,Tamil Nadu,0
817,14,2026-02-23,17:44:35.0000000,Transfer,7925.00,5,NULL,Success,Fuel,Hyderabad,Telangana,0
818,14,2026-05-28,08:31:01.0000000,Purchase,1053.00,3,11,Success,Healthcare,Coimbatore,Tamil Nadu,0
819,14,2026-08-30,23:17:27.0000000,Deposit,13931.00,1,9,Success,Electronics,Mumbai,Maharashtra,0
820,14,2025-12-02,14:03:53.0000000,Payment,7059.00,7,NULL,Success,Fuel,Pune,Maharashtra,0
821,14,2026-03-06,04:50:19.0000000,Withdrawal,19937.00,5,NULL,Failed,Healthcare,Bengaluru,Karnataka,0
822,14,2026-06-08,19:36:45.0000000,Transfer,13065.00,3,3,Success,Electronics,Delhi,Delhi,0
823,14,2026-09-10,10:23:11.0000000,Purchase,6193.00,1,1,Success,Fuel,Chennai,Tamil Nadu,0
824,14,2025-12-13,01:09:37.0000000,Deposit,19071.00,7,NULL,Reversed,Healthcare,Hyderabad,Telangana,0
825,14,2026-03-17,15:56:03.0000000,Payment,12199.00,5,NULL,Success,Electronics,Coimbatore,Tamil Nadu,0
826,14,2026-06-19,06:42:29.0000000,Withdrawal,80371.00,3,7,Success,Fuel,Mumbai,Maharashtra,0
827,14,2026-09-21,21:28:55.0000000,Transfer,18205.00,1,5,Success,Healthcare,Pune,Maharashtra,0
828,14,2025-12-24,12:15:21.0000000,Purchase,11333.00,7,NULL,Success,Electronics,Bengaluru,Karnataka,0
829,14,2026-03-28,03:01:47.0000000,Deposit,4461.00,5,NULL,Success,Fuel,Delhi,Delhi,0
830,14,2026-06-30,17:48:13.0000000,Payment,17339.00,3,11,Success,Healthcare,Chennai,Tamil Nadu,0
831,14,2025-10-02,08:34:39.0000000,Withdrawal,10467.00,1,9,Success,Electronics,Hyderabad,Telangana,0
832,14,2026-01-04,23:21:05.0000000,Transfer,3595.00,7,NULL,Success,Fuel,Coimbatore,Tamil Nadu,0
833,15,2025-10-15,06:47:46.0000000,Deposit,2168.00,6,NULL,Success,Restaurant,Chennai,Tamil Nadu,0
834,15,2026-01-17,21:34:12.0000000,Payment,15046.00,4,NULL,Success,Grocery,Hyderabad,Telangana,0
835,15,2026-04-21,12:20:38.0000000,Withdrawal,8174.00,2,10,Success,Travel,Coimbatore,Tamil Nadu,0
836,15,2026-07-24,03:07:04.0000000,Transfer,1302.00,8,NULL,Success,Restaurant,Mumbai,Maharashtra,0
837,15,2025-10-26,17:53:30.0000000,Purchase,14180.00,6,NULL,Success,Grocery,Pune,Maharashtra,0
838,15,2026-01-28,08:39:56.0000000,Deposit,7308.00,4,NULL,Success,Travel,Bengaluru,Karnataka,0
839,15,2026-05-02,23:26:22.0000000,Payment,436.00,2,2,Success,Restaurant,Delhi,Delhi,0
840,15,2026-08-04,14:12:48.0000000,Withdrawal,13314.00,8,NULL,Success,Grocery,Chennai,Tamil Nadu,0
841,15,2025-11-06,04:59:14.0000000,Transfer,6442.00,6,NULL,Success,Travel,Hyderabad,Telangana,0
842,15,2026-02-08,19:45:40.0000000,Purchase,19320.00,4,NULL,Success,Restaurant,Coimbatore,Tamil Nadu,0
843,15,2026-05-13,10:32:06.0000000,Deposit,12448.00,2,6,Pending,Grocery,Mumbai,Maharashtra,0
844,15,2026-08-15,01:18:32.0000000,Payment,5576.00,8,NULL,Success,Travel,Pune,Maharashtra,0
845,15,2025-11-17,16:04:58.0000000,Withdrawal,18454.00,6,NULL,Success,Restaurant,Bengaluru,Karnataka,0
846,15,2026-02-19,06:51:24.0000000,Transfer,11582.00,4,NULL,Success,Grocery,Delhi,Delhi,0
847,15,2026-05-24,21:37:50.0000000,Purchase,4710.00,2,10,Success,Travel,Chennai,Tamil Nadu,0
848,15,2026-08-26,12:24:16.0000000,Deposit,17588.00,8,NULL,Success,Restaurant,Hyderabad,Telangana,0
849,15,2025-11-28,03:10:42.0000000,Payment,10716.00,6,NULL,Success,Grocery,Coimbatore,Tamil Nadu,0
850,15,2026-03-02,17:57:08.0000000,Withdrawal,3844.00,4,NULL,Success,Travel,Mumbai,Maharashtra,0
851,15,2026-06-04,08:43:34.0000000,Transfer,16722.00,2,2,Success,Restaurant,Pune,Maharashtra,0
852,15,2026-09-06,23:30:00.0000000,Purchase,9850.00,8,NULL,Success,Grocery,Bengaluru,Karnataka,0
853,15,2025-12-09,14:16:26.0000000,Deposit,2978.00,6,NULL,Success,Travel,Delhi,Delhi,0
854,15,2026-03-13,05:02:52.0000000,Payment,15856.00,4,NULL,Reversed,Restaurant,Chennai,Tamil Nadu,0
855,15,2026-06-15,19:49:18.0000000,Withdrawal,8984.00,2,6,Success,Grocery,Hyderabad,Telangana,0
856,15,2026-09-17,10:35:44.0000000,Transfer,2112.00,8,NULL,Success,Travel,Coimbatore,Tamil Nadu,0
857,15,2025-12-20,01:22:10.0000000,Purchase,14990.00,6,NULL,Success,Restaurant,Mumbai,Maharashtra,0
858,15,2026-03-24,16:08:36.0000000,Deposit,8118.00,4,NULL,Success,Grocery,Pune,Maharashtra,0
859,15,2026-06-26,06:55:02.0000000,Payment,1246.00,2,10,Success,Travel,Bengaluru,Karnataka,0
860,15,2026-09-28,21:41:28.0000000,Withdrawal,14124.00,8,NULL,Failed,Restaurant,Delhi,Delhi,0
861,15,2025-12-31,12:27:54.0000000,Transfer,7252.00,6,NULL,Success,Grocery,Chennai,Tamil Nadu,0
862,15,2026-04-04,03:14:20.0000000,Purchase,380.00,4,NULL,Success,Travel,Hyderabad,Telangana,0
863,15,2026-07-07,18:00:46.0000000,Deposit,13258.00,2,2,Success,Restaurant,Coimbatore,Tamil Nadu,0
864,15,2025-10-09,08:47:12.0000000,Payment,6386.00,8,NULL,Success,Grocery,Mumbai,Maharashtra,0
865,15,2026-01-11,23:33:38.0000000,Withdrawal,19264.00,6,NULL,Success,Travel,Pune,Maharashtra,0
866,15,2026-04-15,14:20:04.0000000,Transfer,78116.00,4,NULL,Success,Restaurant,Bengaluru,Karnataka,0
867,15,2026-07-18,05:06:30.0000000,Purchase,5520.00,2,6,Success,Grocery,Delhi,Delhi,0
868,15,2025-10-20,19:52:56.0000000,Deposit,18398.00,8,NULL,Success,Travel,Chennai,Tamil Nadu,0
869,15,2026-01-22,10:39:22.0000000,Payment,11526.00,6,NULL,Success,Restaurant,Hyderabad,Telangana,0
870,15,2026-04-26,01:25:48.0000000,Withdrawal,153492.00,4,NULL,Success,Grocery,Coimbatore,Tamil Nadu,0
871,15,2026-07-29,16:12:14.0000000,Transfer,17532.00,2,10,Success,Travel,Mumbai,Maharashtra,0
872,15,2025-10-31,06:58:40.0000000,Purchase,10660.00,8,NULL,Success,Restaurant,Pune,Maharashtra,0
873,15,2026-02-02,21:45:06.0000000,Deposit,3788.00,6,NULL,Success,Grocery,Bengaluru,Karnataka,0
874,15,2026-05-07,12:31:32.0000000,Payment,16666.00,4,NULL,Success,Travel,Delhi,Delhi,0
875,15,2026-08-09,03:17:58.0000000,Withdrawal,9794.00,2,2,Success,Restaurant,Chennai,Tamil Nadu,0
876,15,2025-11-11,18:04:24.0000000,Transfer,2922.00,8,NULL,Success,Grocery,Hyderabad,Telangana,0
877,15,2026-02-13,08:50:50.0000000,Purchase,15800.00,6,NULL,Success,Travel,Coimbatore,Tamil Nadu,0
878,15,2026-05-18,23:37:16.0000000,Deposit,8928.00,4,NULL,Success,Restaurant,Mumbai,Maharashtra,0
879,15,2026-08-20,14:23:42.0000000,Payment,2056.00,2,6,Success,Grocery,Pune,Maharashtra,0
880,15,2025-11-22,05:10:08.0000000,Withdrawal,14934.00,8,NULL,Success,Travel,Bengaluru,Karnataka,0
881,15,2026-02-24,19:56:34.0000000,Transfer,8062.00,6,NULL,Success,Restaurant,Delhi,Delhi,0
882,15,2026-05-29,10:43:00.0000000,Purchase,1190.00,4,NULL,Success,Grocery,Chennai,Tamil Nadu,0
883,15,2026-08-31,01:29:26.0000000,Deposit,14068.00,2,10,Success,Travel,Hyderabad,Telangana,0
884,15,2025-12-03,16:15:52.0000000,Payment,7196.00,8,NULL,Success,Restaurant,Coimbatore,Tamil Nadu,0
885,15,2026-03-07,07:02:18.0000000,Withdrawal,324.00,6,NULL,Success,Grocery,Mumbai,Maharashtra,0
886,15,2026-06-09,21:48:44.0000000,Transfer,13202.00,4,NULL,Success,Travel,Pune,Maharashtra,0
887,15,2026-09-11,12:35:10.0000000,Purchase,6330.00,2,2,Success,Restaurant,Bengaluru,Karnataka,0
888,15,2025-12-14,03:21:36.0000000,Deposit,19208.00,8,NULL,Success,Grocery,Delhi,Delhi,0
889,15,2026-03-18,18:08:02.0000000,Payment,12336.00,6,NULL,Failed,Travel,Chennai,Tamil Nadu,0
890,15,2026-06-20,08:54:28.0000000,Withdrawal,5464.00,4,NULL,Success,Restaurant,Hyderabad,Telangana,0
891,15,2026-09-22,23:40:54.0000000,Transfer,18342.00,2,6,Success,Grocery,Coimbatore,Tamil Nadu,0
892,15,2025-12-25,14:27:20.0000000,Purchase,11470.00,8,NULL,Success,Travel,Mumbai,Maharashtra,0
893,15,2026-03-29,05:13:46.0000000,Deposit,4598.00,6,NULL,Success,Restaurant,Pune,Maharashtra,0
894,15,2026-07-01,20:00:12.0000000,Payment,17476.00,4,NULL,Success,Grocery,Bengaluru,Karnataka,0
895,15,2025-10-03,10:46:38.0000000,Withdrawal,10604.00,2,10,Success,Travel,Delhi,Delhi,0
896,15,2026-01-05,01:33:04.0000000,Transfer,3732.00,8,NULL,Pending,Restaurant,Chennai,Tamil Nadu,0
897,16,2025-10-16,08:59:45.0000000,Transfer,2305.00,7,NULL,Success,Electronics,Bengaluru,Karnataka,0
898,16,2026-01-18,23:46:11.0000000,Purchase,15183.00,5,NULL,Success,Fuel,Delhi,Delhi,0
899,16,2026-04-22,14:32:37.0000000,Deposit,8311.00,3,11,Failed,Healthcare,Chennai,Tamil Nadu,0
900,16,2026-07-25,05:19:03.0000000,Payment,1439.00,1,9,Success,Electronics,Hyderabad,Telangana,0
901,16,2025-10-27,20:05:29.0000000,Withdrawal,14317.00,7,NULL,Success,Fuel,Coimbatore,Tamil Nadu,0
902,16,2026-01-29,10:51:55.0000000,Transfer,150485.00,5,NULL,Success,Healthcare,Mumbai,Maharashtra,0
903,16,2026-05-03,01:38:21.0000000,Purchase,573.00,3,3,Success,Electronics,Pune,Maharashtra,0
904,16,2026-08-05,16:24:47.0000000,Deposit,13451.00,1,1,Success,Fuel,Bengaluru,Karnataka,0
905,16,2025-11-07,07:11:13.0000000,Payment,6579.00,7,NULL,Success,Healthcare,Delhi,Delhi,0
906,16,2026-02-09,21:57:39.0000000,Withdrawal,75861.00,5,NULL,Success,Electronics,Chennai,Tamil Nadu,0
907,16,2026-05-14,12:44:05.0000000,Transfer,12585.00,3,7,Success,Fuel,Hyderabad,Telangana,0
908,16,2026-08-16,03:30:31.0000000,Purchase,5713.00,1,5,Success,Healthcare,Coimbatore,Tamil Nadu,0
909,16,2025-11-18,18:16:57.0000000,Deposit,18591.00,7,NULL,Success,Electronics,Mumbai,Maharashtra,0
910,16,2026-02-20,09:03:23.0000000,Payment,11719.00,5,NULL,Success,Fuel,Pune,Maharashtra,0
911,16,2026-05-25,23:49:49.0000000,Withdrawal,4847.00,3,11,Success,Healthcare,Bengaluru,Karnataka,0
912,16,2026-08-27,14:36:15.0000000,Transfer,17725.00,1,9,Success,Electronics,Delhi,Delhi,0
913,16,2025-11-29,05:22:41.0000000,Purchase,10853.00,7,NULL,Success,Fuel,Chennai,Tamil Nadu,0
914,16,2026-03-03,20:09:07.0000000,Deposit,3981.00,5,NULL,Success,Healthcare,Hyderabad,Telangana,0
915,16,2026-06-05,10:55:33.0000000,Payment,16859.00,3,3,Success,Electronics,Coimbatore,Tamil Nadu,0
916,16,2026-09-07,01:41:59.0000000,Withdrawal,9987.00,1,1,Success,Fuel,Mumbai,Maharashtra,0
917,16,2025-12-10,16:28:25.0000000,Transfer,3115.00,7,NULL,Success,Healthcare,Pune,Maharashtra,0
918,16,2026-03-14,07:14:51.0000000,Purchase,15993.00,5,NULL,Success,Electronics,Bengaluru,Karnataka,0
919,16,2026-06-16,22:01:17.0000000,Deposit,9121.00,3,7,Success,Fuel,Delhi,Delhi,0
920,16,2026-09-18,12:47:43.0000000,Payment,2249.00,1,5,Success,Healthcare,Chennai,Tamil Nadu,0
921,16,2025-12-21,03:34:09.0000000,Withdrawal,15127.00,7,NULL,Success,Electronics,Hyderabad,Telangana,0
922,16,2026-03-25,18:20:35.0000000,Transfer,8255.00,5,NULL,Success,Fuel,Coimbatore,Tamil Nadu,0
923,16,2026-06-27,09:07:01.0000000,Purchase,1383.00,3,11,Success,Healthcare,Mumbai,Maharashtra,0
924,16,2026-09-29,23:53:27.0000000,Deposit,14261.00,1,9,Success,Electronics,Pune,Maharashtra,0
925,16,2026-01-01,14:39:53.0000000,Payment,7389.00,7,NULL,Success,Fuel,Bengaluru,Karnataka,0
926,16,2026-04-05,05:26:19.0000000,Withdrawal,517.00,5,NULL,Success,Healthcare,Delhi,Delhi,0
927,16,2026-07-08,20:12:45.0000000,Transfer,13395.00,3,3,Success,Electronics,Chennai,Tamil Nadu,0
928,16,2025-10-10,10:59:11.0000000,Purchase,6523.00,1,1,Failed,Fuel,Hyderabad,Telangana,0
929,16,2026-01-12,01:45:37.0000000,Deposit,19401.00,7,NULL,Success,Healthcare,Coimbatore,Tamil Nadu,0
930,16,2026-04-16,16:32:03.0000000,Payment,12529.00,5,NULL,Success,Electronics,Mumbai,Maharashtra,0
931,16,2026-07-19,07:18:29.0000000,Withdrawal,5657.00,3,7,Success,Fuel,Pune,Maharashtra,0
932,16,2025-10-21,22:04:55.0000000,Transfer,18535.00,1,5,Success,Healthcare,Bengaluru,Karnataka,0
933,16,2026-01-23,12:51:21.0000000,Purchase,11663.00,7,NULL,Success,Electronics,Delhi,Delhi,0
934,16,2026-04-27,03:37:47.0000000,Deposit,4791.00,5,NULL,Success,Fuel,Chennai,Tamil Nadu,0
935,16,2026-07-30,18:24:13.0000000,Payment,17669.00,3,11,Success,Healthcare,Hyderabad,Telangana,0
936,16,2025-11-01,09:10:39.0000000,Withdrawal,10797.00,1,9,Success,Electronics,Coimbatore,Tamil Nadu,0
937,16,2026-02-03,23:57:05.0000000,Transfer,3925.00,7,NULL,Success,Fuel,Mumbai,Maharashtra,0
938,16,2026-05-08,14:43:31.0000000,Purchase,16803.00,5,NULL,Pending,Healthcare,Pune,Maharashtra,0
939,16,2026-08-10,05:29:57.0000000,Deposit,9931.00,3,3,Success,Electronics,Bengaluru,Karnataka,0
940,16,2025-11-12,20:16:23.0000000,Payment,3059.00,1,1,Success,Fuel,Delhi,Delhi,0
941,16,2026-02-14,11:02:49.0000000,Withdrawal,15937.00,7,NULL,Success,Healthcare,Chennai,Tamil Nadu,0
942,16,2026-05-19,01:49:15.0000000,Transfer,9065.00,5,NULL,Success,Electronics,Hyderabad,Telangana,0
943,16,2026-08-21,16:35:41.0000000,Purchase,2193.00,3,7,Success,Fuel,Coimbatore,Tamil Nadu,0
944,16,2025-11-23,07:22:07.0000000,Deposit,15071.00,1,5,Success,Healthcare,Mumbai,Maharashtra,0
945,16,2026-02-25,22:08:33.0000000,Payment,8199.00,7,NULL,Success,Electronics,Pune,Maharashtra,0
946,16,2026-05-30,12:54:59.0000000,Withdrawal,1327.00,5,NULL,Success,Fuel,Bengaluru,Karnataka,0
947,16,2026-09-01,03:41:25.0000000,Transfer,79715.00,3,11,Success,Healthcare,Delhi,Delhi,0
948,16,2025-12-04,18:27:51.0000000,Purchase,7333.00,1,9,Success,Electronics,Chennai,Tamil Nadu,0
949,16,2026-03-08,09:14:17.0000000,Deposit,461.00,7,NULL,Success,Fuel,Hyderabad,Telangana,0
950,16,2026-06-10,00:00:43.0000000,Payment,13339.00,5,NULL,Success,Healthcare,Coimbatore,Tamil Nadu,0
951,16,2026-09-12,14:47:09.0000000,Withdrawal,6467.00,3,3,Success,Electronics,Mumbai,Maharashtra,0
952,16,2025-12-15,05:33:35.0000000,Transfer,19345.00,1,1,Success,Fuel,Pune,Maharashtra,0
953,16,2026-03-19,20:20:01.0000000,Purchase,12473.00,7,NULL,Success,Healthcare,Bengaluru,Karnataka,0
954,16,2026-06-21,11:06:27.0000000,Deposit,5601.00,5,NULL,Success,Electronics,Delhi,Delhi,0
955,16,2026-09-23,01:52:53.0000000,Payment,18479.00,3,7,Reversed,Fuel,Chennai,Tamil Nadu,0
956,16,2025-12-26,16:39:19.0000000,Withdrawal,11607.00,1,5,Success,Healthcare,Hyderabad,Telangana,0
957,16,2026-03-30,07:25:45.0000000,Transfer,4735.00,7,NULL,Failed,Electronics,Coimbatore,Tamil Nadu,0
958,16,2026-07-02,22:12:11.0000000,Purchase,17613.00,5,NULL,Success,Fuel,Mumbai,Maharashtra,0
959,16,2025-10-04,12:58:37.0000000,Deposit,10741.00,3,11,Success,Healthcare,Pune,Maharashtra,0
960,16,2026-01-06,03:45:03.0000000,Payment,3869.00,1,9,Success,Electronics,Bengaluru,Karnataka,0
961,17,2025-10-17,11:11:44.0000000,Transfer,2442.00,8,NULL,Success,Travel,Mumbai,Maharashtra,0
962,17,2026-01-19,01:58:10.0000000,Purchase,15320.00,6,NULL,Success,Restaurant,Pune,Maharashtra,0
963,17,2026-04-23,16:44:36.0000000,Deposit,8448.00,4,NULL,Success,Grocery,Bengaluru,Karnataka,0
964,17,2026-07-26,07:31:02.0000000,Payment,1576.00,2,10,Success,Travel,Delhi,Delhi,0
965,17,2025-10-28,22:17:28.0000000,Withdrawal,14454.00,8,NULL,Success,Restaurant,Chennai,Tamil Nadu,0
966,17,2026-01-30,13:03:54.0000000,Transfer,7582.00,6,NULL,Success,Grocery,Hyderabad,Telangana,0
967,17,2026-05-04,03:50:20.0000000,Purchase,710.00,4,NULL,Failed,Travel,Coimbatore,Tamil Nadu,0
968,17,2026-08-06,18:36:46.0000000,Deposit,13588.00,2,2,Success,Restaurant,Mumbai,Maharashtra,0
969,17,2025-11-08,09:23:12.0000000,Payment,6716.00,8,NULL,Success,Grocery,Pune,Maharashtra,0
970,17,2026-02-10,00:09:38.0000000,Withdrawal,19594.00,6,NULL,Success,Travel,Bengaluru,Karnataka,0
971,17,2026-05-15,14:56:04.0000000,Transfer,12722.00,4,NULL,Success,Restaurant,Delhi,Delhi,0
972,17,2026-08-17,05:42:30.0000000,Purchase,5850.00,2,6,Success,Grocery,Chennai,Tamil Nadu,0
973,17,2025-11-19,20:28:56.0000000,Deposit,18728.00,8,NULL,Success,Travel,Hyderabad,Telangana,0
974,17,2026-02-21,11:15:22.0000000,Payment,11856.00,6,NULL,Success,Restaurant,Coimbatore,Tamil Nadu,0
975,17,2026-05-26,02:01:48.0000000,Withdrawal,4984.00,4,NULL,Success,Grocery,Mumbai,Maharashtra,0
976,17,2026-08-28,16:48:14.0000000,Transfer,17862.00,2,10,Success,Travel,Pune,Maharashtra,0
977,17,2025-11-30,07:34:40.0000000,Purchase,10990.00,8,NULL,Success,Restaurant,Bengaluru,Karnataka,0
978,17,2026-03-04,22:21:06.0000000,Deposit,4118.00,6,NULL,Success,Grocery,Delhi,Delhi,0
979,17,2026-06-06,13:07:32.0000000,Payment,16996.00,4,NULL,Success,Travel,Chennai,Tamil Nadu,0
980,17,2026-09-08,03:53:58.0000000,Withdrawal,10124.00,2,2,Pending,Restaurant,Hyderabad,Telangana,0
981,17,2025-12-11,18:40:24.0000000,Transfer,3252.00,8,NULL,Success,Grocery,Coimbatore,Tamil Nadu,0
982,17,2026-03-15,09:26:50.0000000,Purchase,16130.00,6,NULL,Success,Travel,Mumbai,Maharashtra,0
983,17,2026-06-17,00:13:16.0000000,Deposit,9258.00,4,NULL,Success,Restaurant,Pune,Maharashtra,0
984,17,2026-09-19,14:59:42.0000000,Payment,2386.00,2,6,Success,Grocery,Bengaluru,Karnataka,0
985,17,2025-12-22,05:46:08.0000000,Withdrawal,15264.00,8,NULL,Reversed,Travel,Delhi,Delhi,0
986,17,2026-03-26,20:32:34.0000000,Transfer,8392.00,6,NULL,Success,Restaurant,Chennai,Tamil Nadu,0
987,17,2026-06-28,11:19:00.0000000,Purchase,77460.00,4,NULL,Success,Grocery,Hyderabad,Telangana,0
988,17,2026-09-30,02:05:26.0000000,Deposit,14398.00,2,10,Success,Travel,Coimbatore,Tamil Nadu,0
989,17,2026-01-02,16:51:52.0000000,Payment,7526.00,8,NULL,Success,Restaurant,Mumbai,Maharashtra,0
990,17,2026-04-06,07:38:18.0000000,Withdrawal,654.00,6,NULL,Success,Grocery,Pune,Maharashtra,0
991,17,2026-07-09,22:24:44.0000000,Transfer,13532.00,4,NULL,Success,Travel,Bengaluru,Karnataka,0
992,17,2025-10-11,13:11:10.0000000,Purchase,6660.00,2,2,Success,Restaurant,Delhi,Delhi,0
993,17,2026-01-13,03:57:36.0000000,Deposit,19538.00,8,NULL,Success,Grocery,Chennai,Tamil Nadu,0
994,17,2026-04-17,18:44:02.0000000,Payment,12666.00,6,NULL,Success,Travel,Hyderabad,Telangana,0
995,17,2026-07-20,09:30:28.0000000,Withdrawal,5794.00,4,NULL,Success,Restaurant,Coimbatore,Tamil Nadu,0
996,17,2025-10-22,00:16:54.0000000,Transfer,18672.00,2,6,Failed,Grocery,Mumbai,Maharashtra,0
997,17,2026-01-24,15:03:20.0000000,Purchase,11800.00,8,NULL,Success,Travel,Pune,Maharashtra,0
998,17,2026-04-28,05:49:46.0000000,Deposit,4928.00,6,NULL,Success,Restaurant,Bengaluru,Karnataka,0
999,17,2026-07-31,20:36:12.0000000,Payment,17806.00,4,NULL,Success,Grocery,Delhi,Delhi,0
1000,17,2025-11-02,11:22:38.0000000,Withdrawal,10934.00,2,10,Success,Travel,Chennai,Tamil Nadu,0
1001,17,2026-02-04,02:09:04.0000000,Transfer,4062.00,8,NULL,Success,Restaurant,Hyderabad,Telangana,0
1002,17,2026-05-09,16:55:30.0000000,Purchase,16940.00,6,NULL,Success,Grocery,Coimbatore,Tamil Nadu,0
1003,17,2026-08-11,07:41:56.0000000,Deposit,10068.00,4,NULL,Success,Travel,Mumbai,Maharashtra,0
1004,17,2025-11-13,22:28:22.0000000,Payment,3196.00,2,2,Success,Restaurant,Pune,Maharashtra,0
1005,17,2026-02-15,13:14:48.0000000,Withdrawal,16074.00,8,NULL,Success,Grocery,Bengaluru,Karnataka,0
1006,17,2026-05-20,04:01:14.0000000,Transfer,9202.00,6,NULL,Success,Travel,Delhi,Delhi,0
1007,17,2026-08-22,18:47:40.0000000,Purchase,2330.00,4,NULL,Success,Restaurant,Chennai,Tamil Nadu,0
1008,17,2025-11-24,09:34:06.0000000,Deposit,15208.00,2,6,Success,Grocery,Hyderabad,Telangana,0
1009,17,2026-02-26,00:20:32.0000000,Payment,8336.00,8,NULL,Success,Travel,Coimbatore,Tamil Nadu,0
1010,17,2026-05-31,15:06:58.0000000,Withdrawal,1464.00,6,NULL,Success,Restaurant,Mumbai,Maharashtra,0
1011,17,2026-09-02,05:53:24.0000000,Transfer,14342.00,4,NULL,Success,Grocery,Pune,Maharashtra,0
1012,17,2025-12-05,20:39:50.0000000,Purchase,7470.00,2,10,Success,Travel,Bengaluru,Karnataka,0
1013,17,2026-03-09,11:26:16.0000000,Deposit,598.00,8,NULL,Success,Restaurant,Delhi,Delhi,0
1014,17,2026-06-11,02:12:42.0000000,Payment,13476.00,6,NULL,Success,Grocery,Chennai,Tamil Nadu,0
1015,17,2026-09-13,16:59:08.0000000,Withdrawal,6604.00,4,NULL,Success,Travel,Hyderabad,Telangana,0
1016,17,2025-12-16,07:45:34.0000000,Transfer,19482.00,2,2,Success,Restaurant,Coimbatore,Tamil Nadu,0
1017,17,2026-03-20,22:32:00.0000000,Purchase,12610.00,8,NULL,Success,Grocery,Mumbai,Maharashtra,0
1018,17,2026-06-22,13:18:26.0000000,Deposit,5738.00,6,NULL,Success,Travel,Pune,Maharashtra,0
1019,17,2026-09-24,04:04:52.0000000,Payment,18616.00,4,NULL,Success,Restaurant,Bengaluru,Karnataka,0
1020,17,2025-12-27,18:51:18.0000000,Withdrawal,11744.00,2,6,Success,Grocery,Delhi,Delhi,0
1021,17,2026-03-31,09:37:44.0000000,Transfer,4872.00,8,NULL,Success,Travel,Chennai,Tamil Nadu,0
1022,17,2026-07-03,00:24:10.0000000,Purchase,17750.00,6,NULL,Success,Restaurant,Hyderabad,Telangana,0
1023,17,2025-10-05,15:10:36.0000000,Deposit,10878.00,4,NULL,Success,Grocery,Coimbatore,Tamil Nadu,0
1024,17,2026-01-07,05:57:02.0000000,Payment,4006.00,2,10,Success,Travel,Mumbai,Maharashtra,0
1025,18,2025-10-18,13:23:43.0000000,Payment,2579.00,1,5,Success,Healthcare,Hyderabad,Telangana,0
1026,18,2026-01-20,04:10:09.0000000,Withdrawal,15457.00,7,NULL,Success,Electronics,Coimbatore,Tamil Nadu,0
1027,18,2026-04-24,18:56:35.0000000,Transfer,75205.00,5,NULL,Success,Fuel,Mumbai,Maharashtra,0
1028,18,2026-07-27,09:43:01.0000000,Purchase,1713.00,3,11,Success,Healthcare,Pune,Maharashtra,0
1029,18,2025-10-29,00:29:27.0000000,Deposit,14591.00,1,9,Success,Electronics,Bengaluru,Karnataka,0
1030,18,2026-01-31,15:15:53.0000000,Payment,7719.00,7,NULL,Success,Fuel,Delhi,Delhi,0
1031,18,2026-05-05,06:02:19.0000000,Withdrawal,847.00,5,NULL,Success,Healthcare,Chennai,Tamil Nadu,0
1032,18,2026-08-07,20:48:45.0000000,Transfer,13725.00,3,3,Success,Electronics,Hyderabad,Telangana,0
1033,18,2025-11-09,11:35:11.0000000,Purchase,6853.00,1,1,Success,Fuel,Coimbatore,Tamil Nadu,0
1034,18,2026-02-11,02:21:37.0000000,Deposit,19731.00,7,NULL,Success,Healthcare,Mumbai,Maharashtra,0
1035,18,2026-05-16,17:08:03.0000000,Payment,12859.00,5,NULL,Failed,Electronics,Pune,Maharashtra,0
1036,18,2026-08-18,07:54:29.0000000,Withdrawal,5987.00,3,7,Success,Fuel,Bengaluru,Karnataka,0
1037,18,2025-11-20,22:40:55.0000000,Transfer,18865.00,1,5,Success,Healthcare,Delhi,Delhi,0
1038,18,2026-02-22,13:27:21.0000000,Purchase,11993.00,7,NULL,Success,Electronics,Chennai,Tamil Nadu,0
1039,18,2026-05-27,04:13:47.0000000,Deposit,5121.00,5,NULL,Success,Fuel,Hyderabad,Telangana,0
1040,18,2026-08-29,19:00:13.0000000,Payment,17999.00,3,11,Success,Healthcare,Coimbatore,Tamil Nadu,0
1041,18,2025-12-01,09:46:39.0000000,Withdrawal,11127.00,1,9,Success,Electronics,Mumbai,Maharashtra,0
1042,18,2026-03-05,00:33:05.0000000,Transfer,4255.00,7,NULL,Success,Fuel,Pune,Maharashtra,0
1043,18,2026-06-07,15:19:31.0000000,Purchase,17133.00,5,NULL,Success,Healthcare,Bengaluru,Karnataka,0
1044,18,2026-09-09,06:05:57.0000000,Deposit,10261.00,3,3,Success,Electronics,Delhi,Delhi,0
1045,18,2025-12-12,20:52:23.0000000,Payment,3389.00,1,1,Success,Fuel,Chennai,Tamil Nadu,0
1046,18,2026-03-16,11:38:49.0000000,Withdrawal,16267.00,7,NULL,Success,Healthcare,Hyderabad,Telangana,0
1047,18,2026-06-18,02:25:15.0000000,Transfer,9395.00,5,NULL,Success,Electronics,Coimbatore,Tamil Nadu,0
1048,18,2026-09-20,17:11:41.0000000,Purchase,2523.00,3,7,Success,Fuel,Mumbai,Maharashtra,0
1049,18,2025-12-23,07:58:07.0000000,Deposit,15401.00,1,5,Success,Healthcare,Pune,Maharashtra,0
1050,18,2026-03-27,22:44:33.0000000,Payment,8529.00,7,NULL,Success,Electronics,Bengaluru,Karnataka,0
1051,18,2026-06-29,13:30:59.0000000,Withdrawal,1657.00,5,NULL,Success,Fuel,Delhi,Delhi,0
1052,18,2025-10-01,04:17:25.0000000,Transfer,14535.00,3,11,Success,Healthcare,Chennai,Tamil Nadu,0
1053,18,2026-01-03,19:03:51.0000000,Purchase,7663.00,1,9,Success,Electronics,Hyderabad,Telangana,0
1054,18,2026-04-07,09:50:17.0000000,Deposit,791.00,7,NULL,Success,Fuel,Coimbatore,Tamil Nadu,0
1055,18,2026-07-10,00:36:43.0000000,Payment,13669.00,5,NULL,Success,Healthcare,Mumbai,Maharashtra,0
1056,18,2025-10-12,15:23:09.0000000,Withdrawal,6797.00,3,3,Success,Electronics,Pune,Maharashtra,0
1057,18,2026-01-14,06:09:35.0000000,Transfer,19675.00,1,1,Success,Fuel,Bengaluru,Karnataka,0
1058,18,2026-04-18,20:56:01.0000000,Purchase,12803.00,7,NULL,Success,Healthcare,Delhi,Delhi,0
1059,18,2026-07-21,11:42:27.0000000,Deposit,5931.00,5,NULL,Success,Electronics,Chennai,Tamil Nadu,0
1060,18,2025-10-23,02:28:53.0000000,Payment,18809.00,3,7,Success,Fuel,Hyderabad,Telangana,0
1061,18,2026-01-25,17:15:19.0000000,Withdrawal,11937.00,1,5,Success,Healthcare,Coimbatore,Tamil Nadu,0
1062,18,2026-04-29,08:01:45.0000000,Transfer,5065.00,7,NULL,Success,Electronics,Mumbai,Maharashtra,0
1063,18,2026-08-01,22:48:11.0000000,Purchase,153589.00,5,NULL,Success,Fuel,Pune,Maharashtra,0
1064,18,2025-11-03,13:34:37.0000000,Deposit,11071.00,3,11,Failed,Healthcare,Bengaluru,Karnataka,0
1065,18,2026-02-05,04:21:03.0000000,Payment,4199.00,1,9,Success,Electronics,Delhi,Delhi,0
1066,18,2026-05-10,19:07:29.0000000,Withdrawal,17077.00,7,NULL,Success,Fuel,Chennai,Tamil Nadu,0
1067,18,2026-08-12,09:53:55.0000000,Transfer,10205.00,5,NULL,Success,Healthcare,Hyderabad,Telangana,0
1068,18,2025-11-14,00:40:21.0000000,Purchase,79059.00,3,3,Success,Electronics,Coimbatore,Tamil Nadu,0
1069,18,2026-02-16,15:26:47.0000000,Deposit,16211.00,1,1,Success,Fuel,Mumbai,Maharashtra,0
1070,18,2026-05-21,06:13:13.0000000,Payment,9339.00,7,NULL,Success,Healthcare,Pune,Maharashtra,0
1071,18,2026-08-23,20:59:39.0000000,Withdrawal,2467.00,5,NULL,Success,Electronics,Bengaluru,Karnataka,0
1072,18,2025-11-25,11:46:05.0000000,Transfer,15345.00,3,7,Success,Fuel,Delhi,Delhi,0
1073,18,2026-02-27,02:32:31.0000000,Purchase,8473.00,1,5,Success,Healthcare,Chennai,Tamil Nadu,0
1074,18,2026-06-01,17:18:57.0000000,Deposit,1601.00,7,NULL,Success,Electronics,Hyderabad,Telangana,0
1075,18,2026-09-03,08:05:23.0000000,Payment,14479.00,5,NULL,Pending,Fuel,Coimbatore,Tamil Nadu,0
1076,18,2025-12-06,22:51:49.0000000,Withdrawal,7607.00,3,11,Success,Healthcare,Mumbai,Maharashtra,0
1077,18,2026-03-10,13:38:15.0000000,Transfer,735.00,1,9,Success,Electronics,Pune,Maharashtra,0
1078,18,2026-06-12,04:24:41.0000000,Purchase,13613.00,7,NULL,Success,Fuel,Bengaluru,Karnataka,0
1079,18,2026-09-14,19:11:07.0000000,Deposit,6741.00,5,NULL,Success,Healthcare,Delhi,Delhi,0
1080,18,2025-12-17,09:57:33.0000000,Payment,19619.00,3,3,Success,Electronics,Chennai,Tamil Nadu,0
1081,18,2026-03-21,00:43:59.0000000,Withdrawal,12747.00,1,1,Success,Fuel,Hyderabad,Telangana,0
1082,18,2026-06-23,15:30:25.0000000,Transfer,5875.00,7,NULL,Success,Healthcare,Coimbatore,Tamil Nadu,0
1083,18,2026-09-25,06:16:51.0000000,Purchase,18753.00,5,NULL,Success,Electronics,Mumbai,Maharashtra,0
1084,18,2025-12-28,21:03:17.0000000,Deposit,11881.00,3,7,Success,Fuel,Pune,Maharashtra,0
1085,18,2026-04-01,11:49:43.0000000,Payment,5009.00,1,5,Success,Healthcare,Bengaluru,Karnataka,0
1086,18,2026-07-04,02:36:09.0000000,Withdrawal,17887.00,7,NULL,Reversed,Electronics,Delhi,Delhi,0
1087,18,2025-10-06,17:22:35.0000000,Transfer,11015.00,5,NULL,Success,Fuel,Chennai,Tamil Nadu,0
1088,18,2026-01-08,08:09:01.0000000,Purchase,4143.00,3,11,Success,Healthcare,Hyderabad,Telangana,0
1089,19,2025-10-19,15:35:42.0000000,Payment,2716.00,2,6,Success,Grocery,Delhi,Delhi,0
1090,19,2026-01-21,06:22:08.0000000,Withdrawal,15594.00,8,NULL,Success,Travel,Chennai,Tamil Nadu,0
1091,19,2026-04-25,21:08:34.0000000,Transfer,8722.00,6,NULL,Success,Restaurant,Hyderabad,Telangana,0
1092,19,2026-07-28,11:55:00.0000000,Purchase,1850.00,4,NULL,Success,Grocery,Coimbatore,Tamil Nadu,0
1093,19,2025-10-30,02:41:26.0000000,Deposit,14728.00,2,10,Success,Travel,Mumbai,Maharashtra,0
1094,19,2026-02-01,17:27:52.0000000,Payment,7856.00,8,NULL,Success,Restaurant,Pune,Maharashtra,0
1095,19,2026-05-06,08:14:18.0000000,Withdrawal,150582.00,6,NULL,Success,Grocery,Bengaluru,Karnataka,0
1096,19,2026-08-08,23:00:44.0000000,Transfer,13862.00,4,NULL,Success,Travel,Delhi,Delhi,0
1097,19,2025-11-10,13:47:10.0000000,Purchase,6990.00,2,2,Success,Restaurant,Chennai,Tamil Nadu,0
1098,19,2026-02-12,04:33:36.0000000,Deposit,19868.00,8,NULL,Success,Grocery,Hyderabad,Telangana,0
1099,19,2026-05-17,19:20:02.0000000,Payment,12996.00,6,NULL,Success,Travel,Coimbatore,Tamil Nadu,0
1100,19,2026-08-19,10:06:28.0000000,Withdrawal,6124.00,4,NULL,Success,Restaurant,Mumbai,Maharashtra,0
1101,19,2025-11-21,00:52:54.0000000,Transfer,19002.00,2,6,Success,Grocery,Pune,Maharashtra,0
1102,19,2026-02-23,15:39:20.0000000,Purchase,12130.00,8,NULL,Success,Travel,Bengaluru,Karnataka,0
1103,19,2026-05-28,06:25:46.0000000,Deposit,5258.00,6,NULL,Failed,Restaurant,Delhi,Delhi,0
1104,19,2026-08-30,21:12:12.0000000,Payment,18136.00,4,NULL,Success,Grocery,Chennai,Tamil Nadu,0
1105,19,2025-12-02,11:58:38.0000000,Withdrawal,11264.00,2,10,Success,Travel,Hyderabad,Telangana,0
1106,19,2026-03-06,02:45:04.0000000,Transfer,4392.00,8,NULL,Success,Restaurant,Coimbatore,Tamil Nadu,0
1107,19,2026-06-08,17:31:30.0000000,Purchase,17270.00,6,NULL,Success,Grocery,Mumbai,Maharashtra,0
1108,19,2026-09-10,08:17:56.0000000,Deposit,76804.00,4,NULL,Success,Travel,Pune,Maharashtra,0
1109,19,2025-12-13,23:04:22.0000000,Payment,3526.00,2,2,Success,Restaurant,Bengaluru,Karnataka,0
1110,19,2026-03-17,13:50:48.0000000,Withdrawal,16404.00,8,NULL,Success,Grocery,Delhi,Delhi,0
1111,19,2026-06-19,04:37:14.0000000,Transfer,9532.00,6,NULL,Success,Travel,Chennai,Tamil Nadu,0
1112,19,2026-09-21,19:23:40.0000000,Purchase,2660.00,4,NULL,Success,Restaurant,Hyderabad,Telangana,0
1113,19,2025-12-24,10:10:06.0000000,Deposit,15538.00,2,6,Success,Grocery,Coimbatore,Tamil Nadu,0
1114,19,2026-03-28,00:56:32.0000000,Payment,8666.00,8,NULL,Success,Travel,Mumbai,Maharashtra,0
1115,19,2026-06-30,15:42:58.0000000,Withdrawal,1794.00,6,NULL,Success,Restaurant,Pune,Maharashtra,0
1116,19,2025-10-02,06:29:24.0000000,Transfer,14672.00,4,NULL,Reversed,Grocery,Bengaluru,Karnataka,0
1117,19,2026-01-04,21:15:50.0000000,Purchase,7800.00,2,10,Pending,Travel,Delhi,Delhi,0
1118,19,2026-04-08,12:02:16.0000000,Deposit,928.00,8,NULL,Success,Restaurant,Chennai,Tamil Nadu,0
1119,19,2026-07-11,02:48:42.0000000,Payment,13806.00,6,NULL,Success,Grocery,Hyderabad,Telangana,0
1120,19,2025-10-13,17:35:08.0000000,Withdrawal,6934.00,4,NULL,Success,Travel,Coimbatore,Tamil Nadu,0
1121,19,2026-01-15,08:21:34.0000000,Transfer,19812.00,2,2,Success,Restaurant,Mumbai,Maharashtra,0
1122,19,2026-04-19,23:08:00.0000000,Purchase,12940.00,8,NULL,Success,Grocery,Pune,Maharashtra,0
1123,19,2026-07-22,13:54:26.0000000,Deposit,6068.00,6,NULL,Success,Travel,Bengaluru,Karnataka,0
1124,19,2025-10-24,04:40:52.0000000,Payment,18946.00,4,NULL,Success,Restaurant,Delhi,Delhi,0
1125,19,2026-01-26,19:27:18.0000000,Withdrawal,12074.00,2,6,Success,Grocery,Chennai,Tamil Nadu,0
1126,19,2026-04-30,10:13:44.0000000,Transfer,5202.00,8,NULL,Success,Travel,Hyderabad,Telangana,0
1127,19,2026-08-02,01:00:10.0000000,Purchase,18080.00,6,NULL,Success,Restaurant,Coimbatore,Tamil Nadu,0
1128,19,2025-11-04,15:46:36.0000000,Deposit,11208.00,4,NULL,Success,Grocery,Mumbai,Maharashtra,0
1129,19,2026-02-06,06:33:02.0000000,Payment,4336.00,2,10,Success,Travel,Pune,Maharashtra,0
1130,19,2026-05-11,21:19:28.0000000,Withdrawal,17214.00,8,NULL,Success,Restaurant,Bengaluru,Karnataka,0
1131,19,2026-08-13,12:05:54.0000000,Transfer,10342.00,6,NULL,Success,Grocery,Delhi,Delhi,0
1132,19,2025-11-15,02:52:20.0000000,Purchase,3470.00,4,NULL,Failed,Travel,Chennai,Tamil Nadu,0
1133,19,2026-02-17,17:38:46.0000000,Deposit,16348.00,2,2,Success,Restaurant,Hyderabad,Telangana,0
1134,19,2026-05-22,08:25:12.0000000,Payment,9476.00,8,NULL,Success,Grocery,Coimbatore,Tamil Nadu,0
1135,19,2026-08-24,23:11:38.0000000,Withdrawal,2604.00,6,NULL,Success,Travel,Mumbai,Maharashtra,0
1136,19,2025-11-26,13:58:04.0000000,Transfer,15482.00,4,NULL,Success,Restaurant,Pune,Maharashtra,0
1137,19,2026-02-28,04:44:30.0000000,Purchase,8610.00,2,6,Success,Grocery,Bengaluru,Karnataka,0
1138,19,2026-06-02,19:30:56.0000000,Deposit,1738.00,8,NULL,Success,Travel,Delhi,Delhi,0
1139,19,2026-09-04,10:17:22.0000000,Payment,14616.00,6,NULL,Success,Restaurant,Chennai,Tamil Nadu,0
1140,19,2025-12-07,01:03:48.0000000,Withdrawal,7744.00,4,NULL,Success,Grocery,Hyderabad,Telangana,0
1141,19,2026-03-11,15:50:14.0000000,Transfer,872.00,2,10,Success,Travel,Coimbatore,Tamil Nadu,0
1142,19,2026-06-13,06:36:40.0000000,Purchase,13750.00,8,NULL,Success,Restaurant,Mumbai,Maharashtra,0
1143,19,2026-09-15,21:23:06.0000000,Deposit,6878.00,6,NULL,Success,Grocery,Pune,Maharashtra,0
1144,19,2025-12-18,12:09:32.0000000,Payment,19756.00,4,NULL,Success,Travel,Bengaluru,Karnataka,0
1145,19,2026-03-22,02:55:58.0000000,Withdrawal,12884.00,2,2,Success,Restaurant,Delhi,Delhi,0
1146,19,2026-06-24,17:42:24.0000000,Transfer,6012.00,8,NULL,Success,Grocery,Chennai,Tamil Nadu,0
1147,19,2026-09-26,08:28:50.0000000,Purchase,18890.00,6,NULL,Success,Travel,Hyderabad,Telangana,0
1148,19,2025-12-29,23:15:16.0000000,Deposit,12018.00,4,NULL,Success,Restaurant,Coimbatore,Tamil Nadu,0
1149,19,2026-04-02,14:01:42.0000000,Payment,80658.00,2,6,Success,Grocery,Mumbai,Maharashtra,0
1150,19,2026-07-05,04:48:08.0000000,Withdrawal,18024.00,8,NULL,Success,Travel,Pune,Maharashtra,0
1151,19,2025-10-07,19:34:34.0000000,Transfer,11152.00,6,NULL,Success,Restaurant,Bengaluru,Karnataka,0
1152,19,2026-01-09,10:21:00.0000000,Purchase,4280.00,4,NULL,Success,Grocery,Delhi,Delhi,0
1153,20,2025-10-20,17:47:41.0000000,Purchase,2853.00,3,7,Success,Fuel,Pune,Maharashtra,0
1154,20,2026-01-22,08:34:07.0000000,Deposit,15731.00,1,5,Success,Healthcare,Bengaluru,Karnataka,1
1155,20,2026-04-26,23:20:33.0000000,Payment,8859.00,7,NULL,Success,Electronics,Delhi,Delhi,0
1156,20,2026-07-29,14:06:59.0000000,Withdrawal,1987.00,5,NULL,Success,Fuel,Chennai,Tamil Nadu,0
1157,20,2025-10-31,04:53:25.0000000,Transfer,14865.00,3,11,Success,Healthcare,Hyderabad,Telangana,0
1158,20,2026-02-02,19:39:51.0000000,Purchase,7993.00,1,9,Success,Electronics,Coimbatore,Tamil Nadu,0
1159,20,2026-05-07,10:26:17.0000000,Deposit,1121.00,7,NULL,Pending,Fuel,Mumbai,Maharashtra,0
1160,20,2026-08-09,01:12:43.0000000,Payment,13999.00,5,NULL,Success,Healthcare,Pune,Maharashtra,0
1161,20,2025-11-11,15:59:09.0000000,Withdrawal,7127.00,3,3,Success,Electronics,Bengaluru,Karnataka,0
1162,20,2026-02-13,06:45:35.0000000,Transfer,255.00,1,1,Success,Fuel,Delhi,Delhi,0
1163,20,2026-05-18,21:32:01.0000000,Purchase,13133.00,7,NULL,Success,Healthcare,Chennai,Tamil Nadu,0
1164,20,2026-08-20,12:18:27.0000000,Deposit,6261.00,5,NULL,Success,Electronics,Hyderabad,Telangana,0
1165,20,2025-11-22,03:04:53.0000000,Payment,19139.00,3,7,Success,Fuel,Coimbatore,Tamil Nadu,0
1166,20,2026-02-24,17:51:19.0000000,Withdrawal,12267.00,1,5,Success,Healthcare,Mumbai,Maharashtra,0
1167,20,2026-05-29,08:37:45.0000000,Transfer,5395.00,7,NULL,Success,Electronics,Pune,Maharashtra,0
1168,20,2026-08-31,23:24:11.0000000,Purchase,18273.00,5,NULL,Success,Fuel,Bengaluru,Karnataka,0
1169,20,2025-12-03,14:10:37.0000000,Deposit,11401.00,3,11,Success,Healthcare,Delhi,Delhi,0
1170,20,2026-03-07,04:57:03.0000000,Payment,4529.00,1,9,Success,Electronics,Chennai,Tamil Nadu,0
1171,20,2026-06-09,19:43:29.0000000,Withdrawal,17407.00,7,NULL,Failed,Fuel,Hyderabad,Telangana,0
1172,20,2026-09-11,10:29:55.0000000,Transfer,10535.00,5,NULL,Success,Healthcare,Coimbatore,Tamil Nadu,0
1173,20,2025-12-14,01:16:21.0000000,Purchase,3663.00,3,3,Success,Electronics,Mumbai,Maharashtra,0
1174,20,2026-03-18,16:02:47.0000000,Deposit,16541.00,1,1,Success,Fuel,Pune,Maharashtra,0
1175,20,2026-06-20,06:49:13.0000000,Payment,9669.00,7,NULL,Success,Healthcare,Bengaluru,Karnataka,0
1176,20,2026-09-22,21:35:39.0000000,Withdrawal,2797.00,5,NULL,Success,Electronics,Delhi,Delhi,0
1177,20,2025-12-25,12:22:05.0000000,Transfer,15675.00,3,7,Success,Fuel,Chennai,Tamil Nadu,0
1178,20,2026-03-29,03:08:31.0000000,Purchase,8803.00,1,5,Success,Healthcare,Hyderabad,Telangana,0
1179,20,2026-07-01,17:54:57.0000000,Deposit,1931.00,7,NULL,Success,Electronics,Coimbatore,Tamil Nadu,0
1180,20,2025-10-03,08:41:23.0000000,Payment,14809.00,5,NULL,Success,Fuel,Mumbai,Maharashtra,0
1181,20,2026-01-05,23:27:49.0000000,Withdrawal,7937.00,3,11,Success,Healthcare,Pune,Maharashtra,0
1182,20,2026-04-09,14:14:15.0000000,Transfer,1065.00,1,9,Success,Electronics,Bengaluru,Karnataka,0
1183,20,2026-07-12,05:00:41.0000000,Purchase,13943.00,7,NULL,Success,Fuel,Delhi,Delhi,0
1184,20,2025-10-14,19:47:07.0000000,Deposit,7071.00,5,NULL,Success,Healthcare,Chennai,Tamil Nadu,0
1185,20,2026-01-16,10:33:33.0000000,Payment,19949.00,3,3,Success,Electronics,Hyderabad,Telangana,0
1186,20,2026-04-20,01:19:59.0000000,Withdrawal,13077.00,1,1,Success,Fuel,Coimbatore,Tamil Nadu,0
1187,20,2026-07-23,16:06:25.0000000,Transfer,6205.00,7,NULL,Success,Healthcare,Mumbai,Maharashtra,0
1188,20,2025-10-25,06:52:51.0000000,Purchase,19083.00,5,NULL,Success,Electronics,Pune,Maharashtra,0
1189,20,2026-01-27,21:39:17.0000000,Deposit,78403.00,3,7,Success,Fuel,Bengaluru,Karnataka,0
1190,20,2026-05-01,12:25:43.0000000,Payment,5339.00,1,5,Success,Healthcare,Delhi,Delhi,0
1191,20,2026-08-03,03:12:09.0000000,Withdrawal,18217.00,7,NULL,Success,Electronics,Chennai,Tamil Nadu,0
1192,20,2025-11-05,17:58:35.0000000,Transfer,11345.00,5,NULL,Success,Fuel,Hyderabad,Telangana,0
1193,20,2026-02-07,08:45:01.0000000,Purchase,4473.00,3,11,Success,Healthcare,Coimbatore,Tamil Nadu,0
1194,20,2026-05-12,23:31:27.0000000,Deposit,17351.00,1,9,Success,Electronics,Mumbai,Maharashtra,0
1195,20,2026-08-14,14:17:53.0000000,Payment,10479.00,7,NULL,Success,Fuel,Pune,Maharashtra,0
1196,20,2025-11-16,05:04:19.0000000,Withdrawal,3607.00,5,NULL,Success,Healthcare,Bengaluru,Karnataka,0
1197,20,2026-02-18,19:50:45.0000000,Transfer,16485.00,3,3,Success,Electronics,Delhi,Delhi,0
1198,20,2026-05-23,10:37:11.0000000,Purchase,9613.00,1,1,Success,Fuel,Chennai,Tamil Nadu,0
1199,20,2026-08-25,01:23:37.0000000,Deposit,2741.00,7,NULL,Success,Healthcare,Hyderabad,Telangana,0
1200,20,2025-11-27,16:10:03.0000000,Payment,15619.00,5,NULL,Failed,Electronics,Coimbatore,Tamil Nadu,0
1201,20,2026-03-01,06:56:29.0000000,Withdrawal,8747.00,3,7,Success,Fuel,Mumbai,Maharashtra,0
1202,20,2026-06-03,21:42:55.0000000,Transfer,1875.00,1,5,Success,Healthcare,Pune,Maharashtra,0
1203,20,2026-09-05,12:29:21.0000000,Purchase,14753.00,7,NULL,Success,Electronics,Bengaluru,Karnataka,0
1204,20,2025-12-08,03:15:47.0000000,Deposit,7881.00,5,NULL,Success,Fuel,Delhi,Delhi,0
1205,20,2026-03-12,18:02:13.0000000,Payment,1009.00,3,11,Success,Healthcare,Chennai,Tamil Nadu,0
1206,20,2026-06-14,08:48:39.0000000,Withdrawal,13887.00,1,9,Success,Electronics,Hyderabad,Telangana,0
1207,20,2026-09-16,23:35:05.0000000,Transfer,7015.00,7,NULL,Success,Fuel,Coimbatore,Tamil Nadu,0
1208,20,2025-12-19,14:21:31.0000000,Purchase,19893.00,5,NULL,Success,Healthcare,Mumbai,Maharashtra,0
1209,20,2026-03-23,05:07:57.0000000,Deposit,13021.00,3,3,Success,Electronics,Pune,Maharashtra,0
1210,20,2026-06-25,19:54:23.0000000,Payment,6149.00,1,1,Success,Fuel,Bengaluru,Karnataka,0
1211,20,2026-09-27,10:40:49.0000000,Withdrawal,19027.00,7,NULL,Success,Healthcare,Delhi,Delhi,0
1212,20,2025-12-30,01:27:15.0000000,Transfer,12155.00,5,NULL,Pending,Electronics,Chennai,Tamil Nadu,0
1213,20,2026-04-03,16:13:41.0000000,Purchase,5283.00,3,7,Success,Fuel,Hyderabad,Telangana,0
1214,20,2026-07-06,07:00:07.0000000,Deposit,18161.00,1,5,Success,Healthcare,Coimbatore,Tamil Nadu,0
1215,20,2025-10-08,21:46:33.0000000,Payment,11289.00,7,NULL,Success,Electronics,Mumbai,Maharashtra,0
1216,20,2026-01-10,12:32:59.0000000,Withdrawal,4417.00,5,NULL,Success,Fuel,Pune,Maharashtra,0
1217,21,2025-10-21,19:59:40.0000000,Purchase,2990.00,4,NULL,Success,Restaurant,Coimbatore,Tamil Nadu,0
1218,21,2026-01-23,10:46:06.0000000,Deposit,15868.00,2,6,Success,Grocery,Mumbai,Maharashtra,0
1219,21,2026-04-27,01:32:32.0000000,Payment,8996.00,8,NULL,Success,Travel,Pune,Maharashtra,0
1220,21,2026-07-30,16:18:58.0000000,Withdrawal,2124.00,6,NULL,Success,Restaurant,Bengaluru,Karnataka,0
1221,21,2025-11-01,07:05:24.0000000,Transfer,15002.00,4,NULL,Success,Grocery,Delhi,Delhi,0
1222,21,2026-02-03,21:51:50.0000000,Purchase,8130.00,2,10,Success,Travel,Chennai,Tamil Nadu,0
1223,21,2026-05-08,12:38:16.0000000,Deposit,1258.00,8,NULL,Success,Restaurant,Hyderabad,Telangana,0
1224,21,2026-08-10,03:24:42.0000000,Payment,14136.00,6,NULL,Success,Grocery,Coimbatore,Tamil Nadu,1
1225,21,2025-11-12,18:11:08.0000000,Withdrawal,7264.00,4,NULL,Success,Travel,Mumbai,Maharashtra,0
1226,21,2026-02-14,08:57:34.0000000,Transfer,392.00,2,2,Success,Restaurant,Pune,Maharashtra,0
1227,21,2026-05-19,23:44:00.0000000,Purchase,13270.00,8,NULL,Success,Grocery,Bengaluru,Karnataka,0
1228,21,2026-08-21,14:30:26.0000000,Deposit,6398.00,6,NULL,Success,Travel,Delhi,Delhi,0
1229,21,2025-11-23,05:16:52.0000000,Payment,76148.00,4,NULL,Success,Restaurant,Chennai,Tamil Nadu,0
1230,21,2026-02-25,20:03:18.0000000,Withdrawal,12404.00,2,6,Success,Grocery,Hyderabad,Telangana,0
1231,21,2026-05-30,10:49:44.0000000,Transfer,5532.00,8,NULL,Success,Travel,Coimbatore,Tamil Nadu,0
1232,21,2026-09-01,01:36:10.0000000,Purchase,18410.00,6,NULL,Success,Restaurant,Mumbai,Maharashtra,0
1233,21,2025-12-04,16:22:36.0000000,Deposit,11538.00,4,NULL,Success,Grocery,Pune,Maharashtra,0
1234,21,2026-03-08,07:09:02.0000000,Payment,4666.00,2,10,Success,Travel,Bengaluru,Karnataka,0
1235,21,2026-06-10,21:55:28.0000000,Withdrawal,17544.00,8,NULL,Success,Restaurant,Delhi,Delhi,0
1236,21,2026-09-12,12:41:54.0000000,Transfer,10672.00,6,NULL,Success,Grocery,Chennai,Tamil Nadu,0
1237,21,2025-12-15,03:28:20.0000000,Purchase,3800.00,4,NULL,Success,Travel,Hyderabad,Telangana,0
1238,21,2026-03-19,18:14:46.0000000,Deposit,16678.00,2,2,Success,Restaurant,Coimbatore,Tamil Nadu,0
1239,21,2026-06-21,09:01:12.0000000,Payment,9806.00,8,NULL,Failed,Grocery,Mumbai,Maharashtra,0
1240,21,2026-09-23,23:47:38.0000000,Withdrawal,2934.00,6,NULL,Success,Travel,Pune,Maharashtra,0
1241,21,2025-12-26,14:34:04.0000000,Transfer,15812.00,4,NULL,Success,Restaurant,Bengaluru,Karnataka,0
1242,21,2026-03-30,05:20:30.0000000,Purchase,8940.00,2,6,Success,Grocery,Delhi,Delhi,0
1243,21,2026-07-02,20:06:56.0000000,Deposit,2068.00,8,NULL,Success,Travel,Chennai,Tamil Nadu,0
1244,21,2025-10-04,10:53:22.0000000,Payment,14946.00,6,NULL,Success,Restaurant,Hyderabad,Telangana,0
1245,21,2026-01-06,01:39:48.0000000,Withdrawal,8074.00,4,NULL,Success,Grocery,Coimbatore,Tamil Nadu,0
1246,21,2026-04-10,16:26:14.0000000,Transfer,1202.00,2,10,Success,Travel,Mumbai,Maharashtra,0
1247,21,2026-07-13,07:12:40.0000000,Purchase,14080.00,8,NULL,Reversed,Restaurant,Pune,Maharashtra,0
1248,21,2025-10-15,21:59:06.0000000,Deposit,7208.00,6,NULL,Success,Grocery,Bengaluru,Karnataka,0
1249,21,2026-01-17,12:45:32.0000000,Payment,336.00,4,NULL,Success,Travel,Delhi,Delhi,0
1250,21,2026-04-21,03:31:58.0000000,Withdrawal,13214.00,2,2,Success,Restaurant,Chennai,Tamil Nadu,0
1251,21,2026-07-24,18:18:24.0000000,Transfer,6342.00,8,NULL,Success,Grocery,Hyderabad,Telangana,0
1252,21,2025-10-26,09:04:50.0000000,Purchase,19220.00,6,NULL,Success,Travel,Coimbatore,Tamil Nadu,0
1253,21,2026-01-28,23:51:16.0000000,Deposit,12348.00,4,NULL,Success,Restaurant,Mumbai,Maharashtra,0
1254,21,2026-05-02,14:37:42.0000000,Payment,5476.00,2,6,Pending,Grocery,Pune,Maharashtra,0
1255,21,2026-08-04,05:24:08.0000000,Withdrawal,18354.00,8,NULL,Success,Travel,Bengaluru,Karnataka,0
1256,21,2025-11-06,20:10:34.0000000,Transfer,153686.00,6,NULL,Success,Restaurant,Delhi,Delhi,0
1257,21,2026-02-08,10:57:00.0000000,Purchase,4610.00,4,NULL,Success,Grocery,Chennai,Tamil Nadu,0
1258,21,2026-05-13,01:43:26.0000000,Deposit,17488.00,2,10,Success,Travel,Hyderabad,Telangana,0
1259,21,2026-08-15,16:29:52.0000000,Payment,10616.00,8,NULL,Success,Restaurant,Coimbatore,Tamil Nadu,0
1260,21,2025-11-17,07:16:18.0000000,Withdrawal,3744.00,6,NULL,Success,Grocery,Mumbai,Maharashtra,0
1261,21,2026-02-19,22:02:44.0000000,Transfer,16622.00,4,NULL,Success,Travel,Pune,Maharashtra,0
1262,21,2026-05-24,12:49:10.0000000,Purchase,9750.00,2,2,Success,Restaurant,Bengaluru,Karnataka,0
1263,21,2026-08-26,03:35:36.0000000,Deposit,2878.00,8,NULL,Success,Grocery,Delhi,Delhi,0
1264,21,2025-11-28,18:22:02.0000000,Payment,15756.00,6,NULL,Success,Travel,Chennai,Tamil Nadu,0
1265,21,2026-03-02,09:08:28.0000000,Withdrawal,8884.00,4,NULL,Success,Restaurant,Hyderabad,Telangana,0
1266,21,2026-06-04,23:54:54.0000000,Transfer,2012.00,2,6,Success,Grocery,Coimbatore,Tamil Nadu,0
1267,21,2026-09-06,14:41:20.0000000,Purchase,14890.00,8,NULL,Success,Travel,Mumbai,Maharashtra,0
1268,21,2025-12-09,05:27:46.0000000,Deposit,8018.00,6,NULL,Failed,Restaurant,Pune,Maharashtra,0
1269,21,2026-03-13,20:14:12.0000000,Payment,1146.00,4,NULL,Success,Grocery,Bengaluru,Karnataka,0
1270,21,2026-06-15,11:00:38.0000000,Withdrawal,80002.00,2,10,Success,Travel,Delhi,Delhi,0
1271,21,2026-09-17,01:47:04.0000000,Transfer,7152.00,8,NULL,Success,Restaurant,Chennai,Tamil Nadu,0
1272,21,2025-12-20,16:33:30.0000000,Purchase,280.00,6,NULL,Success,Grocery,Hyderabad,Telangana,0
1273,21,2026-03-24,07:19:56.0000000,Deposit,13158.00,4,NULL,Success,Travel,Coimbatore,Tamil Nadu,0
1274,21,2026-06-26,22:06:22.0000000,Payment,6286.00,2,2,Success,Restaurant,Mumbai,Maharashtra,0
1275,21,2026-09-28,12:52:48.0000000,Withdrawal,19164.00,8,NULL,Success,Grocery,Pune,Maharashtra,0
1276,21,2025-12-31,03:39:14.0000000,Transfer,12292.00,6,NULL,Success,Travel,Bengaluru,Karnataka,0
1277,21,2026-04-04,18:25:40.0000000,Purchase,5420.00,4,NULL,Success,Restaurant,Delhi,Delhi,0
1278,21,2026-07-07,09:12:06.0000000,Deposit,18298.00,2,6,Success,Grocery,Chennai,Tamil Nadu,0
1279,21,2025-10-09,23:58:32.0000000,Payment,11426.00,8,NULL,Success,Travel,Hyderabad,Telangana,0
1280,21,2026-01-11,14:44:58.0000000,Withdrawal,4554.00,6,NULL,Success,Restaurant,Coimbatore,Tamil Nadu,0
1281,22,2025-10-22,22:11:39.0000000,Withdrawal,3127.00,5,NULL,Success,Electronics,Chennai,Tamil Nadu,0
1282,22,2026-01-24,12:58:05.0000000,Transfer,16005.00,3,7,Success,Fuel,Hyderabad,Telangana,0
1283,22,2026-04-28,03:44:31.0000000,Purchase,9133.00,1,5,Success,Healthcare,Coimbatore,Tamil Nadu,0
1284,22,2026-07-31,18:30:57.0000000,Deposit,2261.00,7,NULL,Success,Electronics,Mumbai,Maharashtra,0
1285,22,2025-11-02,09:17:23.0000000,Payment,15139.00,5,NULL,Success,Fuel,Pune,Maharashtra,0
1286,22,2026-02-04,00:03:49.0000000,Withdrawal,8267.00,3,11,Success,Healthcare,Bengaluru,Karnataka,0
1287,22,2026-05-09,14:50:15.0000000,Transfer,1395.00,1,9,Success,Electronics,Delhi,Delhi,0
1288,22,2026-08-11,05:36:41.0000000,Purchase,150679.00,7,NULL,Success,Fuel,Chennai,Tamil Nadu,0
1289,22,2025-11-13,20:23:07.0000000,Deposit,7401.00,5,NULL,Success,Healthcare,Hyderabad,Telangana,0
1290,22,2026-02-15,11:09:33.0000000,Payment,529.00,3,3,Success,Electronics,Coimbatore,Tamil Nadu,0
1291,22,2026-05-20,01:55:59.0000000,Withdrawal,13407.00,1,1,Success,Fuel,Mumbai,Maharashtra,0
1292,22,2026-08-22,16:42:25.0000000,Transfer,6535.00,7,NULL,Success,Healthcare,Pune,Maharashtra,0
1293,22,2025-11-24,07:28:51.0000000,Purchase,19413.00,5,NULL,Success,Electronics,Bengaluru,Karnataka,0
1294,22,2026-02-26,22:15:17.0000000,Deposit,12541.00,3,7,Success,Fuel,Delhi,Delhi,1
1295,22,2026-05-31,13:01:43.0000000,Payment,5669.00,1,5,Success,Healthcare,Chennai,Tamil Nadu,0
1296,22,2026-09-02,03:48:09.0000000,Withdrawal,18547.00,7,NULL,Pending,Electronics,Hyderabad,Telangana,0
1297,22,2025-12-05,18:34:35.0000000,Transfer,11675.00,5,NULL,Success,Fuel,Coimbatore,Tamil Nadu,0
1298,22,2026-03-09,09:21:01.0000000,Purchase,4803.00,3,11,Success,Healthcare,Mumbai,Maharashtra,0
1299,22,2026-06-11,00:07:27.0000000,Deposit,17681.00,1,9,Success,Electronics,Pune,Maharashtra,0
1300,22,2026-09-13,14:53:53.0000000,Payment,10809.00,7,NULL,Success,Fuel,Bengaluru,Karnataka,0
1301,22,2025-12-16,05:40:19.0000000,Withdrawal,3937.00,5,NULL,Success,Healthcare,Delhi,Delhi,0
1302,22,2026-03-20,20:26:45.0000000,Transfer,16815.00,3,3,Success,Electronics,Chennai,Tamil Nadu,0
1303,22,2026-06-22,11:13:11.0000000,Purchase,9943.00,1,1,Success,Fuel,Hyderabad,Telangana,0
1304,22,2026-09-24,01:59:37.0000000,Deposit,3071.00,7,NULL,Success,Healthcare,Coimbatore,Tamil Nadu,0
1305,22,2025-12-27,16:46:03.0000000,Payment,15949.00,5,NULL,Success,Electronics,Mumbai,Maharashtra,0
1306,22,2026-03-31,07:32:29.0000000,Withdrawal,9077.00,3,7,Success,Fuel,Pune,Maharashtra,0
1307,22,2026-07-03,22:18:55.0000000,Transfer,2205.00,1,5,Failed,Healthcare,Bengaluru,Karnataka,0
1308,22,2025-10-05,13:05:21.0000000,Purchase,15083.00,7,NULL,Success,Electronics,Delhi,Delhi,0
1309,22,2026-01-07,03:51:47.0000000,Deposit,8211.00,5,NULL,Success,Fuel,Chennai,Tamil Nadu,0
1310,22,2026-04-11,18:38:13.0000000,Payment,77747.00,3,11,Success,Healthcare,Hyderabad,Telangana,0
1311,22,2026-07-14,09:24:39.0000000,Withdrawal,14217.00,1,9,Success,Electronics,Coimbatore,Tamil Nadu,0
1312,22,2025-10-16,00:11:05.0000000,Transfer,7345.00,7,NULL,Success,Fuel,Mumbai,Maharashtra,0
1313,22,2026-01-18,14:57:31.0000000,Purchase,473.00,5,NULL,Success,Healthcare,Pune,Maharashtra,0
1314,22,2026-04-22,05:43:57.0000000,Deposit,13351.00,3,3,Success,Electronics,Bengaluru,Karnataka,0
1315,22,2026-07-25,20:30:23.0000000,Payment,6479.00,1,1,Success,Fuel,Delhi,Delhi,0
1316,22,2025-10-27,11:16:49.0000000,Withdrawal,19357.00,7,NULL,Success,Healthcare,Chennai,Tamil Nadu,0
1317,22,2026-01-29,02:03:15.0000000,Transfer,12485.00,5,NULL,Success,Electronics,Hyderabad,Telangana,0
1318,22,2026-05-03,16:49:41.0000000,Purchase,5613.00,3,7,Success,Fuel,Coimbatore,Tamil Nadu,0
1319,22,2026-08-05,07:36:07.0000000,Deposit,18491.00,1,5,Success,Healthcare,Mumbai,Maharashtra,0
1320,22,2025-11-07,22:22:33.0000000,Payment,11619.00,7,NULL,Success,Electronics,Pune,Maharashtra,0
1321,22,2026-02-09,13:08:59.0000000,Withdrawal,4747.00,5,NULL,Success,Fuel,Bengaluru,Karnataka,0
1322,22,2026-05-14,03:55:25.0000000,Transfer,17625.00,3,11,Success,Healthcare,Delhi,Delhi,0
1323,22,2026-08-16,18:41:51.0000000,Purchase,10753.00,1,9,Success,Electronics,Chennai,Tamil Nadu,0
1324,22,2025-11-18,09:28:17.0000000,Deposit,3881.00,7,NULL,Success,Fuel,Hyderabad,Telangana,0
1325,22,2026-02-20,00:14:43.0000000,Payment,16759.00,5,NULL,Success,Healthcare,Coimbatore,Tamil Nadu,0
1326,22,2026-05-25,15:01:09.0000000,Withdrawal,9887.00,3,3,Success,Electronics,Mumbai,Maharashtra,0
1327,22,2026-08-27,05:47:35.0000000,Transfer,3015.00,1,1,Success,Fuel,Pune,Maharashtra,0
1328,22,2025-11-29,20:34:01.0000000,Purchase,15893.00,7,NULL,Success,Healthcare,Bengaluru,Karnataka,0
1329,22,2026-03-03,11:20:27.0000000,Deposit,9021.00,5,NULL,Success,Electronics,Delhi,Delhi,0
1330,22,2026-06-05,02:06:53.0000000,Payment,2149.00,3,7,Success,Fuel,Chennai,Tamil Nadu,0
1331,22,2026-09-07,16:53:19.0000000,Withdrawal,15027.00,1,5,Success,Healthcare,Hyderabad,Telangana,0
1332,22,2025-12-10,07:39:45.0000000,Transfer,8155.00,7,NULL,Success,Electronics,Coimbatore,Tamil Nadu,0
1333,22,2026-03-14,22:26:11.0000000,Purchase,1283.00,5,NULL,Success,Fuel,Mumbai,Maharashtra,0
1334,22,2026-06-16,13:12:37.0000000,Deposit,14161.00,3,11,Success,Healthcare,Pune,Maharashtra,0
1335,22,2026-09-18,03:59:03.0000000,Payment,7289.00,1,9,Success,Electronics,Bengaluru,Karnataka,0
1336,22,2025-12-21,18:45:29.0000000,Withdrawal,417.00,7,NULL,Failed,Fuel,Delhi,Delhi,0
1337,22,2026-03-25,09:31:55.0000000,Transfer,13295.00,5,NULL,Success,Healthcare,Chennai,Tamil Nadu,0
1338,22,2026-06-27,00:18:21.0000000,Purchase,6423.00,3,3,Success,Electronics,Hyderabad,Telangana,0
1339,22,2026-09-29,15:04:47.0000000,Deposit,19301.00,1,1,Success,Fuel,Coimbatore,Tamil Nadu,0
1340,22,2026-01-01,05:51:13.0000000,Payment,12429.00,7,NULL,Success,Healthcare,Mumbai,Maharashtra,0
1341,22,2026-04-05,20:37:39.0000000,Withdrawal,5557.00,5,NULL,Success,Electronics,Pune,Maharashtra,0
1342,22,2026-07-08,11:24:05.0000000,Transfer,18435.00,3,7,Success,Fuel,Bengaluru,Karnataka,0
1343,22,2025-10-10,02:10:31.0000000,Purchase,11563.00,1,5,Success,Healthcare,Delhi,Delhi,0
1344,22,2026-01-12,16:56:57.0000000,Deposit,4691.00,7,NULL,Success,Electronics,Chennai,Tamil Nadu,0
1345,23,2025-10-23,00:23:38.0000000,Withdrawal,3264.00,6,NULL,Success,Travel,Bengaluru,Karnataka,0
1346,23,2026-01-25,15:10:04.0000000,Transfer,16142.00,4,NULL,Failed,Restaurant,Delhi,Delhi,0
1347,23,2026-04-29,05:56:30.0000000,Purchase,9270.00,2,6,Success,Grocery,Chennai,Tamil Nadu,0
1348,23,2026-08-01,20:42:56.0000000,Deposit,2398.00,8,NULL,Success,Travel,Hyderabad,Telangana,0
1349,23,2025-11-03,11:29:22.0000000,Payment,15276.00,6,NULL,Success,Restaurant,Coimbatore,Tamil Nadu,0
1350,23,2026-02-05,02:15:48.0000000,Withdrawal,75492.00,4,NULL,Success,Grocery,Mumbai,Maharashtra,0
1351,23,2026-05-10,17:02:14.0000000,Transfer,1532.00,2,10,Success,Travel,Pune,Maharashtra,0
1352,23,2026-08-12,07:48:40.0000000,Purchase,14410.00,8,NULL,Success,Restaurant,Bengaluru,Karnataka,0
1353,23,2025-11-14,22:35:06.0000000,Deposit,7538.00,6,NULL,Success,Grocery,Delhi,Delhi,0
1354,23,2026-02-16,13:21:32.0000000,Payment,666.00,4,NULL,Success,Travel,Chennai,Tamil Nadu,0
1355,23,2026-05-21,04:07:58.0000000,Withdrawal,13544.00,2,2,Success,Restaurant,Hyderabad,Telangana,0
1356,23,2026-08-23,18:54:24.0000000,Transfer,6672.00,8,NULL,Success,Grocery,Coimbatore,Tamil Nadu,0
1357,23,2025-11-25,09:40:50.0000000,Purchase,19550.00,6,NULL,Success,Travel,Mumbai,Maharashtra,0
1358,23,2026-02-27,00:27:16.0000000,Deposit,12678.00,4,NULL,Success,Restaurant,Pune,Maharashtra,0
1359,23,2026-06-01,15:13:42.0000000,Payment,5806.00,2,6,Success,Grocery,Bengaluru,Karnataka,0
1360,23,2026-09-03,06:00:08.0000000,Withdrawal,18684.00,8,NULL,Success,Travel,Delhi,Delhi,0
1361,23,2025-12-06,20:46:34.0000000,Transfer,11812.00,6,NULL,Success,Restaurant,Chennai,Tamil Nadu,0
1362,23,2026-03-10,11:33:00.0000000,Purchase,4940.00,4,NULL,Success,Grocery,Hyderabad,Telangana,0
1363,23,2026-06-12,02:19:26.0000000,Deposit,17818.00,2,10,Success,Travel,Coimbatore,Tamil Nadu,0
1364,23,2026-09-14,17:05:52.0000000,Payment,10946.00,8,NULL,Success,Restaurant,Mumbai,Maharashtra,1
1365,23,2025-12-17,07:52:18.0000000,Withdrawal,4074.00,6,NULL,Success,Grocery,Pune,Maharashtra,0
1366,23,2026-03-21,22:38:44.0000000,Transfer,16952.00,4,NULL,Success,Travel,Bengaluru,Karnataka,0
1367,23,2026-06-23,13:25:10.0000000,Purchase,10080.00,2,2,Success,Restaurant,Delhi,Delhi,0
1368,23,2026-09-25,04:11:36.0000000,Deposit,3208.00,8,NULL,Success,Grocery,Chennai,Tamil Nadu,0
1369,23,2025-12-28,18:58:02.0000000,Payment,16086.00,6,NULL,Success,Travel,Hyderabad,Telangana,0
1370,23,2026-04-01,09:44:28.0000000,Withdrawal,9214.00,4,NULL,Success,Restaurant,Coimbatore,Tamil Nadu,0
1371,23,2026-07-04,00:30:54.0000000,Transfer,2342.00,2,6,Success,Grocery,Mumbai,Maharashtra,0
1372,23,2025-10-06,15:17:20.0000000,Purchase,15220.00,8,NULL,Success,Travel,Pune,Maharashtra,0
1373,23,2026-01-08,06:03:46.0000000,Deposit,8348.00,6,NULL,Success,Restaurant,Bengaluru,Karnataka,0
1374,23,2026-04-12,20:50:12.0000000,Payment,1476.00,4,NULL,Success,Grocery,Delhi,Delhi,0
1375,23,2026-07-15,11:36:38.0000000,Withdrawal,14354.00,2,10,Failed,Travel,Chennai,Tamil Nadu,0
1376,23,2025-10-17,02:23:04.0000000,Transfer,7482.00,8,NULL,Success,Restaurant,Hyderabad,Telangana,0
1377,23,2026-01-19,17:09:30.0000000,Purchase,610.00,6,NULL,Success,Grocery,Coimbatore,Tamil Nadu,0
1378,23,2026-04-23,07:55:56.0000000,Deposit,13488.00,4,NULL,Reversed,Travel,Mumbai,Maharashtra,0
1379,23,2026-07-26,22:42:22.0000000,Payment,6616.00,2,2,Success,Restaurant,Pune,Maharashtra,0
1380,23,2025-10-28,13:28:48.0000000,Withdrawal,19494.00,8,NULL,Success,Grocery,Bengaluru,Karnataka,0
1381,23,2026-01-30,04:15:14.0000000,Transfer,12622.00,6,NULL,Success,Travel,Delhi,Delhi,0
1382,23,2026-05-04,19:01:40.0000000,Purchase,5750.00,4,NULL,Success,Restaurant,Chennai,Tamil Nadu,0
1383,23,2026-08-06,09:48:06.0000000,Deposit,18628.00,2,6,Success,Grocery,Hyderabad,Telangana,0
1384,23,2025-11-08,00:34:32.0000000,Payment,11756.00,8,NULL,Success,Travel,Coimbatore,Tamil Nadu,0
1385,23,2026-02-10,15:20:58.0000000,Withdrawal,4884.00,6,NULL,Success,Restaurant,Mumbai,Maharashtra,0
1386,23,2026-05-15,06:07:24.0000000,Transfer,17762.00,4,NULL,Success,Grocery,Pune,Maharashtra,0
1387,23,2026-08-17,20:53:50.0000000,Purchase,10890.00,2,10,Success,Travel,Bengaluru,Karnataka,0
1388,23,2025-11-19,11:40:16.0000000,Deposit,4018.00,8,NULL,Success,Restaurant,Delhi,Delhi,0
1389,23,2026-02-21,02:26:42.0000000,Payment,16896.00,6,NULL,Success,Grocery,Chennai,Tamil Nadu,0
1390,23,2026-05-26,17:13:08.0000000,Withdrawal,10024.00,4,NULL,Success,Travel,Hyderabad,Telangana,0
1391,23,2026-08-28,07:59:34.0000000,Transfer,79346.00,2,2,Pending,Restaurant,Coimbatore,Tamil Nadu,0
1392,23,2025-11-30,22:46:00.0000000,Purchase,16030.00,8,NULL,Success,Grocery,Mumbai,Maharashtra,0
1393,23,2026-03-04,13:32:26.0000000,Deposit,9158.00,6,NULL,Success,Travel,Pune,Maharashtra,0
1394,23,2026-06-06,04:18:52.0000000,Payment,2286.00,4,NULL,Success,Restaurant,Bengaluru,Karnataka,0
1395,23,2026-09-08,19:05:18.0000000,Withdrawal,15164.00,2,6,Success,Grocery,Delhi,Delhi,0
1396,23,2025-12-11,09:51:44.0000000,Transfer,8292.00,8,NULL,Success,Travel,Chennai,Tamil Nadu,0
1397,23,2026-03-15,00:38:10.0000000,Purchase,1420.00,6,NULL,Success,Restaurant,Hyderabad,Telangana,0
1398,23,2026-06-17,15:24:36.0000000,Deposit,14298.00,4,NULL,Success,Grocery,Coimbatore,Tamil Nadu,0
1399,23,2026-09-19,06:11:02.0000000,Payment,7426.00,2,10,Success,Travel,Mumbai,Maharashtra,0
1400,23,2025-12-22,20:57:28.0000000,Withdrawal,554.00,8,NULL,Success,Restaurant,Pune,Maharashtra,0
1401,23,2026-03-26,11:43:54.0000000,Transfer,13432.00,6,NULL,Success,Grocery,Bengaluru,Karnataka,0
1402,23,2026-06-28,02:30:20.0000000,Purchase,6560.00,4,NULL,Success,Travel,Delhi,Delhi,0
1403,23,2026-09-30,17:16:46.0000000,Deposit,19438.00,2,2,Success,Restaurant,Chennai,Tamil Nadu,0
1404,23,2026-01-02,08:03:12.0000000,Payment,12566.00,8,NULL,Failed,Grocery,Hyderabad,Telangana,0
1405,23,2026-04-06,22:49:38.0000000,Withdrawal,5694.00,6,NULL,Success,Travel,Coimbatore,Tamil Nadu,0
1406,23,2026-07-09,13:36:04.0000000,Transfer,18572.00,4,NULL,Success,Restaurant,Mumbai,Maharashtra,0
1407,23,2025-10-11,04:22:30.0000000,Purchase,11700.00,2,6,Success,Grocery,Pune,Maharashtra,0
1408,23,2026-01-13,19:08:56.0000000,Deposit,4828.00,8,NULL,Success,Travel,Bengaluru,Karnataka,0
1409,24,2025-10-24,02:35:37.0000000,Deposit,3401.00,7,NULL,Success,Healthcare,Mumbai,Maharashtra,0
1410,24,2026-01-26,17:22:03.0000000,Payment,16279.00,5,NULL,Success,Electronics,Pune,Maharashtra,0
1411,24,2026-04-30,08:08:29.0000000,Withdrawal,9407.00,3,7,Success,Fuel,Bengaluru,Karnataka,0
1412,24,2026-08-02,22:54:55.0000000,Transfer,2535.00,1,5,Success,Healthcare,Delhi,Delhi,0
1413,24,2025-11-04,13:41:21.0000000,Purchase,15413.00,7,NULL,Success,Electronics,Chennai,Tamil Nadu,0
1414,24,2026-02-06,04:27:47.0000000,Deposit,8541.00,5,NULL,Failed,Fuel,Hyderabad,Telangana,0
1415,24,2026-05-11,19:14:13.0000000,Payment,1669.00,3,11,Success,Healthcare,Coimbatore,Tamil Nadu,0
1416,24,2026-08-13,10:00:39.0000000,Withdrawal,14547.00,1,9,Success,Electronics,Mumbai,Maharashtra,0
1417,24,2025-11-15,00:47:05.0000000,Transfer,7675.00,7,NULL,Success,Fuel,Pune,Maharashtra,0
1418,24,2026-02-17,15:33:31.0000000,Purchase,803.00,5,NULL,Success,Healthcare,Bengaluru,Karnataka,0
1419,24,2026-05-22,06:19:57.0000000,Deposit,13681.00,3,3,Success,Electronics,Delhi,Delhi,0
1420,24,2026-08-24,21:06:23.0000000,Payment,6809.00,1,1,Success,Fuel,Chennai,Tamil Nadu,0
1421,24,2025-11-26,11:52:49.0000000,Withdrawal,19687.00,7,NULL,Success,Healthcare,Hyderabad,Telangana,0
1422,24,2026-02-28,02:39:15.0000000,Transfer,12815.00,5,NULL,Success,Electronics,Coimbatore,Tamil Nadu,0
1423,24,2026-06-02,17:25:41.0000000,Purchase,5943.00,3,7,Success,Fuel,Mumbai,Maharashtra,0
1424,24,2026-09-04,08:12:07.0000000,Deposit,18821.00,1,5,Success,Healthcare,Pune,Maharashtra,0
1425,24,2025-12-07,22:58:33.0000000,Payment,11949.00,7,NULL,Success,Electronics,Bengaluru,Karnataka,0
1426,24,2026-03-11,13:44:59.0000000,Withdrawal,5077.00,5,NULL,Success,Fuel,Delhi,Delhi,0
1427,24,2026-06-13,04:31:25.0000000,Transfer,17955.00,3,11,Success,Healthcare,Chennai,Tamil Nadu,0
1428,24,2026-09-15,19:17:51.0000000,Purchase,11083.00,1,9,Success,Electronics,Hyderabad,Telangana,0
1429,24,2025-12-18,10:04:17.0000000,Deposit,4211.00,7,NULL,Success,Fuel,Coimbatore,Tamil Nadu,0
1430,24,2026-03-22,00:50:43.0000000,Payment,17089.00,5,NULL,Success,Healthcare,Mumbai,Maharashtra,0
1431,24,2026-06-24,15:37:09.0000000,Withdrawal,77091.00,3,3,Success,Electronics,Pune,Maharashtra,0
1432,24,2026-09-26,06:23:35.0000000,Transfer,3345.00,1,1,Success,Fuel,Bengaluru,Karnataka,0
1433,24,2025-12-29,21:10:01.0000000,Purchase,16223.00,7,NULL,Pending,Healthcare,Delhi,Delhi,0
1434,24,2026-04-02,11:56:27.0000000,Deposit,9351.00,5,NULL,Success,Electronics,Chennai,Tamil Nadu,1
1435,24,2026-07-05,02:42:53.0000000,Payment,2479.00,3,7,Success,Fuel,Hyderabad,Telangana,0
1436,24,2025-10-07,17:29:19.0000000,Withdrawal,15357.00,1,5,Success,Healthcare,Coimbatore,Tamil Nadu,0
1437,24,2026-01-09,08:15:45.0000000,Transfer,8485.00,7,NULL,Success,Electronics,Mumbai,Maharashtra,0
1438,24,2026-04-13,23:02:11.0000000,Purchase,1613.00,5,NULL,Success,Fuel,Pune,Maharashtra,0
1439,24,2026-07-16,13:48:37.0000000,Deposit,14491.00,3,11,Success,Healthcare,Bengaluru,Karnataka,0
1440,24,2025-10-18,04:35:03.0000000,Payment,7619.00,1,9,Success,Electronics,Delhi,Delhi,0
1441,24,2026-01-20,19:21:29.0000000,Withdrawal,747.00,7,NULL,Success,Fuel,Chennai,Tamil Nadu,0
1442,24,2026-04-24,10:07:55.0000000,Transfer,13625.00,5,NULL,Success,Healthcare,Hyderabad,Telangana,0
1443,24,2026-07-27,00:54:21.0000000,Purchase,6753.00,3,3,Failed,Electronics,Coimbatore,Tamil Nadu,0
1444,24,2025-10-29,15:40:47.0000000,Deposit,19631.00,1,1,Success,Fuel,Mumbai,Maharashtra,0
1445,24,2026-01-31,06:27:13.0000000,Payment,12759.00,7,NULL,Success,Healthcare,Pune,Maharashtra,0
1446,24,2026-05-05,21:13:39.0000000,Withdrawal,5887.00,5,NULL,Success,Electronics,Bengaluru,Karnataka,0
1447,24,2026-08-07,12:00:05.0000000,Transfer,18765.00,3,7,Success,Fuel,Delhi,Delhi,0
1448,24,2025-11-09,02:46:31.0000000,Purchase,11893.00,1,5,Success,Healthcare,Chennai,Tamil Nadu,0
1449,24,2026-02-11,17:32:57.0000000,Deposit,153783.00,7,NULL,Success,Electronics,Hyderabad,Telangana,0
1450,24,2026-05-16,08:19:23.0000000,Payment,17899.00,5,NULL,Success,Fuel,Coimbatore,Tamil Nadu,0
1451,24,2026-08-18,23:05:49.0000000,Withdrawal,11027.00,3,11,Success,Healthcare,Mumbai,Maharashtra,0
1452,24,2025-11-20,13:52:15.0000000,Transfer,4155.00,1,9,Success,Electronics,Pune,Maharashtra,0
1453,24,2026-02-22,04:38:41.0000000,Purchase,17033.00,7,NULL,Success,Fuel,Bengaluru,Karnataka,0
1454,24,2026-05-27,19:25:07.0000000,Deposit,10161.00,5,NULL,Success,Healthcare,Delhi,Delhi,0
1455,24,2026-08-29,10:11:33.0000000,Payment,3289.00,3,3,Success,Electronics,Chennai,Tamil Nadu,0
1456,24,2025-12-01,00:57:59.0000000,Withdrawal,16167.00,1,1,Success,Fuel,Hyderabad,Telangana,0
1457,24,2026-03-05,15:44:25.0000000,Transfer,9295.00,7,NULL,Success,Healthcare,Coimbatore,Tamil Nadu,0
1458,24,2026-06-07,06:30:51.0000000,Purchase,2423.00,5,NULL,Success,Electronics,Mumbai,Maharashtra,0
1459,24,2026-09-09,21:17:17.0000000,Deposit,15301.00,3,7,Success,Fuel,Pune,Maharashtra,0
1460,24,2025-12-12,12:03:43.0000000,Payment,8429.00,1,5,Success,Healthcare,Bengaluru,Karnataka,0
1461,24,2026-03-16,02:50:09.0000000,Withdrawal,1557.00,7,NULL,Success,Electronics,Delhi,Delhi,0
1462,24,2026-06-18,17:36:35.0000000,Transfer,14435.00,5,NULL,Success,Fuel,Chennai,Tamil Nadu,0
1463,24,2026-09-20,08:23:01.0000000,Purchase,7563.00,3,11,Success,Healthcare,Hyderabad,Telangana,0
1464,24,2025-12-23,23:09:27.0000000,Deposit,691.00,1,9,Success,Electronics,Coimbatore,Tamil Nadu,0
1465,24,2026-03-27,13:55:53.0000000,Payment,13569.00,7,NULL,Success,Fuel,Mumbai,Maharashtra,0
1466,24,2026-06-29,04:42:19.0000000,Withdrawal,6697.00,5,NULL,Success,Healthcare,Pune,Maharashtra,0
1467,24,2025-10-01,19:28:45.0000000,Transfer,19575.00,3,3,Success,Electronics,Bengaluru,Karnataka,0
1468,24,2026-01-03,10:15:11.0000000,Purchase,12703.00,1,1,Success,Fuel,Delhi,Delhi,0
1469,24,2026-04-07,01:01:37.0000000,Deposit,5831.00,7,NULL,Success,Healthcare,Chennai,Tamil Nadu,0
1470,24,2026-07-10,15:48:03.0000000,Payment,18709.00,5,NULL,Success,Electronics,Hyderabad,Telangana,0
1471,24,2025-10-12,06:34:29.0000000,Withdrawal,11837.00,3,7,Success,Fuel,Coimbatore,Tamil Nadu,0
1472,24,2026-01-14,21:20:55.0000000,Transfer,80945.00,1,5,Failed,Healthcare,Mumbai,Maharashtra,0
1473,25,2025-10-25,04:47:36.0000000,Deposit,3538.00,8,NULL,Success,Grocery,Hyderabad,Telangana,0
1474,25,2026-01-27,19:34:02.0000000,Payment,16416.00,6,NULL,Success,Travel,Coimbatore,Tamil Nadu,0
1475,25,2026-05-01,10:20:28.0000000,Withdrawal,9544.00,4,NULL,Pending,Restaurant,Mumbai,Maharashtra,0
1476,25,2026-08-03,01:06:54.0000000,Transfer,2672.00,2,6,Success,Grocery,Pune,Maharashtra,0
1477,25,2025-11-05,15:53:20.0000000,Purchase,15550.00,8,NULL,Success,Travel,Bengaluru,Karnataka,0
1478,25,2026-02-07,06:39:46.0000000,Deposit,8678.00,6,NULL,Success,Restaurant,Delhi,Delhi,0
1479,25,2026-05-12,21:26:12.0000000,Payment,1806.00,4,NULL,Success,Grocery,Chennai,Tamil Nadu,0
1480,25,2026-08-14,12:12:38.0000000,Withdrawal,14684.00,2,10,Success,Travel,Hyderabad,Telangana,0
1481,25,2025-11-16,02:59:04.0000000,Transfer,150776.00,8,NULL,Success,Restaurant,Coimbatore,Tamil Nadu,0
1482,25,2026-02-18,17:45:30.0000000,Purchase,940.00,6,NULL,Failed,Grocery,Mumbai,Maharashtra,0
1483,25,2026-05-23,08:31:56.0000000,Deposit,13818.00,4,NULL,Success,Travel,Pune,Maharashtra,0
1484,25,2026-08-25,23:18:22.0000000,Payment,6946.00,2,2,Success,Restaurant,Bengaluru,Karnataka,0
1485,25,2025-11-27,14:04:48.0000000,Withdrawal,19824.00,8,NULL,Success,Grocery,Delhi,Delhi,0
1486,25,2026-03-01,04:51:14.0000000,Transfer,12952.00,6,NULL,Success,Travel,Chennai,Tamil Nadu,0
1487,25,2026-06-03,19:37:40.0000000,Purchase,6080.00,4,NULL,Success,Restaurant,Hyderabad,Telangana,0
1488,25,2026-09-05,10:24:06.0000000,Deposit,18958.00,2,6,Success,Grocery,Coimbatore,Tamil Nadu,0
1489,25,2025-12-08,01:10:32.0000000,Payment,12086.00,8,NULL,Success,Travel,Mumbai,Maharashtra,0
1490,25,2026-03-12,15:56:58.0000000,Withdrawal,5214.00,6,NULL,Success,Restaurant,Pune,Maharashtra,0
1491,25,2026-06-14,06:43:24.0000000,Transfer,18092.00,4,NULL,Success,Grocery,Bengaluru,Karnataka,0
1492,25,2026-09-16,21:29:50.0000000,Purchase,11220.00,2,10,Success,Travel,Delhi,Delhi,0
1493,25,2025-12-19,12:16:16.0000000,Deposit,4348.00,8,NULL,Success,Restaurant,Chennai,Tamil Nadu,0
1494,25,2026-03-23,03:02:42.0000000,Payment,17226.00,6,NULL,Success,Grocery,Hyderabad,Telangana,0
1495,25,2026-06-25,17:49:08.0000000,Withdrawal,10354.00,4,NULL,Success,Travel,Coimbatore,Tamil Nadu,0
1496,25,2026-09-27,08:35:34.0000000,Transfer,3482.00,2,2,Success,Restaurant,Mumbai,Maharashtra,0
1497,25,2025-12-30,23:22:00.0000000,Purchase,16360.00,8,NULL,Success,Grocery,Pune,Maharashtra,0
1498,25,2026-04-03,14:08:26.0000000,Deposit,9488.00,6,NULL,Success,Travel,Bengaluru,Karnataka,0
1499,25,2026-07-06,04:54:52.0000000,Payment,2616.00,4,NULL,Success,Restaurant,Delhi,Delhi,0
1500,25,2025-10-08,19:41:18.0000000,Withdrawal,15494.00,2,6,Success,Grocery,Chennai,Tamil Nadu,0
1501,25,2026-01-10,10:27:44.0000000,Transfer,8622.00,8,NULL,Success,Travel,Hyderabad,Telangana,0
1502,25,2026-04-14,01:14:10.0000000,Purchase,1750.00,6,NULL,Success,Restaurant,Coimbatore,Tamil Nadu,0
1503,25,2026-07-17,16:00:36.0000000,Deposit,14628.00,4,NULL,Success,Grocery,Mumbai,Maharashtra,0
1504,25,2025-10-19,06:47:02.0000000,Payment,7756.00,2,10,Success,Travel,Pune,Maharashtra,1
1505,25,2026-01-21,21:33:28.0000000,Withdrawal,884.00,8,NULL,Success,Restaurant,Bengaluru,Karnataka,0
1506,25,2026-04-25,12:19:54.0000000,Transfer,13762.00,6,NULL,Success,Grocery,Delhi,Delhi,0
1507,25,2026-07-28,03:06:20.0000000,Purchase,6890.00,4,NULL,Success,Travel,Chennai,Tamil Nadu,0
1508,25,2025-10-30,17:52:46.0000000,Deposit,19768.00,2,2,Success,Restaurant,Hyderabad,Telangana,0
1509,25,2026-02-01,08:39:12.0000000,Payment,12896.00,8,NULL,Reversed,Grocery,Coimbatore,Tamil Nadu,0
1510,25,2026-05-06,23:25:38.0000000,Withdrawal,6024.00,6,NULL,Success,Travel,Mumbai,Maharashtra,0
1511,25,2026-08-08,14:12:04.0000000,Transfer,18902.00,4,NULL,Failed,Restaurant,Pune,Maharashtra,0
1512,25,2025-11-10,04:58:30.0000000,Purchase,78690.00,2,6,Success,Grocery,Bengaluru,Karnataka,0
1513,25,2026-02-12,19:44:56.0000000,Deposit,5158.00,8,NULL,Success,Travel,Delhi,Delhi,0
1514,25,2026-05-17,10:31:22.0000000,Payment,18036.00,6,NULL,Success,Restaurant,Chennai,Tamil Nadu,0
1515,25,2026-08-19,01:17:48.0000000,Withdrawal,11164.00,4,NULL,Success,Grocery,Hyderabad,Telangana,0
1516,25,2025-11-21,16:04:14.0000000,Transfer,4292.00,2,10,Success,Travel,Coimbatore,Tamil Nadu,0
1517,25,2026-02-23,06:50:40.0000000,Purchase,17170.00,8,NULL,Success,Restaurant,Mumbai,Maharashtra,0
1518,25,2026-05-28,21:37:06.0000000,Deposit,10298.00,6,NULL,Success,Grocery,Pune,Maharashtra,0
1519,25,2026-08-30,12:23:32.0000000,Payment,3426.00,4,NULL,Success,Travel,Bengaluru,Karnataka,0
1520,25,2025-12-02,03:09:58.0000000,Withdrawal,16304.00,2,2,Success,Restaurant,Delhi,Delhi,0
1521,25,2026-03-06,17:56:24.0000000,Transfer,9432.00,8,NULL,Success,Grocery,Chennai,Tamil Nadu,0
1522,25,2026-06-08,08:42:50.0000000,Purchase,2560.00,6,NULL,Success,Travel,Hyderabad,Telangana,0
1523,25,2026-09-10,23:29:16.0000000,Deposit,15438.00,4,NULL,Success,Restaurant,Coimbatore,Tamil Nadu,0
1524,25,2025-12-13,14:15:42.0000000,Payment,8566.00,2,6,Success,Grocery,Mumbai,Maharashtra,0
1525,25,2026-03-17,05:02:08.0000000,Withdrawal,1694.00,8,NULL,Success,Travel,Pune,Maharashtra,0
1526,25,2026-06-19,19:48:34.0000000,Transfer,14572.00,6,NULL,Success,Restaurant,Bengaluru,Karnataka,0
1527,25,2026-09-21,10:35:00.0000000,Purchase,7700.00,4,NULL,Success,Grocery,Delhi,Delhi,0
1528,25,2025-12-24,01:21:26.0000000,Deposit,828.00,2,10,Pending,Travel,Chennai,Tamil Nadu,0
1529,25,2026-03-28,16:07:52.0000000,Payment,13706.00,8,NULL,Success,Restaurant,Hyderabad,Telangana,0
1530,25,2026-06-30,06:54:18.0000000,Withdrawal,6834.00,6,NULL,Success,Grocery,Coimbatore,Tamil Nadu,0
1531,25,2025-10-02,21:40:44.0000000,Transfer,19712.00,4,NULL,Success,Travel,Mumbai,Maharashtra,0
1532,25,2026-01-04,12:27:10.0000000,Purchase,12840.00,2,2,Success,Restaurant,Pune,Maharashtra,0
1533,25,2026-04-08,03:13:36.0000000,Deposit,5968.00,8,NULL,Success,Grocery,Bengaluru,Karnataka,0
1534,25,2026-07-11,18:00:02.0000000,Payment,18846.00,6,NULL,Success,Travel,Delhi,Delhi,0
1535,25,2025-10-13,08:46:28.0000000,Withdrawal,11974.00,4,NULL,Success,Restaurant,Chennai,Tamil Nadu,0
1536,25,2026-01-15,23:32:54.0000000,Transfer,5102.00,2,6,Success,Grocery,Hyderabad,Telangana,0
1537,27,2025-10-26,06:59:35.0000000,Transfer,3675.00,1,1,Success,Fuel,Delhi,Delhi,0
1538,27,2026-01-28,21:46:01.0000000,Purchase,16553.00,7,NULL,Success,Healthcare,Chennai,Tamil Nadu,0
1539,27,2026-05-02,12:32:27.0000000,Deposit,9681.00,5,NULL,Reversed,Electronics,Hyderabad,Telangana,0
1540,27,2026-08-04,03:18:53.0000000,Payment,2809.00,3,7,Success,Fuel,Coimbatore,Tamil Nadu,0
1541,27,2025-11-06,18:05:19.0000000,Withdrawal,15687.00,1,5,Success,Healthcare,Mumbai,Maharashtra,0
1542,27,2026-02-08,08:51:45.0000000,Transfer,8815.00,7,NULL,Success,Electronics,Pune,Maharashtra,0
1543,27,2026-05-13,23:38:11.0000000,Purchase,1943.00,5,NULL,Success,Fuel,Bengaluru,Karnataka,0
1544,27,2026-08-15,14:24:37.0000000,Deposit,14821.00,3,11,Success,Healthcare,Delhi,Delhi,0
1545,27,2025-11-17,05:11:03.0000000,Payment,7949.00,1,9,Success,Electronics,Chennai,Tamil Nadu,0
1546,27,2026-02-19,19:57:29.0000000,Withdrawal,1077.00,7,NULL,Success,Fuel,Hyderabad,Telangana,0
1547,27,2026-05-24,10:43:55.0000000,Transfer,13955.00,5,NULL,Success,Healthcare,Coimbatore,Tamil Nadu,0
1548,27,2026-08-26,01:30:21.0000000,Purchase,7083.00,3,3,Success,Electronics,Mumbai,Maharashtra,0
1549,27,2025-11-28,16:16:47.0000000,Deposit,19961.00,1,1,Success,Fuel,Pune,Maharashtra,0
1550,27,2026-03-02,07:03:13.0000000,Payment,13089.00,7,NULL,Failed,Healthcare,Bengaluru,Karnataka,0
1551,27,2026-06-04,21:49:39.0000000,Withdrawal,6217.00,5,NULL,Success,Electronics,Delhi,Delhi,0
1552,27,2026-09-06,12:36:05.0000000,Transfer,76435.00,3,7,Success,Fuel,Chennai,Tamil Nadu,0
1553,27,2025-12-09,03:22:31.0000000,Purchase,12223.00,1,5,Success,Healthcare,Hyderabad,Telangana,0
1554,27,2026-03-13,18:08:57.0000000,Deposit,5351.00,7,NULL,Success,Electronics,Coimbatore,Tamil Nadu,0
1555,27,2026-06-15,08:55:23.0000000,Payment,18229.00,5,NULL,Success,Fuel,Mumbai,Maharashtra,0
1556,27,2026-09-17,23:41:49.0000000,Withdrawal,11357.00,3,11,Success,Healthcare,Pune,Maharashtra,0
1557,27,2025-12-20,14:28:15.0000000,Transfer,4485.00,1,9,Success,Electronics,Bengaluru,Karnataka,0
1558,27,2026-03-24,05:14:41.0000000,Purchase,17363.00,7,NULL,Success,Fuel,Delhi,Delhi,0
1559,27,2026-06-26,20:01:07.0000000,Deposit,10491.00,5,NULL,Success,Healthcare,Chennai,Tamil Nadu,0
1560,27,2026-09-28,10:47:33.0000000,Payment,3619.00,3,3,Success,Electronics,Hyderabad,Telangana,0
1561,27,2025-12-31,01:33:59.0000000,Withdrawal,16497.00,1,1,Success,Fuel,Coimbatore,Tamil Nadu,0
1562,27,2026-04-04,16:20:25.0000000,Transfer,9625.00,7,NULL,Success,Healthcare,Mumbai,Maharashtra,0
1563,27,2026-07-07,07:06:51.0000000,Purchase,2753.00,5,NULL,Success,Electronics,Pune,Maharashtra,0
1564,27,2025-10-09,21:53:17.0000000,Deposit,15631.00,3,7,Success,Fuel,Bengaluru,Karnataka,0
1565,27,2026-01-11,12:39:43.0000000,Payment,8759.00,1,5,Success,Healthcare,Delhi,Delhi,0
1566,27,2026-04-15,03:26:09.0000000,Withdrawal,1887.00,7,NULL,Success,Electronics,Chennai,Tamil Nadu,0
1567,27,2026-07-18,18:12:35.0000000,Transfer,14765.00,5,NULL,Success,Fuel,Hyderabad,Telangana,0
1568,27,2025-10-20,08:59:01.0000000,Purchase,7893.00,3,11,Success,Healthcare,Coimbatore,Tamil Nadu,0
1569,27,2026-01-22,23:45:27.0000000,Deposit,1021.00,1,9,Success,Electronics,Mumbai,Maharashtra,0
1570,27,2026-04-26,14:31:53.0000000,Payment,13899.00,7,NULL,Pending,Fuel,Pune,Maharashtra,0
1571,27,2026-07-29,05:18:19.0000000,Withdrawal,7027.00,5,NULL,Success,Healthcare,Bengaluru,Karnataka,0
1572,27,2025-10-31,20:04:45.0000000,Transfer,19905.00,3,3,Success,Electronics,Delhi,Delhi,0
1573,27,2026-02-02,10:51:11.0000000,Purchase,13033.00,1,1,Success,Fuel,Chennai,Tamil Nadu,0
1574,27,2026-05-07,01:37:37.0000000,Deposit,6161.00,7,NULL,Success,Healthcare,Hyderabad,Telangana,1
1575,27,2026-08-09,16:24:03.0000000,Payment,19039.00,5,NULL,Success,Electronics,Coimbatore,Tamil Nadu,0
1576,27,2025-11-11,07:10:29.0000000,Withdrawal,12167.00,3,7,Success,Fuel,Mumbai,Maharashtra,0
1577,27,2026-02-13,21:56:55.0000000,Transfer,5295.00,1,5,Success,Healthcare,Pune,Maharashtra,0
1578,27,2026-05-18,12:43:21.0000000,Purchase,18173.00,7,NULL,Success,Electronics,Bengaluru,Karnataka,0
1579,27,2026-08-20,03:29:47.0000000,Deposit,11301.00,5,NULL,Failed,Fuel,Delhi,Delhi,0
1580,27,2025-11-22,18:16:13.0000000,Payment,4429.00,3,11,Success,Healthcare,Chennai,Tamil Nadu,0
1581,27,2026-02-24,09:02:39.0000000,Withdrawal,17307.00,1,9,Success,Electronics,Hyderabad,Telangana,0
1582,27,2026-05-29,23:49:05.0000000,Transfer,10435.00,7,NULL,Success,Fuel,Coimbatore,Tamil Nadu,0
1583,27,2026-08-31,14:35:31.0000000,Purchase,3563.00,5,NULL,Success,Healthcare,Mumbai,Maharashtra,0
1584,27,2025-12-03,05:21:57.0000000,Deposit,16441.00,3,3,Success,Electronics,Pune,Maharashtra,0
1585,27,2026-03-07,20:08:23.0000000,Payment,9569.00,1,1,Success,Fuel,Bengaluru,Karnataka,0
1586,27,2026-06-09,10:54:49.0000000,Withdrawal,2697.00,7,NULL,Success,Healthcare,Delhi,Delhi,0
1587,27,2026-09-11,01:41:15.0000000,Transfer,15575.00,5,NULL,Success,Electronics,Chennai,Tamil Nadu,0
1588,27,2025-12-14,16:27:41.0000000,Purchase,8703.00,3,7,Success,Fuel,Hyderabad,Telangana,0
1589,27,2026-03-18,07:14:07.0000000,Deposit,1831.00,1,5,Success,Healthcare,Coimbatore,Tamil Nadu,0
1590,27,2026-06-20,22:00:33.0000000,Payment,14709.00,7,NULL,Success,Electronics,Mumbai,Maharashtra,0
1591,27,2026-09-22,12:46:59.0000000,Withdrawal,7837.00,5,NULL,Success,Fuel,Pune,Maharashtra,0
1592,27,2025-12-25,03:33:25.0000000,Transfer,965.00,3,11,Success,Healthcare,Bengaluru,Karnataka,0
1593,27,2026-03-29,18:19:51.0000000,Purchase,80289.00,1,9,Success,Electronics,Delhi,Delhi,0
1594,27,2026-07-01,09:06:17.0000000,Deposit,6971.00,7,NULL,Success,Fuel,Chennai,Tamil Nadu,0
1595,27,2025-10-03,23:52:43.0000000,Payment,19849.00,5,NULL,Success,Healthcare,Hyderabad,Telangana,0
1596,27,2026-01-05,14:39:09.0000000,Withdrawal,12977.00,3,3,Success,Electronics,Coimbatore,Tamil Nadu,0
1597,27,2026-04-09,05:25:35.0000000,Transfer,6105.00,1,1,Success,Fuel,Mumbai,Maharashtra,0
1598,27,2026-07-12,20:12:01.0000000,Purchase,18983.00,7,NULL,Success,Healthcare,Pune,Maharashtra,0
1599,27,2025-10-14,10:58:27.0000000,Deposit,12111.00,5,NULL,Success,Electronics,Bengaluru,Karnataka,0
1600,27,2026-01-16,01:44:53.0000000,Payment,5239.00,3,7,Success,Fuel,Delhi,Delhi,0
1601,28,2025-10-27,09:11:34.0000000,Transfer,3812.00,2,2,Success,Restaurant,Pune,Maharashtra,0
1602,28,2026-01-29,23:58:00.0000000,Purchase,16690.00,8,NULL,Success,Grocery,Bengaluru,Karnataka,0
1603,28,2026-05-03,14:44:26.0000000,Deposit,9818.00,6,NULL,Success,Travel,Delhi,Delhi,0
1604,28,2026-08-05,05:30:52.0000000,Payment,2946.00,4,NULL,Success,Restaurant,Chennai,Tamil Nadu,0
1605,28,2025-11-07,20:17:18.0000000,Withdrawal,15824.00,2,6,Success,Grocery,Hyderabad,Telangana,0
1606,28,2026-02-09,11:03:44.0000000,Transfer,8952.00,8,NULL,Success,Travel,Coimbatore,Tamil Nadu,0
1607,28,2026-05-14,01:50:10.0000000,Purchase,2080.00,6,NULL,Success,Restaurant,Mumbai,Maharashtra,0
1608,28,2026-08-16,16:36:36.0000000,Deposit,14958.00,4,NULL,Success,Grocery,Pune,Maharashtra,0
1609,28,2025-11-18,07:23:02.0000000,Payment,8086.00,2,10,Success,Travel,Bengaluru,Karnataka,0
1610,28,2026-02-20,22:09:28.0000000,Withdrawal,1214.00,8,NULL,Success,Restaurant,Delhi,Delhi,0
1611,28,2026-05-25,12:55:54.0000000,Transfer,14092.00,6,NULL,Success,Grocery,Chennai,Tamil Nadu,0
1612,28,2026-08-27,03:42:20.0000000,Purchase,7220.00,4,NULL,Pending,Travel,Hyderabad,Telangana,0
1613,28,2025-11-29,18:28:46.0000000,Deposit,348.00,2,2,Success,Restaurant,Coimbatore,Tamil Nadu,0
1614,28,2026-03-03,09:15:12.0000000,Payment,13226.00,8,NULL,Success,Grocery,Mumbai,Maharashtra,0
1615,28,2026-06-05,00:01:38.0000000,Withdrawal,6354.00,6,NULL,Success,Travel,Pune,Maharashtra,0
1616,28,2026-09-07,14:48:04.0000000,Transfer,19232.00,4,NULL,Success,Restaurant,Bengaluru,Karnataka,0
1617,28,2025-12-10,05:34:30.0000000,Purchase,12360.00,2,6,Success,Grocery,Delhi,Delhi,0
1618,28,2026-03-14,20:20:56.0000000,Deposit,5488.00,8,NULL,Failed,Travel,Chennai,Tamil Nadu,0
1619,28,2026-06-16,11:07:22.0000000,Payment,18366.00,6,NULL,Success,Restaurant,Hyderabad,Telangana,0
1620,28,2026-09-18,01:53:48.0000000,Withdrawal,11494.00,4,NULL,Success,Grocery,Coimbatore,Tamil Nadu,0
1621,28,2025-12-21,16:40:14.0000000,Transfer,4622.00,2,10,Success,Travel,Mumbai,Maharashtra,0
1622,28,2026-03-25,07:26:40.0000000,Purchase,17500.00,8,NULL,Success,Restaurant,Pune,Maharashtra,0
1623,28,2026-06-27,22:13:06.0000000,Deposit,10628.00,6,NULL,Success,Grocery,Bengaluru,Karnataka,0
1624,28,2026-09-29,12:59:32.0000000,Payment,3756.00,4,NULL,Success,Travel,Delhi,Delhi,0
1625,28,2026-01-01,03:45:58.0000000,Withdrawal,16634.00,2,2,Success,Restaurant,Chennai,Tamil Nadu,0
1626,28,2026-04-05,18:32:24.0000000,Transfer,9762.00,8,NULL,Success,Grocery,Hyderabad,Telangana,0
1627,28,2026-07-08,09:18:50.0000000,Purchase,2890.00,6,NULL,Success,Travel,Coimbatore,Tamil Nadu,0
1628,28,2025-10-10,00:05:16.0000000,Deposit,15768.00,4,NULL,Success,Restaurant,Mumbai,Maharashtra,0
1629,28,2026-01-12,14:51:42.0000000,Payment,8896.00,2,6,Success,Grocery,Pune,Maharashtra,0
1630,28,2026-04-16,05:38:08.0000000,Withdrawal,2024.00,8,NULL,Success,Travel,Bengaluru,Karnataka,0
1631,28,2026-07-19,20:24:34.0000000,Transfer,14902.00,6,NULL,Success,Restaurant,Delhi,Delhi,0
1632,28,2025-10-21,11:11:00.0000000,Purchase,8030.00,4,NULL,Success,Grocery,Chennai,Tamil Nadu,0
1633,28,2026-01-23,01:57:26.0000000,Deposit,78034.00,2,10,Success,Travel,Hyderabad,Telangana,0
1634,28,2026-04-27,16:43:52.0000000,Payment,14036.00,8,NULL,Success,Restaurant,Coimbatore,Tamil Nadu,0
1635,28,2026-07-30,07:30:18.0000000,Withdrawal,7164.00,6,NULL,Success,Grocery,Mumbai,Maharashtra,0
1636,28,2025-11-01,22:16:44.0000000,Transfer,292.00,4,NULL,Success,Travel,Pune,Maharashtra,0
1637,28,2026-02-03,13:03:10.0000000,Purchase,13170.00,2,2,Success,Restaurant,Bengaluru,Karnataka,0
1638,28,2026-05-08,03:49:36.0000000,Deposit,6298.00,8,NULL,Success,Grocery,Delhi,Delhi,0
1639,28,2026-08-10,18:36:02.0000000,Payment,19176.00,6,NULL,Success,Travel,Chennai,Tamil Nadu,0
1640,28,2025-11-12,09:22:28.0000000,Withdrawal,12304.00,4,NULL,Reversed,Restaurant,Hyderabad,Telangana,0
1641,28,2026-02-14,00:08:54.0000000,Transfer,5432.00,2,6,Success,Grocery,Coimbatore,Tamil Nadu,0
1642,28,2026-05-19,14:55:20.0000000,Purchase,153880.00,8,NULL,Success,Travel,Mumbai,Maharashtra,0
1643,28,2026-08-21,05:41:46.0000000,Deposit,11438.00,6,NULL,Success,Restaurant,Pune,Maharashtra,0
1644,28,2025-11-23,20:28:12.0000000,Payment,4566.00,4,NULL,Success,Grocery,Bengaluru,Karnataka,1
1645,28,2026-02-25,11:14:38.0000000,Withdrawal,17444.00,2,10,Success,Travel,Delhi,Delhi,0
1646,28,2026-05-30,02:01:04.0000000,Transfer,10572.00,8,NULL,Success,Restaurant,Chennai,Tamil Nadu,0
1647,28,2026-09-01,16:47:30.0000000,Purchase,3700.00,6,NULL,Failed,Grocery,Hyderabad,Telangana,0
1648,28,2025-12-04,07:33:56.0000000,Deposit,16578.00,4,NULL,Success,Travel,Coimbatore,Tamil Nadu,0
1649,28,2026-03-08,22:20:22.0000000,Payment,9706.00,2,2,Success,Restaurant,Mumbai,Maharashtra,0
1650,28,2026-06-10,13:06:48.0000000,Withdrawal,2834.00,8,NULL,Success,Grocery,Pune,Maharashtra,0
1651,28,2026-09-12,03:53:14.0000000,Transfer,15712.00,6,NULL,Success,Travel,Bengaluru,Karnataka,0
1652,28,2025-12-15,18:39:40.0000000,Purchase,8840.00,4,NULL,Success,Restaurant,Delhi,Delhi,0
1653,28,2026-03-19,09:26:06.0000000,Deposit,1968.00,2,6,Success,Grocery,Chennai,Tamil Nadu,0
1654,28,2026-06-21,00:12:32.0000000,Payment,14846.00,8,NULL,Success,Travel,Hyderabad,Telangana,0
1655,28,2026-09-23,14:58:58.0000000,Withdrawal,7974.00,6,NULL,Success,Restaurant,Coimbatore,Tamil Nadu,0
1656,28,2025-12-26,05:45:24.0000000,Transfer,1102.00,4,NULL,Success,Grocery,Mumbai,Maharashtra,0
1657,28,2026-03-30,20:31:50.0000000,Purchase,13980.00,2,10,Success,Travel,Pune,Maharashtra,0
1658,28,2026-07-02,11:18:16.0000000,Deposit,7108.00,8,NULL,Success,Restaurant,Bengaluru,Karnataka,0
1659,28,2025-10-04,02:04:42.0000000,Payment,19986.00,6,NULL,Success,Grocery,Delhi,Delhi,0
1660,28,2026-01-06,16:51:08.0000000,Withdrawal,13114.00,4,NULL,Success,Travel,Chennai,Tamil Nadu,0
1661,28,2026-04-10,07:37:34.0000000,Transfer,6242.00,2,2,Success,Restaurant,Hyderabad,Telangana,0
1662,28,2026-07-13,22:24:00.0000000,Purchase,19120.00,8,NULL,Success,Grocery,Coimbatore,Tamil Nadu,0
1663,28,2025-10-15,13:10:26.0000000,Deposit,12248.00,6,NULL,Success,Travel,Mumbai,Maharashtra,0
1664,28,2026-01-17,03:56:52.0000000,Payment,5376.00,4,NULL,Success,Restaurant,Pune,Maharashtra,0
1665,29,2025-10-28,11:23:33.0000000,Payment,3949.00,3,3,Success,Electronics,Coimbatore,Tamil Nadu,0
1666,29,2026-01-30,02:09:59.0000000,Withdrawal,16827.00,1,1,Success,Fuel,Mumbai,Maharashtra,0
1667,29,2026-05-04,16:56:25.0000000,Transfer,9955.00,7,NULL,Success,Healthcare,Pune,Maharashtra,0
1668,29,2026-08-06,07:42:51.0000000,Purchase,3083.00,5,NULL,Success,Electronics,Bengaluru,Karnataka,0
1669,29,2025-11-08,22:29:17.0000000,Deposit,15961.00,3,7,Success,Fuel,Delhi,Delhi,0
1670,29,2026-02-10,13:15:43.0000000,Payment,9089.00,1,5,Reversed,Healthcare,Chennai,Tamil Nadu,0
1671,29,2026-05-15,04:02:09.0000000,Withdrawal,2217.00,7,NULL,Success,Electronics,Hyderabad,Telangana,0
1672,29,2026-08-17,18:48:35.0000000,Transfer,15095.00,5,NULL,Success,Fuel,Coimbatore,Tamil Nadu,0
1673,29,2025-11-19,09:35:01.0000000,Purchase,75779.00,3,11,Success,Healthcare,Mumbai,Maharashtra,0
1674,29,2026-02-21,00:21:27.0000000,Deposit,150873.00,1,9,Success,Electronics,Pune,Maharashtra,0
1675,29,2026-05-26,15:07:53.0000000,Payment,14229.00,7,NULL,Success,Fuel,Bengaluru,Karnataka,0
1676,29,2026-08-28,05:54:19.0000000,Withdrawal,7357.00,5,NULL,Success,Healthcare,Delhi,Delhi,0
1677,29,2025-11-30,20:40:45.0000000,Transfer,485.00,3,3,Success,Electronics,Chennai,Tamil Nadu,0
1678,29,2026-03-04,11:27:11.0000000,Purchase,13363.00,1,1,Success,Fuel,Hyderabad,Telangana,0
1679,29,2026-06-06,02:13:37.0000000,Deposit,6491.00,7,NULL,Success,Healthcare,Coimbatore,Tamil Nadu,0
1680,29,2026-09-08,17:00:03.0000000,Payment,19369.00,5,NULL,Success,Electronics,Mumbai,Maharashtra,0
1681,29,2025-12-11,07:46:29.0000000,Withdrawal,12497.00,3,7,Success,Fuel,Pune,Maharashtra,0
1682,29,2026-03-15,22:32:55.0000000,Transfer,5625.00,1,5,Success,Healthcare,Bengaluru,Karnataka,0
1683,29,2026-06-17,13:19:21.0000000,Purchase,18503.00,7,NULL,Success,Electronics,Delhi,Delhi,0
1684,29,2026-09-19,04:05:47.0000000,Deposit,11631.00,5,NULL,Success,Fuel,Chennai,Tamil Nadu,0
1685,29,2025-12-22,18:52:13.0000000,Payment,4759.00,3,11,Success,Healthcare,Hyderabad,Telangana,0
1686,29,2026-03-26,09:38:39.0000000,Withdrawal,17637.00,1,9,Failed,Electronics,Coimbatore,Tamil Nadu,0
1687,29,2026-06-28,00:25:05.0000000,Transfer,10765.00,7,NULL,Success,Fuel,Mumbai,Maharashtra,0
1688,29,2026-09-30,15:11:31.0000000,Purchase,3893.00,5,NULL,Success,Healthcare,Pune,Maharashtra,0
1689,29,2026-01-02,05:57:57.0000000,Deposit,16771.00,3,3,Success,Electronics,Bengaluru,Karnataka,0
1690,29,2026-04-06,20:44:23.0000000,Payment,9899.00,1,1,Success,Fuel,Delhi,Delhi,0
1691,29,2026-07-09,11:30:49.0000000,Withdrawal,3027.00,7,NULL,Success,Healthcare,Chennai,Tamil Nadu,0
1692,29,2025-10-11,02:17:15.0000000,Transfer,15905.00,5,NULL,Success,Electronics,Hyderabad,Telangana,0
1693,29,2026-01-13,17:03:41.0000000,Purchase,9033.00,3,7,Success,Fuel,Coimbatore,Tamil Nadu,0
1694,29,2026-04-17,07:50:07.0000000,Deposit,2161.00,1,5,Success,Healthcare,Mumbai,Maharashtra,0
1695,29,2026-07-20,22:36:33.0000000,Payment,15039.00,7,NULL,Success,Electronics,Pune,Maharashtra,0
1696,29,2025-10-22,13:22:59.0000000,Withdrawal,8167.00,5,NULL,Success,Fuel,Bengaluru,Karnataka,0
1697,29,2026-01-24,04:09:25.0000000,Transfer,1295.00,3,11,Success,Healthcare,Delhi,Delhi,0
1698,29,2026-04-28,18:55:51.0000000,Purchase,14173.00,1,9,Success,Electronics,Chennai,Tamil Nadu,0
1699,29,2026-07-31,09:42:17.0000000,Deposit,7301.00,7,NULL,Success,Fuel,Hyderabad,Telangana,0
1700,29,2025-11-02,00:28:43.0000000,Payment,429.00,5,NULL,Success,Healthcare,Coimbatore,Tamil Nadu,0
1701,29,2026-02-04,15:15:09.0000000,Withdrawal,13307.00,3,3,Success,Electronics,Mumbai,Maharashtra,0
1702,29,2026-05-09,06:01:35.0000000,Transfer,6435.00,1,1,Success,Fuel,Pune,Maharashtra,0
1703,29,2026-08-11,20:48:01.0000000,Purchase,19313.00,7,NULL,Success,Healthcare,Bengaluru,Karnataka,0
1704,29,2025-11-13,11:34:27.0000000,Deposit,12441.00,5,NULL,Success,Electronics,Delhi,Delhi,0
1705,29,2026-02-15,02:20:53.0000000,Payment,5569.00,3,7,Success,Fuel,Chennai,Tamil Nadu,0
1706,29,2026-05-20,17:07:19.0000000,Withdrawal,18447.00,1,5,Success,Healthcare,Hyderabad,Telangana,0
1707,29,2026-08-22,07:53:45.0000000,Transfer,11575.00,7,NULL,Pending,Electronics,Coimbatore,Tamil Nadu,0
1708,29,2025-11-24,22:40:11.0000000,Purchase,4703.00,5,NULL,Success,Fuel,Mumbai,Maharashtra,0
1709,29,2026-02-26,13:26:37.0000000,Deposit,17581.00,3,11,Success,Healthcare,Pune,Maharashtra,0
1710,29,2026-05-31,04:13:03.0000000,Payment,10709.00,1,9,Success,Electronics,Bengaluru,Karnataka,0
1711,29,2026-09-02,18:59:29.0000000,Withdrawal,3837.00,7,NULL,Success,Fuel,Delhi,Delhi,0
1712,29,2025-12-05,09:45:55.0000000,Transfer,16715.00,5,NULL,Success,Healthcare,Chennai,Tamil Nadu,0
1713,29,2026-03-09,00:32:21.0000000,Purchase,9843.00,3,3,Success,Electronics,Hyderabad,Telangana,0
1714,29,2026-06-11,15:18:47.0000000,Deposit,79633.00,1,1,Success,Fuel,Coimbatore,Tamil Nadu,1
1715,29,2026-09-13,06:05:13.0000000,Payment,15849.00,7,NULL,Failed,Healthcare,Mumbai,Maharashtra,0
1716,29,2025-12-16,20:51:39.0000000,Withdrawal,8977.00,5,NULL,Success,Electronics,Pune,Maharashtra,0
1717,29,2026-03-20,11:38:05.0000000,Transfer,2105.00,3,7,Success,Fuel,Bengaluru,Karnataka,0
1718,29,2026-06-22,02:24:31.0000000,Purchase,14983.00,1,5,Success,Healthcare,Delhi,Delhi,0
1719,29,2026-09-24,17:10:57.0000000,Deposit,8111.00,7,NULL,Success,Electronics,Chennai,Tamil Nadu,0
1720,29,2025-12-27,07:57:23.0000000,Payment,1239.00,5,NULL,Success,Fuel,Hyderabad,Telangana,0
1721,29,2026-03-31,22:43:49.0000000,Withdrawal,14117.00,3,11,Success,Healthcare,Coimbatore,Tamil Nadu,0
1722,29,2026-07-03,13:30:15.0000000,Transfer,7245.00,1,9,Success,Electronics,Mumbai,Maharashtra,0
1723,29,2025-10-05,04:16:41.0000000,Purchase,373.00,7,NULL,Success,Fuel,Pune,Maharashtra,0
1724,29,2026-01-07,19:03:07.0000000,Deposit,13251.00,5,NULL,Success,Healthcare,Bengaluru,Karnataka,0
1725,29,2026-04-11,09:49:33.0000000,Payment,6379.00,3,3,Success,Electronics,Delhi,Delhi,0
1726,29,2026-07-14,00:35:59.0000000,Withdrawal,19257.00,1,1,Success,Fuel,Chennai,Tamil Nadu,0
1727,29,2025-10-16,15:22:25.0000000,Transfer,12385.00,7,NULL,Success,Healthcare,Hyderabad,Telangana,0
1728,29,2026-01-18,06:08:51.0000000,Purchase,5513.00,5,NULL,Success,Electronics,Coimbatore,Tamil Nadu,0
1729,30,2025-10-29,13:35:32.0000000,Payment,4086.00,4,NULL,Success,Travel,Chennai,Tamil Nadu,0
1730,30,2026-01-31,04:21:58.0000000,Withdrawal,16964.00,2,2,Success,Restaurant,Hyderabad,Telangana,0
1731,30,2026-05-05,19:08:24.0000000,Transfer,10092.00,8,NULL,Success,Grocery,Coimbatore,Tamil Nadu,0
1732,30,2026-08-07,09:54:50.0000000,Purchase,3220.00,6,NULL,Success,Travel,Mumbai,Maharashtra,0
1733,30,2025-11-09,00:41:16.0000000,Deposit,16098.00,4,NULL,Success,Restaurant,Pune,Maharashtra,0
1734,30,2026-02-11,15:27:42.0000000,Payment,9226.00,2,6,Success,Grocery,Bengaluru,Karnataka,0
1735,30,2026-05-16,06:14:08.0000000,Withdrawal,2354.00,8,NULL,Success,Travel,Delhi,Delhi,0
1736,30,2026-08-18,21:00:34.0000000,Transfer,15232.00,6,NULL,Success,Restaurant,Chennai,Tamil Nadu,0
1737,30,2025-11-20,11:47:00.0000000,Purchase,8360.00,4,NULL,Success,Grocery,Hyderabad,Telangana,0
1738,30,2026-02-22,02:33:26.0000000,Deposit,1488.00,2,10,Success,Travel,Coimbatore,Tamil Nadu,0
1739,30,2026-05-27,17:19:52.0000000,Payment,14366.00,8,NULL,Success,Restaurant,Mumbai,Maharashtra,0
1740,30,2026-08-29,08:06:18.0000000,Withdrawal,7494.00,6,NULL,Success,Grocery,Pune,Maharashtra,0
1741,30,2025-12-01,22:52:44.0000000,Transfer,622.00,4,NULL,Success,Travel,Bengaluru,Karnataka,0
1742,30,2026-03-05,13:39:10.0000000,Purchase,13500.00,2,2,Success,Restaurant,Delhi,Delhi,0
1743,30,2026-06-07,04:25:36.0000000,Deposit,6628.00,8,NULL,Success,Grocery,Chennai,Tamil Nadu,0
1744,30,2026-09-09,19:12:02.0000000,Payment,19506.00,6,NULL,Success,Travel,Hyderabad,Telangana,0
1745,30,2025-12-12,09:58:28.0000000,Withdrawal,12634.00,4,NULL,Success,Restaurant,Coimbatore,Tamil Nadu,0
1746,30,2026-03-16,00:44:54.0000000,Transfer,5762.00,2,6,Success,Grocery,Mumbai,Maharashtra,0
1747,30,2026-06-18,15:31:20.0000000,Purchase,18640.00,8,NULL,Success,Travel,Pune,Maharashtra,0
1748,30,2026-09-20,06:17:46.0000000,Deposit,11768.00,6,NULL,Success,Restaurant,Bengaluru,Karnataka,0
1749,30,2025-12-23,21:04:12.0000000,Payment,4896.00,4,NULL,Pending,Grocery,Delhi,Delhi,0
1750,30,2026-03-27,11:50:38.0000000,Withdrawal,17774.00,2,10,Success,Travel,Chennai,Tamil Nadu,0
1751,30,2026-06-29,02:37:04.0000000,Transfer,10902.00,8,NULL,Success,Restaurant,Hyderabad,Telangana,0
1752,30,2025-10-01,17:23:30.0000000,Purchase,4030.00,6,NULL,Success,Grocery,Coimbatore,Tamil Nadu,0
1753,30,2026-01-03,08:09:56.0000000,Deposit,16908.00,4,NULL,Success,Travel,Mumbai,Maharashtra,0
1754,30,2026-04-07,22:56:22.0000000,Payment,77378.00,2,2,Failed,Restaurant,Pune,Maharashtra,0
1755,30,2026-07-10,13:42:48.0000000,Withdrawal,3164.00,8,NULL,Success,Grocery,Bengaluru,Karnataka,0
1756,30,2025-10-12,04:29:14.0000000,Transfer,16042.00,6,NULL,Success,Travel,Delhi,Delhi,0
1757,30,2026-01-14,19:15:40.0000000,Purchase,9170.00,4,NULL,Success,Restaurant,Chennai,Tamil Nadu,0
1758,30,2026-04-18,10:02:06.0000000,Deposit,2298.00,2,6,Success,Grocery,Hyderabad,Telangana,0
1759,30,2026-07-21,00:48:32.0000000,Payment,15176.00,8,NULL,Success,Travel,Coimbatore,Tamil Nadu,0
1760,30,2025-10-23,15:34:58.0000000,Withdrawal,8304.00,6,NULL,Success,Restaurant,Mumbai,Maharashtra,0
1761,30,2026-01-25,06:21:24.0000000,Transfer,1432.00,4,NULL,Success,Grocery,Pune,Maharashtra,0
1762,30,2026-04-29,21:07:50.0000000,Purchase,14310.00,2,10,Success,Travel,Bengaluru,Karnataka,0
1763,30,2026-08-01,11:54:16.0000000,Deposit,7438.00,8,NULL,Success,Restaurant,Delhi,Delhi,0
1764,30,2025-11-03,02:40:42.0000000,Payment,566.00,6,NULL,Success,Grocery,Chennai,Tamil Nadu,0
1765,30,2026-02-05,17:27:08.0000000,Withdrawal,13444.00,4,NULL,Success,Travel,Hyderabad,Telangana,0
1766,30,2026-05-10,08:13:34.0000000,Transfer,6572.00,2,2,Success,Restaurant,Coimbatore,Tamil Nadu,0
1767,30,2026-08-12,23:00:00.0000000,Purchase,19450.00,8,NULL,Success,Grocery,Mumbai,Maharashtra,0
1768,30,2025-11-14,13:46:26.0000000,Deposit,12578.00,6,NULL,Success,Travel,Pune,Maharashtra,0
1769,30,2026-02-16,04:32:52.0000000,Payment,5706.00,4,NULL,Success,Restaurant,Bengaluru,Karnataka,0
1770,30,2026-05-21,19:19:18.0000000,Withdrawal,18584.00,2,6,Success,Grocery,Delhi,Delhi,0
1771,30,2026-08-23,10:05:44.0000000,Transfer,11712.00,8,NULL,Reversed,Travel,Chennai,Tamil Nadu,0
1772,30,2025-11-25,00:52:10.0000000,Purchase,4840.00,6,NULL,Success,Restaurant,Hyderabad,Telangana,0
1773,30,2026-02-27,15:38:36.0000000,Deposit,17718.00,4,NULL,Success,Grocery,Coimbatore,Tamil Nadu,0
1774,30,2026-06-01,06:25:02.0000000,Payment,10846.00,2,10,Success,Travel,Mumbai,Maharashtra,0
1775,30,2026-09-03,21:11:28.0000000,Withdrawal,3974.00,8,NULL,Success,Restaurant,Pune,Maharashtra,0
1776,30,2025-12-06,11:57:54.0000000,Transfer,16852.00,6,NULL,Success,Grocery,Bengaluru,Karnataka,0
1777,30,2026-03-10,02:44:20.0000000,Purchase,9980.00,4,NULL,Success,Travel,Delhi,Delhi,0
1778,30,2026-06-12,17:30:46.0000000,Deposit,3108.00,2,2,Success,Restaurant,Chennai,Tamil Nadu,0
1779,30,2026-09-14,08:17:12.0000000,Payment,15986.00,8,NULL,Success,Grocery,Hyderabad,Telangana,0
1780,30,2025-12-17,23:03:38.0000000,Withdrawal,9114.00,6,NULL,Success,Travel,Coimbatore,Tamil Nadu,0
1781,30,2026-03-21,13:50:04.0000000,Transfer,2242.00,4,NULL,Success,Restaurant,Mumbai,Maharashtra,0
1782,30,2026-06-23,04:36:30.0000000,Purchase,15120.00,2,6,Success,Grocery,Pune,Maharashtra,0
1783,30,2026-09-25,19:22:56.0000000,Deposit,8248.00,8,NULL,Failed,Travel,Bengaluru,Karnataka,0
1784,30,2025-12-28,10:09:22.0000000,Payment,1376.00,6,NULL,Success,Restaurant,Delhi,Delhi,1
1785,30,2026-04-01,00:55:48.0000000,Withdrawal,14254.00,4,NULL,Success,Grocery,Chennai,Tamil Nadu,0
1786,30,2026-07-04,15:42:14.0000000,Transfer,7382.00,2,10,Success,Travel,Hyderabad,Telangana,0
1787,30,2025-10-06,06:28:40.0000000,Purchase,510.00,8,NULL,Success,Restaurant,Coimbatore,Tamil Nadu,0
1788,30,2026-01-08,21:15:06.0000000,Deposit,13388.00,6,NULL,Success,Grocery,Mumbai,Maharashtra,0
1789,30,2026-04-12,12:01:32.0000000,Payment,6516.00,4,NULL,Success,Travel,Pune,Maharashtra,0
1790,30,2026-07-15,02:47:58.0000000,Withdrawal,19394.00,2,2,Success,Restaurant,Bengaluru,Karnataka,0
1791,30,2025-10-17,17:34:24.0000000,Transfer,12522.00,8,NULL,Success,Grocery,Delhi,Delhi,0
1792,30,2026-01-19,08:20:50.0000000,Purchase,5650.00,6,NULL,Success,Travel,Chennai,Tamil Nadu,0
1793,31,2025-10-30,15:47:31.0000000,Purchase,4223.00,5,NULL,Failed,Healthcare,Bengaluru,Karnataka,0
1794,31,2026-02-01,06:33:57.0000000,Deposit,75123.00,3,3,Success,Electronics,Delhi,Delhi,0
1795,31,2026-05-06,21:20:23.0000000,Payment,10229.00,1,1,Success,Fuel,Chennai,Tamil Nadu,0
1796,31,2026-08-08,12:06:49.0000000,Withdrawal,3357.00,7,NULL,Success,Healthcare,Hyderabad,Telangana,0
1797,31,2025-11-10,02:53:15.0000000,Transfer,16235.00,5,NULL,Success,Electronics,Coimbatore,Tamil Nadu,0
1798,31,2026-02-12,17:39:41.0000000,Purchase,9363.00,3,7,Success,Fuel,Mumbai,Maharashtra,0
1799,31,2026-05-17,08:26:07.0000000,Deposit,2491.00,1,5,Success,Healthcare,Pune,Maharashtra,0
1800,31,2026-08-19,23:12:33.0000000,Payment,15369.00,7,NULL,Success,Electronics,Bengaluru,Karnataka,0
1801,31,2025-11-21,13:58:59.0000000,Withdrawal,8497.00,5,NULL,Reversed,Fuel,Delhi,Delhi,0
1802,31,2026-02-23,04:45:25.0000000,Transfer,1625.00,3,11,Success,Healthcare,Chennai,Tamil Nadu,0
1803,31,2026-05-28,19:31:51.0000000,Purchase,14503.00,1,9,Success,Electronics,Hyderabad,Telangana,0
1804,31,2026-08-30,10:18:17.0000000,Deposit,7631.00,7,NULL,Success,Fuel,Coimbatore,Tamil Nadu,0
1805,31,2025-12-02,01:04:43.0000000,Payment,759.00,5,NULL,Success,Healthcare,Mumbai,Maharashtra,0
1806,31,2026-03-06,15:51:09.0000000,Withdrawal,13637.00,3,3,Success,Electronics,Pune,Maharashtra,0
1807,31,2026-06-08,06:37:35.0000000,Transfer,6765.00,1,1,Success,Fuel,Bengaluru,Karnataka,0
1808,31,2026-09-10,21:24:01.0000000,Purchase,19643.00,7,NULL,Success,Healthcare,Delhi,Delhi,0
1809,31,2025-12-13,12:10:27.0000000,Deposit,12771.00,5,NULL,Success,Electronics,Chennai,Tamil Nadu,0
1810,31,2026-03-17,02:56:53.0000000,Payment,5899.00,3,7,Success,Fuel,Hyderabad,Telangana,0
1811,31,2026-06-19,17:43:19.0000000,Withdrawal,18777.00,1,5,Success,Healthcare,Coimbatore,Tamil Nadu,0
1812,31,2026-09-21,08:29:45.0000000,Transfer,11905.00,7,NULL,Success,Electronics,Mumbai,Maharashtra,0
1813,31,2025-12-24,23:16:11.0000000,Purchase,5033.00,5,NULL,Success,Fuel,Pune,Maharashtra,0
1814,31,2026-03-28,14:02:37.0000000,Deposit,17911.00,3,11,Success,Healthcare,Bengaluru,Karnataka,0
1815,31,2026-06-30,04:49:03.0000000,Payment,11039.00,1,9,Success,Electronics,Delhi,Delhi,0
1816,31,2025-10-02,19:35:29.0000000,Withdrawal,4167.00,7,NULL,Success,Fuel,Chennai,Tamil Nadu,0
1817,31,2026-01-04,10:21:55.0000000,Transfer,17045.00,5,NULL,Success,Healthcare,Hyderabad,Telangana,0
1818,31,2026-04-08,01:08:21.0000000,Purchase,10173.00,3,3,Success,Electronics,Coimbatore,Tamil Nadu,0
1819,31,2026-07-11,15:54:47.0000000,Deposit,3301.00,1,1,Success,Fuel,Mumbai,Maharashtra,0
1820,31,2025-10-13,06:41:13.0000000,Payment,16179.00,7,NULL,Success,Healthcare,Pune,Maharashtra,0
1821,31,2026-01-15,21:27:39.0000000,Withdrawal,9307.00,5,NULL,Success,Electronics,Bengaluru,Karnataka,0
1822,31,2026-04-19,12:14:05.0000000,Transfer,2435.00,3,7,Failed,Fuel,Delhi,Delhi,0
1823,31,2026-07-22,03:00:31.0000000,Purchase,15313.00,1,5,Success,Healthcare,Chennai,Tamil Nadu,0
1824,31,2025-10-24,17:46:57.0000000,Deposit,8441.00,7,NULL,Success,Electronics,Hyderabad,Telangana,0
1825,31,2026-01-26,08:33:23.0000000,Payment,1569.00,5,NULL,Success,Fuel,Coimbatore,Tamil Nadu,0
1826,31,2026-04-30,23:19:49.0000000,Withdrawal,14447.00,3,11,Success,Healthcare,Mumbai,Maharashtra,0
1827,31,2026-08-02,14:06:15.0000000,Transfer,7575.00,1,9,Success,Electronics,Pune,Maharashtra,0
1828,31,2025-11-04,04:52:41.0000000,Purchase,703.00,7,NULL,Success,Fuel,Bengaluru,Karnataka,0
1829,31,2026-02-06,19:39:07.0000000,Deposit,13581.00,5,NULL,Success,Healthcare,Delhi,Delhi,0
1830,31,2026-05-11,10:25:33.0000000,Payment,6709.00,3,3,Success,Electronics,Chennai,Tamil Nadu,0
1831,31,2026-08-13,01:11:59.0000000,Withdrawal,19587.00,1,1,Success,Fuel,Hyderabad,Telangana,0
1832,31,2025-11-15,15:58:25.0000000,Transfer,12715.00,7,NULL,Success,Healthcare,Coimbatore,Tamil Nadu,0
1833,31,2026-02-17,06:44:51.0000000,Purchase,5843.00,5,NULL,Success,Electronics,Mumbai,Maharashtra,0
1834,31,2026-05-22,21:31:17.0000000,Deposit,18721.00,3,7,Success,Fuel,Pune,Maharashtra,0
1835,31,2026-08-24,12:17:43.0000000,Payment,153977.00,1,5,Success,Healthcare,Bengaluru,Karnataka,0
1836,31,2025-11-26,03:04:09.0000000,Withdrawal,4977.00,7,NULL,Success,Electronics,Delhi,Delhi,0
1837,31,2026-02-28,17:50:35.0000000,Transfer,17855.00,5,NULL,Success,Fuel,Chennai,Tamil Nadu,0
1838,31,2026-06-02,08:37:01.0000000,Purchase,10983.00,3,11,Success,Healthcare,Hyderabad,Telangana,0
1839,31,2026-09-04,23:23:27.0000000,Deposit,4111.00,1,9,Success,Electronics,Coimbatore,Tamil Nadu,0
1840,31,2025-12-07,14:09:53.0000000,Payment,16989.00,7,NULL,Success,Fuel,Mumbai,Maharashtra,0
1841,31,2026-03-11,04:56:19.0000000,Withdrawal,10117.00,5,NULL,Success,Healthcare,Pune,Maharashtra,0
1842,31,2026-06-13,19:42:45.0000000,Transfer,3245.00,3,3,Success,Electronics,Bengaluru,Karnataka,0
1843,31,2026-09-15,10:29:11.0000000,Purchase,16123.00,1,1,Success,Fuel,Delhi,Delhi,0
1844,31,2025-12-18,01:15:37.0000000,Deposit,9251.00,7,NULL,Pending,Healthcare,Chennai,Tamil Nadu,0
1845,31,2026-03-22,16:02:03.0000000,Payment,2379.00,5,NULL,Success,Electronics,Hyderabad,Telangana,0
1846,31,2026-06-24,06:48:29.0000000,Withdrawal,15257.00,3,7,Success,Fuel,Coimbatore,Tamil Nadu,0
1847,31,2026-09-26,21:34:55.0000000,Transfer,8385.00,1,5,Success,Healthcare,Mumbai,Maharashtra,0
1848,31,2025-12-29,12:21:21.0000000,Purchase,1513.00,7,NULL,Success,Electronics,Pune,Maharashtra,0
1849,31,2026-04-02,03:07:47.0000000,Deposit,14391.00,5,NULL,Success,Fuel,Bengaluru,Karnataka,0
1850,31,2026-07-05,17:54:13.0000000,Payment,7519.00,3,11,Success,Healthcare,Delhi,Delhi,0
1851,31,2025-10-07,08:40:39.0000000,Withdrawal,647.00,1,9,Failed,Electronics,Chennai,Tamil Nadu,0
1852,31,2026-01-09,23:27:05.0000000,Transfer,13525.00,7,NULL,Success,Fuel,Hyderabad,Telangana,0
1853,31,2026-04-13,14:13:31.0000000,Purchase,6653.00,5,NULL,Success,Healthcare,Coimbatore,Tamil Nadu,0
1854,31,2026-07-16,04:59:57.0000000,Deposit,19531.00,3,3,Success,Electronics,Mumbai,Maharashtra,1
1855,31,2025-10-18,19:46:23.0000000,Payment,12659.00,1,1,Success,Fuel,Pune,Maharashtra,0
1856,31,2026-01-20,10:32:49.0000000,Withdrawal,5787.00,7,NULL,Success,Healthcare,Bengaluru,Karnataka,0
1857,32,2025-10-31,17:59:30.0000000,Purchase,4360.00,6,NULL,Success,Grocery,Mumbai,Maharashtra,0
1858,32,2026-02-02,08:45:56.0000000,Deposit,17238.00,4,NULL,Success,Travel,Pune,Maharashtra,0
1859,32,2026-05-07,23:32:22.0000000,Payment,10366.00,2,2,Success,Restaurant,Bengaluru,Karnataka,0
1860,32,2026-08-09,14:18:48.0000000,Withdrawal,3494.00,8,NULL,Success,Grocery,Delhi,Delhi,0
1861,32,2025-11-11,05:05:14.0000000,Transfer,16372.00,6,NULL,Failed,Travel,Chennai,Tamil Nadu,0
1862,32,2026-02-13,19:51:40.0000000,Purchase,9500.00,4,NULL,Success,Restaurant,Hyderabad,Telangana,0
1863,32,2026-05-18,10:38:06.0000000,Deposit,2628.00,2,6,Success,Grocery,Coimbatore,Tamil Nadu,0
1864,32,2026-08-20,01:24:32.0000000,Payment,15506.00,8,NULL,Success,Travel,Mumbai,Maharashtra,0
1865,32,2025-11-22,16:10:58.0000000,Withdrawal,8634.00,6,NULL,Success,Restaurant,Pune,Maharashtra,0
1866,32,2026-02-24,06:57:24.0000000,Transfer,1762.00,4,NULL,Success,Grocery,Bengaluru,Karnataka,0
1867,32,2026-05-29,21:43:50.0000000,Purchase,150970.00,2,10,Success,Travel,Delhi,Delhi,0
1868,32,2026-08-31,12:30:16.0000000,Deposit,7768.00,8,NULL,Success,Restaurant,Chennai,Tamil Nadu,0
1869,32,2025-12-03,03:16:42.0000000,Payment,896.00,6,NULL,Success,Grocery,Hyderabad,Telangana,0
1870,32,2026-03-07,18:03:08.0000000,Withdrawal,13774.00,4,NULL,Success,Travel,Coimbatore,Tamil Nadu,0
1871,32,2026-06-09,08:49:34.0000000,Transfer,6902.00,2,2,Success,Restaurant,Mumbai,Maharashtra,0
1872,32,2026-09-11,23:36:00.0000000,Purchase,19780.00,8,NULL,Success,Grocery,Pune,Maharashtra,0
1873,32,2025-12-14,14:22:26.0000000,Deposit,12908.00,6,NULL,Success,Travel,Bengaluru,Karnataka,0
1874,32,2026-03-18,05:08:52.0000000,Payment,6036.00,4,NULL,Success,Restaurant,Delhi,Delhi,0
1875,32,2026-06-20,19:55:18.0000000,Withdrawal,76722.00,2,6,Success,Grocery,Chennai,Tamil Nadu,0
1876,32,2026-09-22,10:41:44.0000000,Transfer,12042.00,8,NULL,Success,Travel,Hyderabad,Telangana,0
1877,32,2025-12-25,01:28:10.0000000,Purchase,5170.00,6,NULL,Success,Restaurant,Coimbatore,Tamil Nadu,0
1878,32,2026-03-29,16:14:36.0000000,Deposit,18048.00,4,NULL,Success,Grocery,Mumbai,Maharashtra,0
1879,32,2026-07-01,07:01:02.0000000,Payment,11176.00,2,10,Success,Travel,Pune,Maharashtra,0
1880,32,2025-10-03,21:47:28.0000000,Withdrawal,4304.00,8,NULL,Success,Restaurant,Bengaluru,Karnataka,0
1881,32,2026-01-05,12:33:54.0000000,Transfer,17182.00,6,NULL,Success,Grocery,Delhi,Delhi,0
1882,32,2026-04-09,03:20:20.0000000,Purchase,10310.00,4,NULL,Success,Travel,Chennai,Tamil Nadu,0
1883,32,2026-07-12,18:06:46.0000000,Deposit,3438.00,2,2,Success,Restaurant,Hyderabad,Telangana,0
1884,32,2025-10-14,08:53:12.0000000,Payment,16316.00,8,NULL,Success,Grocery,Coimbatore,Tamil Nadu,0
1885,32,2026-01-16,23:39:38.0000000,Withdrawal,9444.00,6,NULL,Success,Travel,Mumbai,Maharashtra,0
1886,32,2026-04-20,14:26:04.0000000,Transfer,2572.00,4,NULL,Pending,Restaurant,Pune,Maharashtra,0
1887,32,2026-07-23,05:12:30.0000000,Purchase,15450.00,2,6,Success,Grocery,Bengaluru,Karnataka,0
1888,32,2025-10-25,19:58:56.0000000,Deposit,8578.00,8,NULL,Success,Travel,Delhi,Delhi,0
1889,32,2026-01-27,10:45:22.0000000,Payment,1706.00,6,NULL,Success,Restaurant,Chennai,Tamil Nadu,0
1890,32,2026-05-01,01:31:48.0000000,Withdrawal,14584.00,4,NULL,Failed,Grocery,Hyderabad,Telangana,0
1891,32,2026-08-03,16:18:14.0000000,Transfer,7712.00,2,10,Success,Travel,Coimbatore,Tamil Nadu,0
1892,32,2025-11-05,07:04:40.0000000,Purchase,840.00,8,NULL,Success,Restaurant,Mumbai,Maharashtra,0
1893,32,2026-02-07,21:51:06.0000000,Deposit,13718.00,6,NULL,Success,Grocery,Pune,Maharashtra,0
1894,32,2026-05-12,12:37:32.0000000,Payment,6846.00,4,NULL,Success,Travel,Bengaluru,Karnataka,0
1895,32,2026-08-14,03:23:58.0000000,Withdrawal,19724.00,2,2,Success,Restaurant,Delhi,Delhi,0
1896,32,2025-11-16,18:10:24.0000000,Transfer,12852.00,8,NULL,Success,Grocery,Chennai,Tamil Nadu,0
1897,32,2026-02-18,08:56:50.0000000,Purchase,5980.00,6,NULL,Success,Travel,Hyderabad,Telangana,0
1898,32,2026-05-23,23:43:16.0000000,Deposit,18858.00,4,NULL,Success,Restaurant,Coimbatore,Tamil Nadu,0
1899,32,2026-08-25,14:29:42.0000000,Payment,11986.00,2,6,Success,Grocery,Mumbai,Maharashtra,0
1900,32,2025-11-27,05:16:08.0000000,Withdrawal,5114.00,8,NULL,Success,Travel,Pune,Maharashtra,0
1901,32,2026-03-01,20:02:34.0000000,Transfer,17992.00,6,NULL,Success,Restaurant,Bengaluru,Karnataka,0
1902,32,2026-06-03,10:49:00.0000000,Purchase,11120.00,4,NULL,Reversed,Grocery,Delhi,Delhi,0
1903,32,2026-09-05,01:35:26.0000000,Deposit,4248.00,2,10,Success,Travel,Chennai,Tamil Nadu,0
1904,32,2025-12-08,16:21:52.0000000,Payment,17126.00,8,NULL,Success,Restaurant,Hyderabad,Telangana,0
1905,32,2026-03-12,07:08:18.0000000,Withdrawal,10254.00,6,NULL,Success,Grocery,Coimbatore,Tamil Nadu,0
1906,32,2026-06-14,21:54:44.0000000,Transfer,3382.00,4,NULL,Success,Travel,Mumbai,Maharashtra,0
1907,32,2026-09-16,12:41:10.0000000,Purchase,16260.00,2,2,Success,Restaurant,Pune,Maharashtra,0
1908,32,2025-12-19,03:27:36.0000000,Deposit,9388.00,8,NULL,Success,Grocery,Bengaluru,Karnataka,0
1909,32,2026-03-23,18:14:02.0000000,Payment,2516.00,6,NULL,Success,Travel,Delhi,Delhi,0
1910,32,2026-06-25,09:00:28.0000000,Withdrawal,15394.00,4,NULL,Success,Restaurant,Chennai,Tamil Nadu,0
1911,32,2026-09-27,23:46:54.0000000,Transfer,8522.00,2,6,Success,Grocery,Hyderabad,Telangana,0
1912,32,2025-12-30,14:33:20.0000000,Purchase,1650.00,8,NULL,Success,Travel,Coimbatore,Tamil Nadu,0
1913,32,2026-04-03,05:19:46.0000000,Deposit,14528.00,6,NULL,Success,Restaurant,Mumbai,Maharashtra,0
1914,32,2026-07-06,20:06:12.0000000,Payment,7656.00,4,NULL,Success,Grocery,Pune,Maharashtra,0
1915,32,2025-10-08,10:52:38.0000000,Withdrawal,784.00,2,10,Success,Travel,Bengaluru,Karnataka,0
1916,32,2026-01-10,01:39:04.0000000,Transfer,80576.00,8,NULL,Success,Restaurant,Delhi,Delhi,0
1917,32,2026-04-14,16:25:30.0000000,Purchase,6790.00,6,NULL,Success,Grocery,Chennai,Tamil Nadu,0
1918,32,2026-07-17,07:11:56.0000000,Deposit,19668.00,4,NULL,Success,Travel,Hyderabad,Telangana,0
1919,32,2025-10-19,21:58:22.0000000,Payment,12796.00,2,2,Failed,Restaurant,Coimbatore,Tamil Nadu,0
1920,32,2026-01-21,12:44:48.0000000,Withdrawal,5924.00,8,NULL,Success,Grocery,Mumbai,Maharashtra,0
1921,33,2025-11-01,20:11:29.0000000,Withdrawal,4497.00,7,NULL,Success,Fuel,Hyderabad,Telangana,0
1922,33,2026-02-03,10:57:55.0000000,Transfer,17375.00,5,NULL,Success,Healthcare,Coimbatore,Tamil Nadu,0
1923,33,2026-05-08,01:44:21.0000000,Purchase,10503.00,3,3,Success,Electronics,Mumbai,Maharashtra,0
1924,33,2026-08-10,16:30:47.0000000,Deposit,3631.00,1,1,Success,Fuel,Pune,Maharashtra,0
1925,33,2025-11-12,07:17:13.0000000,Payment,16509.00,7,NULL,Success,Healthcare,Bengaluru,Karnataka,0
1926,33,2026-02-14,22:03:39.0000000,Withdrawal,9637.00,5,NULL,Success,Electronics,Delhi,Delhi,0
1927,33,2026-05-19,12:50:05.0000000,Transfer,2765.00,3,7,Success,Fuel,Chennai,Tamil Nadu,0
1928,33,2026-08-21,03:36:31.0000000,Purchase,15643.00,1,5,Pending,Healthcare,Hyderabad,Telangana,0
1929,33,2025-11-23,18:22:57.0000000,Deposit,8771.00,7,NULL,Failed,Electronics,Coimbatore,Tamil Nadu,0
1930,33,2026-02-25,09:09:23.0000000,Payment,1899.00,5,NULL,Success,Fuel,Mumbai,Maharashtra,0
1931,33,2026-05-30,23:55:49.0000000,Withdrawal,14777.00,3,11,Success,Healthcare,Pune,Maharashtra,0
1932,33,2026-09-01,14:42:15.0000000,Transfer,7905.00,1,9,Reversed,Electronics,Bengaluru,Karnataka,0
1933,33,2025-12-04,05:28:41.0000000,Purchase,1033.00,7,NULL,Success,Fuel,Delhi,Delhi,0
1934,33,2026-03-08,20:15:07.0000000,Deposit,13911.00,5,NULL,Success,Healthcare,Chennai,Tamil Nadu,0
1935,33,2026-06-10,11:01:33.0000000,Payment,7039.00,3,3,Success,Electronics,Hyderabad,Telangana,0
1936,33,2026-09-12,01:47:59.0000000,Withdrawal,19917.00,1,1,Success,Fuel,Coimbatore,Tamil Nadu,0
1937,33,2025-12-15,16:34:25.0000000,Transfer,13045.00,7,NULL,Success,Healthcare,Mumbai,Maharashtra,0
1938,33,2026-03-19,07:20:51.0000000,Purchase,6173.00,5,NULL,Success,Electronics,Pune,Maharashtra,0
1939,33,2026-06-21,22:07:17.0000000,Deposit,19051.00,3,7,Success,Fuel,Bengaluru,Karnataka,0
1940,33,2026-09-23,12:53:43.0000000,Payment,12179.00,1,5,Success,Healthcare,Delhi,Delhi,0
1941,33,2025-12-26,03:40:09.0000000,Withdrawal,5307.00,7,NULL,Success,Electronics,Chennai,Tamil Nadu,0
1942,33,2026-03-30,18:26:35.0000000,Transfer,18185.00,5,NULL,Success,Fuel,Hyderabad,Telangana,0
1943,33,2026-07-02,09:13:01.0000000,Purchase,11313.00,3,11,Success,Healthcare,Coimbatore,Tamil Nadu,0
1944,33,2025-10-04,23:59:27.0000000,Deposit,4441.00,1,9,Success,Electronics,Mumbai,Maharashtra,0
1945,33,2026-01-06,14:45:53.0000000,Payment,17319.00,7,NULL,Success,Fuel,Pune,Maharashtra,0
1946,33,2026-04-10,05:32:19.0000000,Withdrawal,10447.00,5,NULL,Success,Healthcare,Bengaluru,Karnataka,0
1947,33,2026-07-13,20:18:45.0000000,Transfer,3575.00,3,3,Success,Electronics,Delhi,Delhi,0
1948,33,2025-10-15,11:05:11.0000000,Purchase,16453.00,1,1,Success,Fuel,Chennai,Tamil Nadu,0
1949,33,2026-01-17,01:51:37.0000000,Deposit,9581.00,7,NULL,Success,Healthcare,Hyderabad,Telangana,0
1950,33,2026-04-21,16:38:03.0000000,Payment,2709.00,5,NULL,Success,Electronics,Coimbatore,Tamil Nadu,0
1951,33,2026-07-24,07:24:29.0000000,Withdrawal,15587.00,3,7,Success,Fuel,Mumbai,Maharashtra,0
1952,33,2025-10-26,22:10:55.0000000,Transfer,8715.00,1,5,Success,Healthcare,Pune,Maharashtra,0
1953,33,2026-01-28,12:57:21.0000000,Purchase,1843.00,7,NULL,Success,Electronics,Bengaluru,Karnataka,0
1954,33,2026-05-02,03:43:47.0000000,Deposit,14721.00,5,NULL,Success,Fuel,Delhi,Delhi,0
1955,33,2026-08-04,18:30:13.0000000,Payment,7849.00,3,11,Success,Healthcare,Chennai,Tamil Nadu,0
1956,33,2025-11-06,09:16:39.0000000,Withdrawal,78321.00,1,9,Success,Electronics,Hyderabad,Telangana,0
1957,33,2026-02-08,00:03:05.0000000,Transfer,13855.00,7,NULL,Success,Fuel,Coimbatore,Tamil Nadu,0
1958,33,2026-05-13,14:49:31.0000000,Purchase,6983.00,5,NULL,Failed,Healthcare,Mumbai,Maharashtra,0
1959,33,2026-08-15,05:35:57.0000000,Deposit,19861.00,3,3,Success,Electronics,Pune,Maharashtra,0
1960,33,2025-11-17,20:22:23.0000000,Payment,12989.00,1,1,Success,Fuel,Bengaluru,Karnataka,0
1961,33,2026-02-19,11:08:49.0000000,Withdrawal,6117.00,7,NULL,Success,Healthcare,Delhi,Delhi,0
1962,33,2026-05-24,01:55:15.0000000,Transfer,18995.00,5,NULL,Success,Electronics,Chennai,Tamil Nadu,0
1963,33,2026-08-26,16:41:41.0000000,Purchase,12123.00,3,7,Success,Fuel,Hyderabad,Telangana,0
1964,33,2025-11-28,07:28:07.0000000,Deposit,5251.00,1,5,Success,Healthcare,Coimbatore,Tamil Nadu,0
1965,33,2026-03-02,22:14:33.0000000,Payment,18129.00,7,NULL,Success,Electronics,Mumbai,Maharashtra,0
1966,33,2026-06-04,13:00:59.0000000,Withdrawal,11257.00,5,NULL,Success,Fuel,Pune,Maharashtra,0
1967,33,2026-09-06,03:47:25.0000000,Transfer,4385.00,3,11,Success,Healthcare,Bengaluru,Karnataka,0
1968,33,2025-12-09,18:33:51.0000000,Purchase,17263.00,1,9,Success,Electronics,Delhi,Delhi,0
1969,33,2026-03-13,09:20:17.0000000,Deposit,10391.00,7,NULL,Success,Fuel,Chennai,Tamil Nadu,0
1970,33,2026-06-15,00:06:43.0000000,Payment,3519.00,5,NULL,Success,Healthcare,Hyderabad,Telangana,0
1971,33,2026-09-17,14:53:09.0000000,Withdrawal,16397.00,3,3,Success,Electronics,Coimbatore,Tamil Nadu,0
1972,33,2025-12-20,05:39:35.0000000,Transfer,9525.00,1,1,Success,Fuel,Mumbai,Maharashtra,0
1973,33,2026-03-24,20:26:01.0000000,Purchase,2653.00,7,NULL,Success,Healthcare,Pune,Maharashtra,0
1974,33,2026-06-26,11:12:27.0000000,Deposit,15531.00,5,NULL,Success,Electronics,Bengaluru,Karnataka,0
1975,33,2026-09-28,01:58:53.0000000,Payment,8659.00,3,7,Success,Fuel,Delhi,Delhi,0
1976,33,2025-12-31,16:45:19.0000000,Withdrawal,1787.00,1,5,Success,Healthcare,Chennai,Tamil Nadu,0
1977,33,2026-04-04,07:31:45.0000000,Transfer,14665.00,7,NULL,Success,Electronics,Hyderabad,Telangana,0
1978,33,2026-07-07,22:18:11.0000000,Purchase,7793.00,5,NULL,Success,Fuel,Coimbatore,Tamil Nadu,0
1979,33,2025-10-09,13:04:37.0000000,Deposit,921.00,3,11,Success,Healthcare,Mumbai,Maharashtra,0
1980,33,2026-01-11,03:51:03.0000000,Payment,13799.00,1,9,Success,Electronics,Pune,Maharashtra,0
1981,33,2026-04-15,18:37:29.0000000,Withdrawal,6927.00,7,NULL,Pending,Fuel,Bengaluru,Karnataka,0
1982,33,2026-07-18,09:23:55.0000000,Transfer,19805.00,5,NULL,Success,Healthcare,Delhi,Delhi,0
1983,33,2025-10-20,00:10:21.0000000,Purchase,12933.00,3,3,Success,Electronics,Chennai,Tamil Nadu,0
1984,33,2026-01-22,14:56:47.0000000,Deposit,6061.00,1,1,Success,Fuel,Hyderabad,Telangana,0
1985,34,2025-11-02,22:23:28.0000000,Withdrawal,4634.00,8,NULL,Success,Restaurant,Delhi,Delhi,0
1986,34,2026-02-04,13:09:54.0000000,Transfer,17512.00,6,NULL,Success,Grocery,Chennai,Tamil Nadu,0
1987,34,2026-05-09,03:56:20.0000000,Purchase,10640.00,4,NULL,Success,Travel,Hyderabad,Telangana,0
1988,34,2026-08-11,18:42:46.0000000,Deposit,3768.00,2,2,Success,Restaurant,Coimbatore,Tamil Nadu,0
1989,34,2025-11-13,09:29:12.0000000,Payment,16646.00,8,NULL,Success,Grocery,Mumbai,Maharashtra,0
1990,34,2026-02-15,00:15:38.0000000,Withdrawal,9774.00,6,NULL,Success,Travel,Pune,Maharashtra,0
1991,34,2026-05-20,15:02:04.0000000,Transfer,2902.00,4,NULL,Success,Restaurant,Bengaluru,Karnataka,0
1992,34,2026-08-22,05:48:30.0000000,Purchase,15780.00,2,6,Success,Grocery,Delhi,Delhi,0
1993,34,2025-11-24,20:34:56.0000000,Deposit,8908.00,8,NULL,Success,Travel,Chennai,Tamil Nadu,0
1994,34,2026-02-26,11:21:22.0000000,Payment,2036.00,6,NULL,Success,Restaurant,Hyderabad,Telangana,0
1995,34,2026-05-31,02:07:48.0000000,Withdrawal,14914.00,4,NULL,Success,Grocery,Coimbatore,Tamil Nadu,0
1996,34,2026-09-02,16:54:14.0000000,Transfer,76066.00,2,10,Success,Travel,Mumbai,Maharashtra,0
1997,34,2025-12-05,07:40:40.0000000,Purchase,1170.00,8,NULL,Failed,Restaurant,Pune,Maharashtra,0
1998,34,2026-03-09,22:27:06.0000000,Deposit,14048.00,6,NULL,Success,Grocery,Bengaluru,Karnataka,0
1999,34,2026-06-11,13:13:32.0000000,Payment,7176.00,4,NULL,Success,Travel,Delhi,Delhi,0
2000,34,2026-09-13,03:59:58.0000000,Withdrawal,304.00,2,2,Success,Restaurant,Chennai,Tamil Nadu,0
2001,34,2025-12-16,18:46:24.0000000,Transfer,13182.00,8,NULL,Success,Grocery,Hyderabad,Telangana,0
2002,34,2026-03-20,09:32:50.0000000,Purchase,6310.00,6,NULL,Success,Travel,Coimbatore,Tamil Nadu,0
2003,34,2026-06-22,00:19:16.0000000,Deposit,19188.00,4,NULL,Success,Restaurant,Mumbai,Maharashtra,0
2004,34,2026-09-24,15:05:42.0000000,Payment,12316.00,2,6,Success,Grocery,Pune,Maharashtra,0
2005,34,2025-12-27,05:52:08.0000000,Withdrawal,5444.00,8,NULL,Success,Travel,Bengaluru,Karnataka,0
2006,34,2026-03-31,20:38:34.0000000,Transfer,18322.00,6,NULL,Success,Restaurant,Delhi,Delhi,0
2007,34,2026-07-03,11:25:00.0000000,Purchase,11450.00,4,NULL,Success,Grocery,Chennai,Tamil Nadu,0
2008,34,2025-10-05,02:11:26.0000000,Deposit,4578.00,2,10,Success,Travel,Hyderabad,Telangana,0
2009,34,2026-01-07,16:57:52.0000000,Payment,17456.00,8,NULL,Success,Restaurant,Coimbatore,Tamil Nadu,0
2010,34,2026-04-11,07:44:18.0000000,Withdrawal,10584.00,6,NULL,Success,Grocery,Mumbai,Maharashtra,0
2011,34,2026-07-14,22:30:44.0000000,Transfer,3712.00,4,NULL,Success,Travel,Pune,Maharashtra,0
2012,34,2025-10-16,13:17:10.0000000,Purchase,16590.00,2,2,Success,Restaurant,Bengaluru,Karnataka,0
2013,34,2026-01-18,04:03:36.0000000,Deposit,9718.00,8,NULL,Success,Grocery,Delhi,Delhi,0
2014,34,2026-04-22,18:50:02.0000000,Payment,2846.00,6,NULL,Success,Travel,Chennai,Tamil Nadu,0
2015,34,2026-07-25,09:36:28.0000000,Withdrawal,15724.00,4,NULL,Success,Restaurant,Hyderabad,Telangana,0
2016,34,2025-10-27,00:22:54.0000000,Transfer,8852.00,2,6,Success,Grocery,Coimbatore,Tamil Nadu,0
2017,34,2026-01-29,15:09:20.0000000,Purchase,1980.00,8,NULL,Success,Travel,Mumbai,Maharashtra,0
2018,34,2026-05-03,05:55:46.0000000,Deposit,14858.00,6,NULL,Success,Restaurant,Pune,Maharashtra,0
2019,34,2026-08-05,20:42:12.0000000,Payment,7986.00,4,NULL,Success,Grocery,Bengaluru,Karnataka,0
2020,34,2025-11-07,11:28:38.0000000,Withdrawal,1114.00,2,10,Success,Travel,Delhi,Delhi,0
2021,34,2026-02-09,02:15:04.0000000,Transfer,13992.00,8,NULL,Success,Restaurant,Chennai,Tamil Nadu,0
2022,34,2026-05-14,17:01:30.0000000,Purchase,7120.00,6,NULL,Success,Grocery,Hyderabad,Telangana,0
2023,34,2026-08-16,07:47:56.0000000,Deposit,19998.00,4,NULL,Pending,Travel,Coimbatore,Tamil Nadu,0
2024,34,2025-11-18,22:34:22.0000000,Payment,13126.00,2,2,Success,Restaurant,Mumbai,Maharashtra,0
2025,34,2026-02-20,13:20:48.0000000,Withdrawal,6254.00,8,NULL,Success,Grocery,Pune,Maharashtra,0
2026,34,2026-05-25,04:07:14.0000000,Transfer,19132.00,6,NULL,Failed,Travel,Bengaluru,Karnataka,0
2027,34,2026-08-27,18:53:40.0000000,Purchase,12260.00,4,NULL,Success,Restaurant,Delhi,Delhi,0
2028,34,2025-11-29,09:40:06.0000000,Deposit,154074.00,2,6,Success,Grocery,Chennai,Tamil Nadu,0
2029,34,2026-03-03,00:26:32.0000000,Payment,18266.00,8,NULL,Success,Travel,Hyderabad,Telangana,0
2030,34,2026-06-05,15:12:58.0000000,Withdrawal,11394.00,6,NULL,Success,Restaurant,Coimbatore,Tamil Nadu,0
2031,34,2026-09-07,05:59:24.0000000,Transfer,4522.00,4,NULL,Success,Grocery,Mumbai,Maharashtra,0
2032,34,2025-12-10,20:45:50.0000000,Purchase,17400.00,2,10,Success,Travel,Pune,Maharashtra,0
2033,34,2026-03-14,11:32:16.0000000,Deposit,10528.00,8,NULL,Reversed,Restaurant,Bengaluru,Karnataka,0
2034,34,2026-06-16,02:18:42.0000000,Payment,3656.00,6,NULL,Success,Grocery,Delhi,Delhi,0
2035,34,2026-09-18,17:05:08.0000000,Withdrawal,16534.00,4,NULL,Success,Travel,Chennai,Tamil Nadu,0
2036,34,2025-12-21,07:51:34.0000000,Transfer,9662.00,2,2,Success,Restaurant,Hyderabad,Telangana,0
2037,34,2026-03-25,22:38:00.0000000,Purchase,79920.00,8,NULL,Success,Grocery,Coimbatore,Tamil Nadu,0
2038,34,2026-06-27,13:24:26.0000000,Deposit,15668.00,6,NULL,Success,Travel,Mumbai,Maharashtra,0
2039,34,2026-09-29,04:10:52.0000000,Payment,8796.00,4,NULL,Success,Restaurant,Pune,Maharashtra,0
2040,34,2026-01-01,18:57:18.0000000,Withdrawal,1924.00,2,6,Success,Grocery,Bengaluru,Karnataka,0
2041,34,2026-04-05,09:43:44.0000000,Transfer,14802.00,8,NULL,Success,Travel,Delhi,Delhi,0
2042,34,2026-07-08,00:30:10.0000000,Purchase,7930.00,6,NULL,Success,Restaurant,Chennai,Tamil Nadu,0
2043,34,2025-10-10,15:16:36.0000000,Deposit,1058.00,4,NULL,Success,Grocery,Hyderabad,Telangana,0
2044,34,2026-01-12,06:03:02.0000000,Payment,13936.00,2,10,Success,Travel,Coimbatore,Tamil Nadu,0
2045,34,2026-04-16,20:49:28.0000000,Withdrawal,7064.00,8,NULL,Success,Restaurant,Mumbai,Maharashtra,0
2046,34,2026-07-19,11:35:54.0000000,Transfer,19942.00,6,NULL,Success,Grocery,Pune,Maharashtra,0
2047,34,2025-10-21,02:22:20.0000000,Purchase,13070.00,4,NULL,Success,Travel,Bengaluru,Karnataka,0
2048,34,2026-01-23,17:08:46.0000000,Deposit,6198.00,2,2,Success,Restaurant,Delhi,Delhi,0
2049,35,2025-11-03,00:35:27.0000000,Deposit,4771.00,1,9,Success,Electronics,Pune,Maharashtra,0
2050,35,2026-02-05,15:21:53.0000000,Payment,17649.00,7,NULL,Success,Fuel,Bengaluru,Karnataka,0
2051,35,2026-05-10,06:08:19.0000000,Withdrawal,10777.00,5,NULL,Success,Healthcare,Delhi,Delhi,0
2052,35,2026-08-12,20:54:45.0000000,Transfer,3905.00,3,3,Success,Electronics,Chennai,Tamil Nadu,0
2053,35,2025-11-14,11:41:11.0000000,Purchase,16783.00,1,1,Success,Fuel,Hyderabad,Telangana,0
2054,35,2026-02-16,02:27:37.0000000,Deposit,9911.00,7,NULL,Success,Healthcare,Coimbatore,Tamil Nadu,0
2055,35,2026-05-21,17:14:03.0000000,Payment,3039.00,5,NULL,Success,Electronics,Mumbai,Maharashtra,0
2056,35,2026-08-23,08:00:29.0000000,Withdrawal,15917.00,3,7,Success,Fuel,Pune,Maharashtra,0
2057,35,2025-11-25,22:46:55.0000000,Transfer,9045.00,1,5,Success,Healthcare,Bengaluru,Karnataka,0
2058,35,2026-02-27,13:33:21.0000000,Purchase,2173.00,7,NULL,Success,Electronics,Delhi,Delhi,0
2059,35,2026-06-01,04:19:47.0000000,Deposit,15051.00,5,NULL,Success,Fuel,Chennai,Tamil Nadu,0
2060,35,2026-09-03,19:06:13.0000000,Payment,151067.00,3,11,Success,Healthcare,Hyderabad,Telangana,0
2061,35,2025-12-06,09:52:39.0000000,Withdrawal,1307.00,1,9,Success,Electronics,Coimbatore,Tamil Nadu,0
2062,35,2026-03-10,00:39:05.0000000,Transfer,14185.00,7,NULL,Success,Fuel,Mumbai,Maharashtra,0
2063,35,2026-06-12,15:25:31.0000000,Purchase,7313.00,5,NULL,Reversed,Healthcare,Pune,Maharashtra,0
2064,35,2026-09-14,06:11:57.0000000,Deposit,441.00,3,3,Success,Electronics,Bengaluru,Karnataka,0
2065,35,2025-12-17,20:58:23.0000000,Payment,13319.00,1,1,Failed,Fuel,Delhi,Delhi,0
2066,35,2026-03-21,11:44:49.0000000,Withdrawal,6447.00,7,NULL,Success,Healthcare,Chennai,Tamil Nadu,0
2067,35,2026-06-23,02:31:15.0000000,Transfer,19325.00,5,NULL,Success,Electronics,Hyderabad,Telangana,0
2068,35,2026-09-25,17:17:41.0000000,Purchase,12453.00,3,7,Success,Fuel,Coimbatore,Tamil Nadu,0
2069,35,2025-12-28,08:04:07.0000000,Deposit,5581.00,1,5,Success,Healthcare,Mumbai,Maharashtra,0
2070,35,2026-04-01,22:50:33.0000000,Payment,18459.00,7,NULL,Success,Electronics,Pune,Maharashtra,0
2071,35,2026-07-04,13:36:59.0000000,Withdrawal,11587.00,5,NULL,Success,Fuel,Bengaluru,Karnataka,0
2072,35,2025-10-06,04:23:25.0000000,Transfer,4715.00,3,11,Success,Healthcare,Delhi,Delhi,0
2073,35,2026-01-08,19:09:51.0000000,Purchase,17593.00,1,9,Success,Electronics,Chennai,Tamil Nadu,0
2074,35,2026-04-12,09:56:17.0000000,Deposit,10721.00,7,NULL,Success,Fuel,Hyderabad,Telangana,0
2075,35,2026-07-15,00:42:43.0000000,Payment,3849.00,5,NULL,Success,Healthcare,Coimbatore,Tamil Nadu,0
2076,35,2025-10-17,15:29:09.0000000,Withdrawal,16727.00,3,3,Success,Electronics,Mumbai,Maharashtra,0
2077,35,2026-01-19,06:15:35.0000000,Transfer,77665.00,1,1,Success,Fuel,Pune,Maharashtra,0
2078,35,2026-04-23,21:02:01.0000000,Purchase,2983.00,7,NULL,Success,Healthcare,Bengaluru,Karnataka,0
2079,35,2026-07-26,11:48:27.0000000,Deposit,15861.00,5,NULL,Success,Electronics,Delhi,Delhi,0
2080,35,2025-10-28,02:34:53.0000000,Payment,8989.00,3,7,Success,Fuel,Chennai,Tamil Nadu,0
2081,35,2026-01-30,17:21:19.0000000,Withdrawal,2117.00,1,5,Success,Healthcare,Hyderabad,Telangana,0
2082,35,2026-05-04,08:07:45.0000000,Transfer,14995.00,7,NULL,Success,Electronics,Coimbatore,Tamil Nadu,0
2083,35,2026-08-06,22:54:11.0000000,Purchase,8123.00,5,NULL,Success,Fuel,Mumbai,Maharashtra,0
2084,35,2025-11-08,13:40:37.0000000,Deposit,1251.00,3,11,Success,Healthcare,Pune,Maharashtra,0
2085,35,2026-02-10,04:27:03.0000000,Payment,14129.00,1,9,Success,Electronics,Bengaluru,Karnataka,0
2086,35,2026-05-15,19:13:29.0000000,Withdrawal,7257.00,7,NULL,Success,Fuel,Delhi,Delhi,0
2087,35,2026-08-17,09:59:55.0000000,Transfer,385.00,5,NULL,Success,Healthcare,Chennai,Tamil Nadu,0
2088,35,2025-11-19,00:46:21.0000000,Purchase,13263.00,3,3,Success,Electronics,Hyderabad,Telangana,0
2089,35,2026-02-21,15:32:47.0000000,Deposit,6391.00,1,1,Success,Fuel,Coimbatore,Tamil Nadu,0
2090,35,2026-05-26,06:19:13.0000000,Payment,19269.00,7,NULL,Success,Healthcare,Mumbai,Maharashtra,0
2091,35,2026-08-28,21:05:39.0000000,Withdrawal,12397.00,5,NULL,Success,Electronics,Pune,Maharashtra,0
2092,35,2025-11-30,11:52:05.0000000,Transfer,5525.00,3,7,Success,Fuel,Bengaluru,Karnataka,0
2093,35,2026-03-04,02:38:31.0000000,Purchase,18403.00,1,5,Success,Healthcare,Delhi,Delhi,0
2094,35,2026-06-06,17:24:57.0000000,Deposit,11531.00,7,NULL,Failed,Electronics,Chennai,Tamil Nadu,0
2095,35,2026-09-08,08:11:23.0000000,Payment,4659.00,5,NULL,Success,Fuel,Hyderabad,Telangana,0
2096,35,2025-12-11,22:57:49.0000000,Withdrawal,17537.00,3,11,Success,Healthcare,Coimbatore,Tamil Nadu,0
2097,35,2026-03-15,13:44:15.0000000,Transfer,10665.00,1,9,Success,Electronics,Mumbai,Maharashtra,0
2098,35,2026-06-17,04:30:41.0000000,Purchase,3793.00,7,NULL,Success,Fuel,Pune,Maharashtra,0
2099,35,2026-09-19,19:17:07.0000000,Deposit,16671.00,5,NULL,Success,Healthcare,Bengaluru,Karnataka,0
2100,35,2025-12-22,10:03:33.0000000,Payment,9799.00,3,3,Success,Electronics,Delhi,Delhi,0
2101,35,2026-03-26,00:49:59.0000000,Withdrawal,2927.00,1,1,Success,Fuel,Chennai,Tamil Nadu,0
2102,35,2026-06-28,15:36:25.0000000,Transfer,15805.00,7,NULL,Success,Healthcare,Hyderabad,Telangana,0
2103,35,2026-09-30,06:22:51.0000000,Purchase,8933.00,5,NULL,Success,Electronics,Coimbatore,Tamil Nadu,0
2104,35,2026-01-02,21:09:17.0000000,Deposit,2061.00,3,7,Success,Fuel,Mumbai,Maharashtra,0
2105,35,2026-04-06,11:55:43.0000000,Payment,14939.00,1,5,Success,Healthcare,Pune,Maharashtra,0
2106,35,2026-07-09,02:42:09.0000000,Withdrawal,8067.00,7,NULL,Success,Electronics,Bengaluru,Karnataka,0
2107,35,2025-10-11,17:28:35.0000000,Transfer,1195.00,5,NULL,Success,Fuel,Delhi,Delhi,0
2108,35,2026-01-13,08:15:01.0000000,Purchase,14073.00,3,11,Success,Healthcare,Chennai,Tamil Nadu,0
2109,35,2026-04-17,23:01:27.0000000,Deposit,7201.00,1,9,Success,Electronics,Hyderabad,Telangana,0
2110,35,2026-07-20,13:47:53.0000000,Payment,329.00,7,NULL,Success,Fuel,Coimbatore,Tamil Nadu,0
2111,35,2025-10-22,04:34:19.0000000,Withdrawal,13207.00,5,NULL,Success,Healthcare,Mumbai,Maharashtra,0
2112,35,2026-01-24,19:20:45.0000000,Transfer,6335.00,3,3,Success,Electronics,Pune,Maharashtra,0
2113,36,2025-11-04,02:47:26.0000000,Deposit,4908.00,2,10,Success,Travel,Coimbatore,Tamil Nadu,0
2114,36,2026-02-06,17:33:52.0000000,Payment,17786.00,8,NULL,Success,Restaurant,Mumbai,Maharashtra,0
2115,36,2026-05-11,08:20:18.0000000,Withdrawal,10914.00,6,NULL,Success,Grocery,Pune,Maharashtra,0
2116,36,2026-08-13,23:06:44.0000000,Transfer,4042.00,4,NULL,Success,Travel,Bengaluru,Karnataka,0
2117,36,2025-11-15,13:53:10.0000000,Purchase,75410.00,2,2,Success,Restaurant,Delhi,Delhi,0
2118,36,2026-02-17,04:39:36.0000000,Deposit,10048.00,8,NULL,Success,Grocery,Chennai,Tamil Nadu,0
2119,36,2026-05-22,19:26:02.0000000,Payment,3176.00,6,NULL,Success,Travel,Hyderabad,Telangana,0
2120,36,2026-08-24,10:12:28.0000000,Withdrawal,16054.00,4,NULL,Success,Restaurant,Coimbatore,Tamil Nadu,0
2121,36,2025-11-26,00:58:54.0000000,Transfer,9182.00,2,6,Success,Grocery,Mumbai,Maharashtra,0
2122,36,2026-02-28,15:45:20.0000000,Purchase,2310.00,8,NULL,Success,Travel,Pune,Maharashtra,0
2123,36,2026-06-02,06:31:46.0000000,Deposit,15188.00,6,NULL,Success,Restaurant,Bengaluru,Karnataka,0
2124,36,2026-09-04,21:18:12.0000000,Payment,8316.00,4,NULL,Success,Grocery,Delhi,Delhi,0
2125,36,2025-12-07,12:04:38.0000000,Withdrawal,1444.00,2,10,Success,Travel,Chennai,Tamil Nadu,0
2126,36,2026-03-11,02:51:04.0000000,Transfer,14322.00,8,NULL,Success,Restaurant,Hyderabad,Telangana,0
2127,36,2026-06-13,17:37:30.0000000,Purchase,7450.00,6,NULL,Success,Grocery,Coimbatore,Tamil Nadu,0
2128,36,2026-09-15,08:23:56.0000000,Deposit,578.00,4,NULL,Success,Travel,Mumbai,Maharashtra,0
2129,36,2025-12-18,23:10:22.0000000,Payment,13456.00,2,2,Success,Restaurant,Pune,Maharashtra,0
2130,36,2026-03-22,13:56:48.0000000,Withdrawal,6584.00,8,NULL,Success,Grocery,Bengaluru,Karnataka,0
2131,36,2026-06-24,04:43:14.0000000,Transfer,19462.00,6,NULL,Success,Travel,Delhi,Delhi,0
2132,36,2026-09-26,19:29:40.0000000,Purchase,12590.00,4,NULL,Success,Restaurant,Chennai,Tamil Nadu,0
2133,36,2025-12-29,10:16:06.0000000,Deposit,5718.00,2,6,Failed,Grocery,Hyderabad,Telangana,0
2134,36,2026-04-02,01:02:32.0000000,Payment,18596.00,8,NULL,Success,Travel,Coimbatore,Tamil Nadu,0
2135,36,2026-07-05,15:48:58.0000000,Withdrawal,11724.00,6,NULL,Success,Restaurant,Mumbai,Maharashtra,0
2136,36,2025-10-07,06:35:24.0000000,Transfer,4852.00,4,NULL,Success,Grocery,Pune,Maharashtra,0
2137,36,2026-01-09,21:21:50.0000000,Purchase,17730.00,2,10,Success,Travel,Bengaluru,Karnataka,0
2138,36,2026-04-13,12:08:16.0000000,Deposit,10858.00,8,NULL,Success,Restaurant,Delhi,Delhi,0
2139,36,2026-07-16,02:54:42.0000000,Payment,3986.00,6,NULL,Success,Grocery,Chennai,Tamil Nadu,0
2140,36,2025-10-18,17:41:08.0000000,Withdrawal,16864.00,4,NULL,Success,Travel,Hyderabad,Telangana,0
2141,36,2026-01-20,08:27:34.0000000,Transfer,9992.00,2,2,Success,Restaurant,Coimbatore,Tamil Nadu,0
2142,36,2026-04-24,23:14:00.0000000,Purchase,3120.00,8,NULL,Success,Grocery,Mumbai,Maharashtra,0
2143,36,2026-07-27,14:00:26.0000000,Deposit,15998.00,6,NULL,Success,Travel,Pune,Maharashtra,0
2144,36,2025-10-29,04:46:52.0000000,Payment,9126.00,4,NULL,Success,Restaurant,Bengaluru,Karnataka,0
2145,36,2026-01-31,19:33:18.0000000,Withdrawal,2254.00,2,6,Success,Grocery,Delhi,Delhi,0
2146,36,2026-05-05,10:19:44.0000000,Transfer,15132.00,8,NULL,Success,Travel,Chennai,Tamil Nadu,0
2147,36,2026-08-07,01:06:10.0000000,Purchase,8260.00,6,NULL,Success,Restaurant,Hyderabad,Telangana,0
2148,36,2025-11-09,15:52:36.0000000,Deposit,1388.00,4,NULL,Success,Grocery,Coimbatore,Tamil Nadu,0
2149,36,2026-02-11,06:39:02.0000000,Payment,14266.00,2,10,Success,Travel,Mumbai,Maharashtra,0
2150,36,2026-05-16,21:25:28.0000000,Withdrawal,7394.00,8,NULL,Success,Restaurant,Pune,Maharashtra,0
2151,36,2026-08-18,12:11:54.0000000,Transfer,522.00,6,NULL,Success,Grocery,Bengaluru,Karnataka,0
2152,36,2025-11-20,02:58:20.0000000,Purchase,13400.00,4,NULL,Success,Travel,Delhi,Delhi,0
2153,36,2026-02-22,17:44:46.0000000,Deposit,6528.00,2,2,Success,Restaurant,Chennai,Tamil Nadu,0
2154,36,2026-05-27,08:31:12.0000000,Payment,19406.00,8,NULL,Success,Grocery,Hyderabad,Telangana,0
2155,36,2026-08-29,23:17:38.0000000,Withdrawal,12534.00,6,NULL,Success,Travel,Coimbatore,Tamil Nadu,0
2156,36,2025-12-01,14:04:04.0000000,Transfer,5662.00,4,NULL,Success,Restaurant,Mumbai,Maharashtra,0
2157,36,2026-03-05,04:50:30.0000000,Purchase,18540.00,2,6,Success,Grocery,Pune,Maharashtra,0
2158,36,2026-06-07,19:36:56.0000000,Deposit,79264.00,8,NULL,Success,Travel,Bengaluru,Karnataka,0
2159,36,2026-09-09,10:23:22.0000000,Payment,4796.00,6,NULL,Success,Restaurant,Delhi,Delhi,0
2160,36,2025-12-12,01:09:48.0000000,Withdrawal,17674.00,4,NULL,Pending,Grocery,Chennai,Tamil Nadu,0
2161,36,2026-03-16,15:56:14.0000000,Transfer,10802.00,2,10,Success,Travel,Hyderabad,Telangana,0
2162,36,2026-06-18,06:42:40.0000000,Purchase,3930.00,8,NULL,Failed,Restaurant,Coimbatore,Tamil Nadu,0
2163,36,2026-09-20,21:29:06.0000000,Deposit,16808.00,6,NULL,Success,Grocery,Mumbai,Maharashtra,0
2164,36,2025-12-23,12:15:32.0000000,Payment,9936.00,4,NULL,Reversed,Travel,Pune,Maharashtra,0
2165,36,2026-03-27,03:01:58.0000000,Withdrawal,3064.00,2,2,Success,Restaurant,Bengaluru,Karnataka,0
2166,36,2026-06-29,17:48:24.0000000,Transfer,15942.00,8,NULL,Success,Grocery,Delhi,Delhi,0
2167,36,2025-10-01,08:34:50.0000000,Purchase,9070.00,6,NULL,Success,Travel,Chennai,Tamil Nadu,0
2168,36,2026-01-03,23:21:16.0000000,Deposit,2198.00,4,NULL,Success,Restaurant,Hyderabad,Telangana,0
2169,36,2026-04-07,14:07:42.0000000,Payment,15076.00,2,6,Success,Grocery,Coimbatore,Tamil Nadu,0
2170,36,2026-07-10,04:54:08.0000000,Withdrawal,8204.00,8,NULL,Success,Travel,Mumbai,Maharashtra,0
2171,36,2025-10-12,19:40:34.0000000,Transfer,1332.00,6,NULL,Success,Restaurant,Pune,Maharashtra,0
2172,36,2026-01-14,10:27:00.0000000,Purchase,14210.00,4,NULL,Success,Grocery,Bengaluru,Karnataka,0
2173,36,2026-04-18,01:13:26.0000000,Deposit,7338.00,2,10,Success,Travel,Delhi,Delhi,0
2174,36,2026-07-21,15:59:52.0000000,Payment,466.00,8,NULL,Success,Restaurant,Chennai,Tamil Nadu,0
2175,36,2025-10-23,06:46:18.0000000,Withdrawal,13344.00,6,NULL,Success,Grocery,Hyderabad,Telangana,0
2176,36,2026-01-25,21:32:44.0000000,Transfer,6472.00,4,NULL,Success,Travel,Coimbatore,Tamil Nadu,0
2177,37,2025-11-05,04:59:25.0000000,Transfer,5045.00,3,11,Success,Healthcare,Chennai,Tamil Nadu,0
2178,37,2026-02-07,19:45:51.0000000,Purchase,17923.00,1,9,Success,Electronics,Hyderabad,Telangana,0
2179,37,2026-05-12,10:32:17.0000000,Deposit,11051.00,7,NULL,Success,Fuel,Coimbatore,Tamil Nadu,0
2180,37,2026-08-14,01:18:43.0000000,Payment,4179.00,5,NULL,Success,Healthcare,Mumbai,Maharashtra,0
2181,37,2025-11-16,16:05:09.0000000,Withdrawal,17057.00,3,3,Success,Electronics,Pune,Maharashtra,0
2182,37,2026-02-18,06:51:35.0000000,Transfer,10185.00,1,1,Success,Fuel,Bengaluru,Karnataka,0
2183,37,2026-05-23,21:38:01.0000000,Purchase,3313.00,7,NULL,Success,Healthcare,Delhi,Delhi,0
2184,37,2026-08-25,12:24:27.0000000,Deposit,16191.00,5,NULL,Success,Electronics,Chennai,Tamil Nadu,0
2185,37,2025-11-27,03:10:53.0000000,Payment,9319.00,3,7,Success,Fuel,Hyderabad,Telangana,0
2186,37,2026-03-01,17:57:19.0000000,Withdrawal,2447.00,1,5,Success,Healthcare,Coimbatore,Tamil Nadu,0
2187,37,2026-06-03,08:43:45.0000000,Transfer,15325.00,7,NULL,Success,Electronics,Mumbai,Maharashtra,0
2188,37,2026-09-05,23:30:11.0000000,Purchase,8453.00,5,NULL,Success,Fuel,Pune,Maharashtra,0
2189,37,2025-12-08,14:16:37.0000000,Deposit,1581.00,3,11,Success,Healthcare,Bengaluru,Karnataka,0
2190,37,2026-03-12,05:03:03.0000000,Payment,14459.00,1,9,Success,Electronics,Delhi,Delhi,0
2191,37,2026-06-14,19:49:29.0000000,Withdrawal,7587.00,7,NULL,Success,Fuel,Chennai,Tamil Nadu,0
2192,37,2026-09-16,10:35:55.0000000,Transfer,715.00,5,NULL,Success,Healthcare,Hyderabad,Telangana,0
2193,37,2025-12-19,01:22:21.0000000,Purchase,13593.00,3,3,Success,Electronics,Coimbatore,Tamil Nadu,0
2194,37,2026-03-23,16:08:47.0000000,Deposit,6721.00,1,1,Reversed,Fuel,Mumbai,Maharashtra,0
2195,37,2026-06-25,06:55:13.0000000,Payment,19599.00,7,NULL,Success,Healthcare,Pune,Maharashtra,0
2196,37,2026-09-27,21:41:39.0000000,Withdrawal,12727.00,5,NULL,Success,Electronics,Bengaluru,Karnataka,0
2197,37,2025-12-30,12:28:05.0000000,Transfer,5855.00,3,7,Success,Fuel,Delhi,Delhi,0
2198,37,2026-04-03,03:14:31.0000000,Purchase,77009.00,1,5,Success,Healthcare,Chennai,Tamil Nadu,0
2199,37,2026-07-06,18:00:57.0000000,Deposit,11861.00,7,NULL,Success,Electronics,Hyderabad,Telangana,0
2200,37,2025-10-08,08:47:23.0000000,Payment,4989.00,5,NULL,Success,Fuel,Coimbatore,Tamil Nadu,0
2201,37,2026-01-10,23:33:49.0000000,Withdrawal,17867.00,3,11,Failed,Healthcare,Mumbai,Maharashtra,0
2202,37,2026-04-14,14:20:15.0000000,Transfer,10995.00,1,9,Pending,Electronics,Pune,Maharashtra,0
2203,37,2026-07-17,05:06:41.0000000,Purchase,4123.00,7,NULL,Success,Fuel,Bengaluru,Karnataka,0
2204,37,2025-10-19,19:53:07.0000000,Deposit,17001.00,5,NULL,Success,Healthcare,Delhi,Delhi,0
2205,37,2026-01-21,10:39:33.0000000,Payment,10129.00,3,3,Success,Electronics,Chennai,Tamil Nadu,0
2206,37,2026-04-25,01:25:59.0000000,Withdrawal,3257.00,1,1,Success,Fuel,Hyderabad,Telangana,0
2207,37,2026-07-28,16:12:25.0000000,Transfer,16135.00,7,NULL,Success,Healthcare,Coimbatore,Tamil Nadu,0
2208,37,2025-10-30,06:58:51.0000000,Purchase,9263.00,5,NULL,Success,Electronics,Mumbai,Maharashtra,0
2209,37,2026-02-01,21:45:17.0000000,Deposit,2391.00,3,7,Success,Fuel,Pune,Maharashtra,0
2210,37,2026-05-06,12:31:43.0000000,Payment,15269.00,1,5,Success,Healthcare,Bengaluru,Karnataka,0
2211,37,2026-08-08,03:18:09.0000000,Withdrawal,8397.00,7,NULL,Success,Electronics,Delhi,Delhi,0
2212,37,2025-11-10,18:04:35.0000000,Transfer,1525.00,5,NULL,Success,Fuel,Chennai,Tamil Nadu,0
2213,37,2026-02-12,08:51:01.0000000,Purchase,14403.00,3,11,Success,Healthcare,Hyderabad,Telangana,0
2214,37,2026-05-17,23:37:27.0000000,Deposit,7531.00,1,9,Success,Electronics,Coimbatore,Tamil Nadu,0
2215,37,2026-08-19,14:23:53.0000000,Payment,659.00,7,NULL,Success,Fuel,Mumbai,Maharashtra,0
2216,37,2025-11-21,05:10:19.0000000,Withdrawal,13537.00,5,NULL,Success,Healthcare,Pune,Maharashtra,0
2217,37,2026-02-23,19:56:45.0000000,Transfer,6665.00,3,3,Success,Electronics,Bengaluru,Karnataka,0
2218,37,2026-05-28,10:43:11.0000000,Purchase,19543.00,1,1,Success,Fuel,Delhi,Delhi,0
2219,37,2026-08-30,01:29:37.0000000,Deposit,12671.00,7,NULL,Success,Healthcare,Chennai,Tamil Nadu,0
2220,37,2025-12-02,16:16:03.0000000,Payment,5799.00,5,NULL,Success,Electronics,Hyderabad,Telangana,0
2221,37,2026-03-06,07:02:29.0000000,Withdrawal,154171.00,3,7,Success,Fuel,Coimbatore,Tamil Nadu,0
2222,37,2026-06-08,21:48:55.0000000,Transfer,11805.00,1,5,Success,Healthcare,Mumbai,Maharashtra,0
2223,37,2026-09-10,12:35:21.0000000,Purchase,4933.00,7,NULL,Success,Electronics,Pune,Maharashtra,0
2224,37,2025-12-13,03:21:47.0000000,Deposit,17811.00,5,NULL,Success,Fuel,Bengaluru,Karnataka,0
2225,37,2026-03-17,18:08:13.0000000,Payment,10939.00,3,11,Success,Healthcare,Delhi,Delhi,0
2226,37,2026-06-19,08:54:39.0000000,Withdrawal,4067.00,1,9,Success,Electronics,Chennai,Tamil Nadu,0
2227,37,2026-09-21,23:41:05.0000000,Transfer,16945.00,7,NULL,Success,Fuel,Hyderabad,Telangana,0
2228,37,2025-12-24,14:27:31.0000000,Purchase,10073.00,5,NULL,Success,Healthcare,Coimbatore,Tamil Nadu,0
2229,37,2026-03-28,05:13:57.0000000,Deposit,3201.00,3,3,Success,Electronics,Mumbai,Maharashtra,0
2230,37,2026-06-30,20:00:23.0000000,Payment,16079.00,1,1,Failed,Fuel,Pune,Maharashtra,0
2231,37,2025-10-02,10:46:49.0000000,Withdrawal,9207.00,7,NULL,Success,Healthcare,Bengaluru,Karnataka,0
2232,37,2026-01-04,01:33:15.0000000,Transfer,2335.00,5,NULL,Success,Electronics,Delhi,Delhi,0
2233,37,2026-04-08,16:19:41.0000000,Purchase,15213.00,3,7,Success,Fuel,Chennai,Tamil Nadu,0
2234,37,2026-07-11,07:06:07.0000000,Deposit,8341.00,1,5,Success,Healthcare,Hyderabad,Telangana,0
2235,37,2025-10-13,21:52:33.0000000,Payment,1469.00,7,NULL,Success,Electronics,Coimbatore,Tamil Nadu,0
2236,37,2026-01-15,12:38:59.0000000,Withdrawal,14347.00,5,NULL,Success,Fuel,Mumbai,Maharashtra,0
2237,37,2026-04-19,03:25:25.0000000,Transfer,7475.00,3,11,Success,Healthcare,Pune,Maharashtra,0
2238,37,2026-07-22,18:11:51.0000000,Purchase,603.00,1,9,Success,Electronics,Bengaluru,Karnataka,0
2239,37,2025-10-24,08:58:17.0000000,Deposit,80863.00,7,NULL,Success,Fuel,Delhi,Delhi,0
2240,37,2026-01-26,23:44:43.0000000,Payment,6609.00,5,NULL,Success,Healthcare,Chennai,Tamil Nadu,0
2241,38,2025-11-06,07:11:24.0000000,Transfer,5182.00,4,NULL,Success,Grocery,Bengaluru,Karnataka,0
2242,38,2026-02-08,21:57:50.0000000,Purchase,18060.00,2,10,Success,Travel,Delhi,Delhi,0
2243,38,2026-05-13,12:44:16.0000000,Deposit,11188.00,8,NULL,Success,Restaurant,Chennai,Tamil Nadu,0
2244,38,2026-08-15,03:30:42.0000000,Payment,4316.00,6,NULL,Pending,Grocery,Hyderabad,Telangana,0
2245,38,2025-11-17,18:17:08.0000000,Withdrawal,17194.00,4,NULL,Success,Travel,Coimbatore,Tamil Nadu,0
2246,38,2026-02-19,09:03:34.0000000,Transfer,10322.00,2,2,Success,Restaurant,Mumbai,Maharashtra,0
2247,38,2026-05-24,23:50:00.0000000,Purchase,3450.00,8,NULL,Success,Grocery,Pune,Maharashtra,0
2248,38,2026-08-26,14:36:26.0000000,Deposit,16328.00,6,NULL,Success,Travel,Bengaluru,Karnataka,0
2249,38,2025-11-28,05:22:52.0000000,Payment,9456.00,4,NULL,Success,Restaurant,Delhi,Delhi,0
2250,38,2026-03-02,20:09:18.0000000,Withdrawal,2584.00,2,6,Success,Grocery,Chennai,Tamil Nadu,0
2251,38,2026-06-04,10:55:44.0000000,Transfer,15462.00,8,NULL,Success,Travel,Hyderabad,Telangana,0
2252,38,2026-09-06,01:42:10.0000000,Purchase,8590.00,6,NULL,Success,Restaurant,Coimbatore,Tamil Nadu,0
2253,38,2025-12-09,16:28:36.0000000,Deposit,151164.00,4,NULL,Success,Grocery,Mumbai,Maharashtra,0
2254,38,2026-03-13,07:15:02.0000000,Payment,14596.00,2,10,Success,Travel,Pune,Maharashtra,0
2255,38,2026-06-15,22:01:28.0000000,Withdrawal,7724.00,8,NULL,Success,Restaurant,Bengaluru,Karnataka,0
2256,38,2026-09-17,12:47:54.0000000,Transfer,852.00,6,NULL,Success,Grocery,Delhi,Delhi,0
2257,38,2025-12-20,03:34:20.0000000,Purchase,13730.00,4,NULL,Success,Travel,Chennai,Tamil Nadu,0
2258,38,2026-03-24,18:20:46.0000000,Deposit,6858.00,2,2,Success,Restaurant,Hyderabad,Telangana,0
2259,38,2026-06-26,09:07:12.0000000,Payment,19736.00,8,NULL,Success,Grocery,Coimbatore,Tamil Nadu,0
2260,38,2026-09-28,23:53:38.0000000,Withdrawal,12864.00,6,NULL,Success,Travel,Mumbai,Maharashtra,0
2261,38,2025-12-31,14:40:04.0000000,Transfer,5992.00,4,NULL,Success,Restaurant,Pune,Maharashtra,0
2262,38,2026-04-04,05:26:30.0000000,Purchase,18870.00,2,6,Success,Grocery,Bengaluru,Karnataka,0
2263,38,2026-07-07,20:12:56.0000000,Deposit,11998.00,8,NULL,Success,Travel,Delhi,Delhi,0
2264,38,2025-10-09,10:59:22.0000000,Payment,5126.00,6,NULL,Success,Restaurant,Chennai,Tamil Nadu,0
2265,38,2026-01-11,01:45:48.0000000,Withdrawal,18004.00,4,NULL,Success,Grocery,Hyderabad,Telangana,0
2266,38,2026-04-15,16:32:14.0000000,Transfer,11132.00,2,10,Success,Travel,Coimbatore,Tamil Nadu,0
2267,38,2026-07-18,07:18:40.0000000,Purchase,4260.00,8,NULL,Success,Restaurant,Mumbai,Maharashtra,0
2268,38,2025-10-20,22:05:06.0000000,Deposit,17138.00,6,NULL,Success,Grocery,Pune,Maharashtra,0
2269,38,2026-01-22,12:51:32.0000000,Payment,10266.00,4,NULL,Failed,Travel,Bengaluru,Karnataka,0
2270,38,2026-04-26,03:37:58.0000000,Withdrawal,3394.00,2,2,Success,Restaurant,Delhi,Delhi,0
2271,38,2026-07-29,18:24:24.0000000,Transfer,16272.00,8,NULL,Success,Grocery,Chennai,Tamil Nadu,0
2272,38,2025-10-31,09:10:50.0000000,Purchase,9400.00,6,NULL,Success,Travel,Hyderabad,Telangana,0
2273,38,2026-02-02,23:57:16.0000000,Deposit,2528.00,4,NULL,Success,Restaurant,Coimbatore,Tamil Nadu,0
2274,38,2026-05-07,14:43:42.0000000,Payment,15406.00,2,6,Success,Grocery,Mumbai,Maharashtra,0
2275,38,2026-08-09,05:30:08.0000000,Withdrawal,8534.00,8,NULL,Success,Travel,Pune,Maharashtra,0
2276,38,2025-11-11,20:16:34.0000000,Transfer,1662.00,6,NULL,Success,Restaurant,Bengaluru,Karnataka,0
2277,38,2026-02-13,11:03:00.0000000,Purchase,14540.00,4,NULL,Success,Grocery,Delhi,Delhi,0
2278,38,2026-05-18,01:49:26.0000000,Deposit,7668.00,2,10,Success,Travel,Chennai,Tamil Nadu,0
2279,38,2026-08-20,16:35:52.0000000,Payment,78608.00,8,NULL,Success,Restaurant,Hyderabad,Telangana,0
2280,38,2025-11-22,07:22:18.0000000,Withdrawal,13674.00,6,NULL,Success,Grocery,Coimbatore,Tamil Nadu,0
2281,38,2026-02-24,22:08:44.0000000,Transfer,6802.00,4,NULL,Success,Travel,Mumbai,Maharashtra,0
2282,38,2026-05-29,12:55:10.0000000,Purchase,19680.00,2,2,Success,Restaurant,Pune,Maharashtra,0
2283,38,2026-08-31,03:41:36.0000000,Deposit,12808.00,8,NULL,Success,Grocery,Bengaluru,Karnataka,0
2284,38,2025-12-03,18:28:02.0000000,Payment,5936.00,6,NULL,Success,Travel,Delhi,Delhi,0
2285,38,2026-03-07,09:14:28.0000000,Withdrawal,18814.00,4,NULL,Success,Restaurant,Chennai,Tamil Nadu,0
2286,38,2026-06-09,00:00:54.0000000,Transfer,11942.00,2,6,Success,Grocery,Hyderabad,Telangana,0
2287,38,2026-09-11,14:47:20.0000000,Purchase,5070.00,8,NULL,Success,Travel,Coimbatore,Tamil Nadu,0
2288,38,2025-12-14,05:33:46.0000000,Deposit,17948.00,6,NULL,Success,Restaurant,Mumbai,Maharashtra,0
2289,38,2026-03-18,20:20:12.0000000,Payment,11076.00,4,NULL,Success,Grocery,Pune,Maharashtra,0
2290,38,2026-06-20,11:06:38.0000000,Withdrawal,4204.00,2,10,Success,Travel,Bengaluru,Karnataka,0
2291,38,2026-09-22,01:53:04.0000000,Transfer,17082.00,8,NULL,Success,Restaurant,Delhi,Delhi,0
2292,38,2025-12-25,16:39:30.0000000,Purchase,10210.00,6,NULL,Success,Grocery,Chennai,Tamil Nadu,0
2293,38,2026-03-29,07:25:56.0000000,Deposit,3338.00,4,NULL,Success,Travel,Hyderabad,Telangana,0
2294,38,2026-07-01,22:12:22.0000000,Payment,16216.00,2,2,Success,Restaurant,Coimbatore,Tamil Nadu,0
2295,38,2025-10-03,12:58:48.0000000,Withdrawal,9344.00,8,NULL,Reversed,Grocery,Mumbai,Maharashtra,0
2296,38,2026-01-05,03:45:14.0000000,Transfer,2472.00,6,NULL,Success,Travel,Pune,Maharashtra,0
2297,38,2026-04-09,18:31:40.0000000,Purchase,15350.00,4,NULL,Pending,Restaurant,Bengaluru,Karnataka,0
2298,38,2026-07-12,09:18:06.0000000,Deposit,8478.00,2,6,Failed,Grocery,Delhi,Delhi,0
2299,38,2025-10-14,00:04:32.0000000,Payment,1606.00,8,NULL,Success,Travel,Chennai,Tamil Nadu,0
2300,38,2026-01-16,14:50:58.0000000,Withdrawal,14484.00,6,NULL,Success,Restaurant,Hyderabad,Telangana,0
2301,38,2026-04-20,05:37:24.0000000,Transfer,7612.00,4,NULL,Success,Grocery,Coimbatore,Tamil Nadu,0
2302,38,2026-07-23,20:23:50.0000000,Purchase,740.00,2,10,Success,Travel,Mumbai,Maharashtra,0
2303,38,2025-10-25,11:10:16.0000000,Deposit,13618.00,8,NULL,Success,Restaurant,Pune,Maharashtra,0
2304,38,2026-01-27,01:56:42.0000000,Payment,6746.00,6,NULL,Success,Grocery,Bengaluru,Karnataka,0
2305,40,2025-11-07,09:23:23.0000000,Payment,5319.00,5,NULL,Success,Fuel,Mumbai,Maharashtra,0
2306,40,2026-02-09,00:09:49.0000000,Withdrawal,18197.00,3,11,Success,Healthcare,Pune,Maharashtra,0
2307,40,2026-05-14,14:56:15.0000000,Transfer,11325.00,1,9,Success,Electronics,Bengaluru,Karnataka,0
2308,40,2026-08-16,05:42:41.0000000,Purchase,4453.00,7,NULL,Failed,Fuel,Delhi,Delhi,0
2309,40,2025-11-18,20:29:07.0000000,Deposit,17331.00,5,NULL,Success,Healthcare,Chennai,Tamil Nadu,0
2310,40,2026-02-20,11:15:33.0000000,Payment,10459.00,3,3,Success,Electronics,Hyderabad,Telangana,0
2311,40,2026-05-25,02:01:59.0000000,Withdrawal,3587.00,1,1,Success,Fuel,Coimbatore,Tamil Nadu,0
2312,40,2026-08-27,16:48:25.0000000,Transfer,16465.00,7,NULL,Success,Healthcare,Mumbai,Maharashtra,0
2313,40,2025-11-29,07:34:51.0000000,Purchase,9593.00,5,NULL,Success,Electronics,Pune,Maharashtra,0
2314,40,2026-03-03,22:21:17.0000000,Deposit,2721.00,3,7,Success,Fuel,Bengaluru,Karnataka,0
2315,40,2026-06-05,13:07:43.0000000,Payment,15599.00,1,5,Success,Healthcare,Delhi,Delhi,0
2316,40,2026-09-07,03:54:09.0000000,Withdrawal,8727.00,7,NULL,Success,Electronics,Chennai,Tamil Nadu,0
2317,40,2025-12-10,18:40:35.0000000,Transfer,1855.00,5,NULL,Success,Fuel,Hyderabad,Telangana,0
2318,40,2026-03-14,09:27:01.0000000,Purchase,14733.00,3,11,Success,Healthcare,Coimbatore,Tamil Nadu,0
2319,40,2026-06-16,00:13:27.0000000,Deposit,76353.00,1,9,Success,Electronics,Mumbai,Maharashtra,0
2320,40,2026-09-18,14:59:53.0000000,Payment,989.00,7,NULL,Success,Fuel,Pune,Maharashtra,0
2321,40,2025-12-21,05:46:19.0000000,Withdrawal,13867.00,5,NULL,Success,Healthcare,Bengaluru,Karnataka,0
2322,40,2026-03-25,20:32:45.0000000,Transfer,6995.00,3,3,Success,Electronics,Delhi,Delhi,0
2323,40,2026-06-27,11:19:11.0000000,Purchase,19873.00,1,1,Success,Fuel,Chennai,Tamil Nadu,0
2324,40,2026-09-29,02:05:37.0000000,Deposit,13001.00,7,NULL,Success,Healthcare,Hyderabad,Telangana,0
2325,40,2026-01-01,16:52:03.0000000,Payment,6129.00,5,NULL,Reversed,Electronics,Coimbatore,Tamil Nadu,0
2326,40,2026-04-05,07:38:29.0000000,Withdrawal,19007.00,3,7,Success,Fuel,Mumbai,Maharashtra,0
2327,40,2026-07-08,22:24:55.0000000,Transfer,12135.00,1,5,Success,Healthcare,Pune,Maharashtra,0
2328,40,2025-10-10,13:11:21.0000000,Purchase,5263.00,7,NULL,Success,Electronics,Bengaluru,Karnataka,0
2329,40,2026-01-12,03:57:47.0000000,Deposit,18141.00,5,NULL,Success,Fuel,Delhi,Delhi,0
2330,40,2026-04-16,18:44:13.0000000,Payment,11269.00,3,11,Success,Healthcare,Chennai,Tamil Nadu,0
2331,40,2026-07-19,09:30:39.0000000,Withdrawal,4397.00,1,9,Success,Electronics,Hyderabad,Telangana,0
2332,40,2025-10-21,00:17:05.0000000,Transfer,17275.00,7,NULL,Success,Fuel,Coimbatore,Tamil Nadu,0
2333,40,2026-01-23,15:03:31.0000000,Purchase,10403.00,5,NULL,Success,Healthcare,Mumbai,Maharashtra,0
2334,40,2026-04-27,05:49:57.0000000,Deposit,3531.00,3,3,Success,Electronics,Pune,Maharashtra,0
2335,40,2026-07-30,20:36:23.0000000,Payment,16409.00,1,1,Success,Fuel,Bengaluru,Karnataka,0
2336,40,2025-11-01,11:22:49.0000000,Withdrawal,9537.00,7,NULL,Success,Healthcare,Delhi,Delhi,0
2337,40,2026-02-03,02:09:15.0000000,Transfer,2665.00,5,NULL,Failed,Electronics,Chennai,Tamil Nadu,0
2338,40,2026-05-08,16:55:41.0000000,Purchase,15543.00,3,7,Success,Fuel,Hyderabad,Telangana,0
2339,40,2026-08-10,07:42:07.0000000,Deposit,8671.00,1,5,Pending,Healthcare,Coimbatore,Tamil Nadu,0
2340,40,2025-11-12,22:28:33.0000000,Payment,1799.00,7,NULL,Success,Electronics,Mumbai,Maharashtra,0
2341,40,2026-02-14,13:14:59.0000000,Withdrawal,14677.00,5,NULL,Success,Fuel,Pune,Maharashtra,0
2342,40,2026-05-19,04:01:25.0000000,Transfer,7805.00,3,11,Success,Healthcare,Bengaluru,Karnataka,0
2343,40,2026-08-21,18:47:51.0000000,Purchase,933.00,1,9,Success,Electronics,Delhi,Delhi,0
2344,40,2025-11-23,09:34:17.0000000,Deposit,13811.00,7,NULL,Success,Fuel,Chennai,Tamil Nadu,0
2345,40,2026-02-25,00:20:43.0000000,Payment,6939.00,5,NULL,Success,Healthcare,Hyderabad,Telangana,0
2346,40,2026-05-30,15:07:09.0000000,Withdrawal,19817.00,3,3,Success,Electronics,Coimbatore,Tamil Nadu,0
2347,40,2026-09-01,05:53:35.0000000,Transfer,12945.00,1,1,Success,Fuel,Mumbai,Maharashtra,0
2348,40,2025-12-04,20:40:01.0000000,Purchase,6073.00,7,NULL,Success,Healthcare,Pune,Maharashtra,0
2349,40,2026-03-08,11:26:27.0000000,Deposit,18951.00,5,NULL,Success,Electronics,Bengaluru,Karnataka,0
2350,40,2026-06-10,02:12:53.0000000,Payment,12079.00,3,7,Success,Fuel,Delhi,Delhi,0
2351,40,2026-09-12,16:59:19.0000000,Withdrawal,5207.00,1,5,Success,Healthcare,Chennai,Tamil Nadu,0
2352,40,2025-12-15,07:45:45.0000000,Transfer,18085.00,7,NULL,Success,Electronics,Hyderabad,Telangana,0
2353,40,2026-03-19,22:32:11.0000000,Purchase,11213.00,5,NULL,Success,Fuel,Coimbatore,Tamil Nadu,0
2354,40,2026-06-21,13:18:37.0000000,Deposit,4341.00,3,11,Success,Healthcare,Mumbai,Maharashtra,0
2355,40,2026-09-23,04:05:03.0000000,Payment,17219.00,1,9,Success,Electronics,Pune,Maharashtra,0
2356,40,2025-12-26,18:51:29.0000000,Withdrawal,10347.00,7,NULL,Success,Fuel,Bengaluru,Karnataka,0
2357,40,2026-03-30,09:37:55.0000000,Transfer,3475.00,5,NULL,Success,Healthcare,Delhi,Delhi,0
2358,40,2026-07-02,00:24:21.0000000,Purchase,16353.00,3,3,Success,Electronics,Chennai,Tamil Nadu,0
2359,40,2025-10-04,15:10:47.0000000,Deposit,9481.00,1,1,Success,Fuel,Hyderabad,Telangana,0
2360,40,2026-01-06,05:57:13.0000000,Payment,80207.00,7,NULL,Success,Healthcare,Coimbatore,Tamil Nadu,0
2361,40,2026-04-10,20:43:39.0000000,Withdrawal,15487.00,5,NULL,Success,Electronics,Mumbai,Maharashtra,0
2362,40,2026-07-13,11:30:05.0000000,Transfer,8615.00,3,7,Success,Fuel,Pune,Maharashtra,0
2363,40,2025-10-15,02:16:31.0000000,Purchase,1743.00,1,5,Success,Healthcare,Bengaluru,Karnataka,0
2364,40,2026-01-17,17:02:57.0000000,Deposit,14621.00,7,NULL,Success,Electronics,Delhi,Delhi,0
2365,40,2026-04-21,07:49:23.0000000,Payment,7749.00,5,NULL,Success,Fuel,Chennai,Tamil Nadu,0
2366,40,2026-07-24,22:35:49.0000000,Withdrawal,877.00,3,11,Failed,Healthcare,Hyderabad,Telangana,0
2367,40,2025-10-26,13:22:15.0000000,Transfer,13755.00,1,9,Success,Electronics,Coimbatore,Tamil Nadu,0
2368,40,2026-01-28,04:08:41.0000000,Purchase,6883.00,7,NULL,Success,Fuel,Mumbai,Maharashtra,0
2369,41,2025-11-08,11:35:22.0000000,Payment,5456.00,6,NULL,Success,Restaurant,Hyderabad,Telangana,0
2370,41,2026-02-10,02:21:48.0000000,Withdrawal,18334.00,4,NULL,Success,Grocery,Coimbatore,Tamil Nadu,0
2371,41,2026-05-15,17:08:14.0000000,Transfer,11462.00,2,10,Success,Travel,Mumbai,Maharashtra,1
2372,41,2026-08-17,07:54:40.0000000,Purchase,4590.00,8,NULL,Success,Restaurant,Pune,Maharashtra,0
2373,41,2025-11-19,22:41:06.0000000,Deposit,17468.00,6,NULL,Success,Grocery,Bengaluru,Karnataka,0
2374,41,2026-02-21,13:27:32.0000000,Payment,10596.00,4,NULL,Success,Travel,Delhi,Delhi,0
2375,41,2026-05-26,04:13:58.0000000,Withdrawal,3724.00,2,2,Success,Restaurant,Chennai,Tamil Nadu,0
2376,41,2026-08-28,19:00:24.0000000,Transfer,16602.00,8,NULL,Failed,Grocery,Hyderabad,Telangana,0
2377,41,2025-11-30,09:46:50.0000000,Purchase,9730.00,6,NULL,Success,Travel,Coimbatore,Tamil Nadu,0
2378,41,2026-03-04,00:33:16.0000000,Deposit,2858.00,4,NULL,Success,Restaurant,Mumbai,Maharashtra,0
2379,41,2026-06-06,15:19:42.0000000,Payment,15736.00,2,6,Success,Grocery,Pune,Maharashtra,0
2380,41,2026-09-08,06:06:08.0000000,Withdrawal,8864.00,8,NULL,Success,Travel,Bengaluru,Karnataka,0
2381,41,2025-12-11,20:52:34.0000000,Transfer,1992.00,6,NULL,Pending,Restaurant,Delhi,Delhi,0
2382,41,2026-03-15,11:39:00.0000000,Purchase,14870.00,4,NULL,Success,Grocery,Chennai,Tamil Nadu,0
2383,41,2026-06-17,02:25:26.0000000,Deposit,7998.00,2,10,Success,Travel,Hyderabad,Telangana,0
2384,41,2026-09-19,17:11:52.0000000,Payment,1126.00,8,NULL,Success,Restaurant,Coimbatore,Tamil Nadu,0
2385,41,2025-12-22,07:58:18.0000000,Withdrawal,14004.00,6,NULL,Success,Grocery,Mumbai,Maharashtra,0
2386,41,2026-03-26,22:44:44.0000000,Transfer,7132.00,4,NULL,Success,Travel,Pune,Maharashtra,0
2387,41,2026-06-28,13:31:10.0000000,Purchase,260.00,2,2,Success,Restaurant,Bengaluru,Karnataka,0
2388,41,2026-09-30,04:17:36.0000000,Deposit,13138.00,8,NULL,Success,Grocery,Delhi,Delhi,0
2389,41,2026-01-02,19:04:02.0000000,Payment,6266.00,6,NULL,Success,Travel,Chennai,Tamil Nadu,0
2390,41,2026-04-06,09:50:28.0000000,Withdrawal,19144.00,4,NULL,Success,Restaurant,Hyderabad,Telangana,0
2391,41,2026-07-09,00:36:54.0000000,Transfer,12272.00,2,6,Success,Grocery,Coimbatore,Tamil Nadu,0
2392,41,2025-10-11,15:23:20.0000000,Purchase,5400.00,8,NULL,Success,Travel,Mumbai,Maharashtra,0
2393,41,2026-01-13,06:09:46.0000000,Deposit,18278.00,6,NULL,Success,Restaurant,Pune,Maharashtra,0
2394,41,2026-04-17,20:56:12.0000000,Payment,11406.00,4,NULL,Success,Grocery,Bengaluru,Karnataka,0
2395,41,2026-07-20,11:42:38.0000000,Withdrawal,4534.00,2,10,Success,Travel,Delhi,Delhi,0
2396,41,2025-10-22,02:29:04.0000000,Transfer,17412.00,8,NULL,Success,Restaurant,Chennai,Tamil Nadu,0
2397,41,2026-01-24,17:15:30.0000000,Purchase,10540.00,6,NULL,Success,Grocery,Hyderabad,Telangana,0
2398,41,2026-04-28,08:01:56.0000000,Deposit,3668.00,4,NULL,Success,Travel,Coimbatore,Tamil Nadu,0
2399,41,2026-07-31,22:48:22.0000000,Payment,16546.00,2,2,Success,Restaurant,Mumbai,Maharashtra,0
2400,41,2025-11-02,13:34:48.0000000,Withdrawal,77952.00,8,NULL,Success,Grocery,Pune,Maharashtra,0
2401,41,2026-02-04,04:21:14.0000000,Transfer,2802.00,6,NULL,Success,Travel,Bengaluru,Karnataka,0
2402,41,2026-05-09,19:07:40.0000000,Purchase,15680.00,4,NULL,Success,Restaurant,Delhi,Delhi,0
2403,41,2026-08-11,09:54:06.0000000,Deposit,8808.00,2,6,Success,Grocery,Chennai,Tamil Nadu,0
2404,41,2025-11-13,00:40:32.0000000,Payment,1936.00,8,NULL,Success,Travel,Hyderabad,Telangana,0
2405,41,2026-02-15,15:26:58.0000000,Withdrawal,14814.00,6,NULL,Failed,Restaurant,Coimbatore,Tamil Nadu,0
2406,41,2026-05-20,06:13:24.0000000,Transfer,7942.00,4,NULL,Success,Grocery,Mumbai,Maharashtra,0
2407,41,2026-08-22,20:59:50.0000000,Purchase,1070.00,2,10,Success,Travel,Pune,Maharashtra,0
2408,41,2025-11-24,11:46:16.0000000,Deposit,13948.00,8,NULL,Success,Restaurant,Bengaluru,Karnataka,0
2409,41,2026-02-26,02:32:42.0000000,Payment,7076.00,6,NULL,Success,Grocery,Delhi,Delhi,0
2410,41,2026-05-31,17:19:08.0000000,Withdrawal,19954.00,4,NULL,Success,Travel,Chennai,Tamil Nadu,0
2411,41,2026-09-02,08:05:34.0000000,Transfer,13082.00,2,2,Success,Restaurant,Hyderabad,Telangana,0
2412,41,2025-12-05,22:52:00.0000000,Purchase,6210.00,8,NULL,Success,Grocery,Coimbatore,Tamil Nadu,0
2413,41,2026-03-09,13:38:26.0000000,Deposit,19088.00,6,NULL,Success,Travel,Mumbai,Maharashtra,0
2414,41,2026-06-11,04:24:52.0000000,Payment,154268.00,4,NULL,Success,Restaurant,Pune,Maharashtra,0
2415,41,2026-09-13,19:11:18.0000000,Withdrawal,5344.00,2,6,Success,Grocery,Bengaluru,Karnataka,0
2416,41,2025-12-16,09:57:44.0000000,Transfer,18222.00,8,NULL,Success,Travel,Delhi,Delhi,0
2417,41,2026-03-20,00:44:10.0000000,Purchase,11350.00,6,NULL,Success,Restaurant,Chennai,Tamil Nadu,0
2418,41,2026-06-22,15:30:36.0000000,Deposit,4478.00,4,NULL,Success,Grocery,Hyderabad,Telangana,0
2419,41,2026-09-24,06:17:02.0000000,Payment,17356.00,2,10,Success,Travel,Coimbatore,Tamil Nadu,0
2420,41,2025-12-27,21:03:28.0000000,Withdrawal,10484.00,8,NULL,Success,Restaurant,Mumbai,Maharashtra,0
2421,41,2026-03-31,11:49:54.0000000,Transfer,3612.00,6,NULL,Success,Grocery,Pune,Maharashtra,0
2422,41,2026-07-03,02:36:20.0000000,Purchase,16490.00,4,NULL,Success,Travel,Bengaluru,Karnataka,0
2423,41,2025-10-05,17:22:46.0000000,Deposit,9618.00,2,2,Success,Restaurant,Delhi,Delhi,0
2424,41,2026-01-07,08:09:12.0000000,Payment,2746.00,8,NULL,Success,Grocery,Chennai,Tamil Nadu,0
2425,41,2026-04-11,22:55:38.0000000,Withdrawal,15624.00,6,NULL,Success,Travel,Hyderabad,Telangana,0
2426,41,2026-07-14,13:42:04.0000000,Transfer,8752.00,4,NULL,Reversed,Restaurant,Coimbatore,Tamil Nadu,0
2427,41,2025-10-16,04:28:30.0000000,Purchase,1880.00,2,6,Success,Grocery,Mumbai,Maharashtra,0
2428,41,2026-01-18,19:14:56.0000000,Deposit,14758.00,8,NULL,Success,Travel,Pune,Maharashtra,0
2429,41,2026-04-22,10:01:22.0000000,Payment,7886.00,6,NULL,Success,Restaurant,Bengaluru,Karnataka,0
2430,41,2026-07-25,00:47:48.0000000,Withdrawal,1014.00,4,NULL,Success,Grocery,Delhi,Delhi,0
2431,41,2025-10-27,15:34:14.0000000,Transfer,13892.00,2,10,Success,Travel,Chennai,Tamil Nadu,0
2432,41,2026-01-29,06:20:40.0000000,Purchase,7020.00,8,NULL,Success,Restaurant,Hyderabad,Telangana,0
2433,42,2025-11-09,13:47:21.0000000,Purchase,5593.00,7,NULL,Success,Electronics,Delhi,Delhi,0
2434,42,2026-02-11,04:33:47.0000000,Deposit,18471.00,5,NULL,Success,Fuel,Chennai,Tamil Nadu,0
2435,42,2026-05-16,19:20:13.0000000,Payment,11599.00,3,11,Success,Healthcare,Hyderabad,Telangana,0
2436,42,2026-08-18,10:06:39.0000000,Withdrawal,4727.00,1,9,Success,Electronics,Coimbatore,Tamil Nadu,0
2437,42,2025-11-20,00:53:05.0000000,Transfer,17605.00,7,NULL,Success,Fuel,Mumbai,Maharashtra,0
2438,42,2026-02-22,15:39:31.0000000,Purchase,10733.00,5,NULL,Success,Healthcare,Pune,Maharashtra,0
2439,42,2026-05-27,06:25:57.0000000,Deposit,3861.00,3,3,Success,Electronics,Bengaluru,Karnataka,0
2440,42,2026-08-29,21:12:23.0000000,Payment,75697.00,1,1,Success,Fuel,Delhi,Delhi,0
2441,42,2025-12-01,11:58:49.0000000,Withdrawal,9867.00,7,NULL,Success,Healthcare,Chennai,Tamil Nadu,1
2442,42,2026-03-05,02:45:15.0000000,Transfer,2995.00,5,NULL,Success,Electronics,Hyderabad,Telangana,0
2443,42,2026-06-07,17:31:41.0000000,Purchase,15873.00,3,7,Success,Fuel,Coimbatore,Tamil Nadu,0
2444,42,2026-09-09,08:18:07.0000000,Deposit,9001.00,1,5,Failed,Healthcare,Mumbai,Maharashtra,0
2445,42,2025-12-12,23:04:33.0000000,Payment,2129.00,7,NULL,Success,Electronics,Pune,Maharashtra,0
2446,42,2026-03-16,13:50:59.0000000,Withdrawal,151261.00,5,NULL,Success,Fuel,Bengaluru,Karnataka,0
2447,42,2026-06-18,04:37:25.0000000,Transfer,8135.00,3,11,Success,Healthcare,Delhi,Delhi,0
2448,42,2026-09-20,19:23:51.0000000,Purchase,1263.00,1,9,Success,Electronics,Chennai,Tamil Nadu,0
2449,42,2025-12-23,10:10:17.0000000,Deposit,14141.00,7,NULL,Success,Fuel,Hyderabad,Telangana,0
2450,42,2026-03-27,00:56:43.0000000,Payment,7269.00,5,NULL,Success,Healthcare,Coimbatore,Tamil Nadu,0
2451,42,2026-06-29,15:43:09.0000000,Withdrawal,397.00,3,3,Success,Electronics,Mumbai,Maharashtra,0
2452,42,2025-10-01,06:29:35.0000000,Transfer,13275.00,1,1,Success,Fuel,Pune,Maharashtra,0
2453,42,2026-01-03,21:16:01.0000000,Purchase,6403.00,7,NULL,Success,Healthcare,Bengaluru,Karnataka,0
2454,42,2026-04-07,12:02:27.0000000,Deposit,19281.00,5,NULL,Success,Electronics,Delhi,Delhi,0
2455,42,2026-07-10,02:48:53.0000000,Payment,12409.00,3,7,Success,Fuel,Chennai,Tamil Nadu,0
2456,42,2025-10-12,17:35:19.0000000,Withdrawal,5537.00,1,5,Reversed,Healthcare,Hyderabad,Telangana,0
2457,42,2026-01-14,08:21:45.0000000,Transfer,18415.00,7,NULL,Success,Electronics,Coimbatore,Tamil Nadu,0
2458,42,2026-04-18,23:08:11.0000000,Purchase,11543.00,5,NULL,Success,Fuel,Mumbai,Maharashtra,0
2459,42,2026-07-21,13:54:37.0000000,Deposit,4671.00,3,11,Success,Healthcare,Pune,Maharashtra,0
2460,42,2025-10-23,04:41:03.0000000,Payment,17549.00,1,9,Success,Electronics,Bengaluru,Karnataka,0
2461,42,2026-01-25,19:27:29.0000000,Withdrawal,10677.00,7,NULL,Success,Fuel,Delhi,Delhi,0
2462,42,2026-04-29,10:13:55.0000000,Transfer,3805.00,5,NULL,Success,Healthcare,Chennai,Tamil Nadu,0
2463,42,2026-08-01,01:00:21.0000000,Purchase,16683.00,3,3,Success,Electronics,Hyderabad,Telangana,0
2464,42,2025-11-03,15:46:47.0000000,Deposit,9811.00,1,1,Success,Fuel,Coimbatore,Tamil Nadu,0
2465,42,2026-02-05,06:33:13.0000000,Payment,2939.00,7,NULL,Success,Healthcare,Mumbai,Maharashtra,0
2466,42,2026-05-10,21:19:39.0000000,Withdrawal,15817.00,5,NULL,Success,Electronics,Pune,Maharashtra,0
2467,42,2026-08-12,12:06:05.0000000,Transfer,8945.00,3,7,Success,Fuel,Bengaluru,Karnataka,0
2468,42,2025-11-14,02:52:31.0000000,Purchase,2073.00,1,5,Success,Healthcare,Delhi,Delhi,0
2469,42,2026-02-16,17:38:57.0000000,Deposit,14951.00,7,NULL,Success,Electronics,Chennai,Tamil Nadu,0
2470,42,2026-05-21,08:25:23.0000000,Payment,8079.00,5,NULL,Success,Fuel,Hyderabad,Telangana,0
2471,42,2026-08-23,23:11:49.0000000,Withdrawal,1207.00,3,11,Success,Healthcare,Coimbatore,Tamil Nadu,0
2472,42,2025-11-25,13:58:15.0000000,Transfer,14085.00,1,9,Success,Electronics,Mumbai,Maharashtra,0
2473,42,2026-02-27,04:44:41.0000000,Purchase,7213.00,7,NULL,Failed,Fuel,Pune,Maharashtra,0
2474,42,2026-06-01,19:31:07.0000000,Deposit,341.00,5,NULL,Success,Healthcare,Bengaluru,Karnataka,0
2475,42,2026-09-03,10:17:33.0000000,Payment,13219.00,3,3,Success,Electronics,Delhi,Delhi,0
2476,42,2025-12-06,01:03:59.0000000,Withdrawal,6347.00,1,1,Pending,Fuel,Chennai,Tamil Nadu,0
2477,42,2026-03-10,15:50:25.0000000,Transfer,19225.00,7,NULL,Success,Healthcare,Hyderabad,Telangana,0
2478,42,2026-06-12,06:36:51.0000000,Purchase,12353.00,5,NULL,Success,Electronics,Coimbatore,Tamil Nadu,0
2479,42,2026-09-14,21:23:17.0000000,Deposit,5481.00,3,7,Success,Fuel,Mumbai,Maharashtra,0
2480,42,2025-12-17,12:09:43.0000000,Payment,18359.00,1,5,Success,Healthcare,Pune,Maharashtra,0
2481,42,2026-03-21,02:56:09.0000000,Withdrawal,79551.00,7,NULL,Success,Electronics,Bengaluru,Karnataka,0
2482,42,2026-06-23,17:42:35.0000000,Transfer,4615.00,5,NULL,Success,Fuel,Delhi,Delhi,0
2483,42,2026-09-25,08:29:01.0000000,Purchase,17493.00,3,11,Success,Healthcare,Chennai,Tamil Nadu,0
2484,42,2025-12-28,23:15:27.0000000,Deposit,10621.00,1,9,Success,Electronics,Hyderabad,Telangana,0
2485,42,2026-04-01,14:01:53.0000000,Payment,3749.00,7,NULL,Success,Fuel,Coimbatore,Tamil Nadu,0
2486,42,2026-07-04,04:48:19.0000000,Withdrawal,16627.00,5,NULL,Success,Healthcare,Mumbai,Maharashtra,0
2487,42,2025-10-06,19:34:45.0000000,Transfer,9755.00,3,3,Success,Electronics,Pune,Maharashtra,0
2488,42,2026-01-08,10:21:11.0000000,Purchase,2883.00,1,1,Success,Fuel,Bengaluru,Karnataka,0
2489,42,2026-04-12,01:07:37.0000000,Deposit,15761.00,7,NULL,Success,Healthcare,Delhi,Delhi,0
2490,42,2026-07-15,15:54:03.0000000,Payment,8889.00,5,NULL,Success,Electronics,Chennai,Tamil Nadu,0
2491,42,2025-10-17,06:40:29.0000000,Withdrawal,2017.00,3,7,Success,Fuel,Hyderabad,Telangana,0
2492,42,2026-01-19,21:26:55.0000000,Transfer,14895.00,1,5,Success,Healthcare,Coimbatore,Tamil Nadu,0
2493,42,2026-04-23,12:13:21.0000000,Purchase,8023.00,7,NULL,Success,Electronics,Mumbai,Maharashtra,0
2494,42,2026-07-26,02:59:47.0000000,Deposit,1151.00,5,NULL,Success,Fuel,Pune,Maharashtra,0
2495,42,2025-10-28,17:46:13.0000000,Payment,14029.00,3,11,Success,Healthcare,Bengaluru,Karnataka,0
2496,42,2026-01-30,08:32:39.0000000,Withdrawal,7157.00,1,9,Success,Electronics,Delhi,Delhi,0
2497,43,2025-11-10,15:59:20.0000000,Purchase,5730.00,8,NULL,Success,Travel,Pune,Maharashtra,0
2498,43,2026-02-12,06:45:46.0000000,Deposit,18608.00,6,NULL,Success,Restaurant,Bengaluru,Karnataka,0
2499,43,2026-05-17,21:32:12.0000000,Payment,11736.00,4,NULL,Success,Grocery,Delhi,Delhi,0
2500,43,2026-08-19,12:18:38.0000000,Withdrawal,4864.00,2,10,Success,Travel,Chennai,Tamil Nadu,0
2501,43,2025-11-21,03:05:04.0000000,Transfer,17742.00,8,NULL,Success,Restaurant,Hyderabad,Telangana,0
2502,43,2026-02-23,17:51:30.0000000,Purchase,10870.00,6,NULL,Success,Grocery,Coimbatore,Tamil Nadu,0
2503,43,2026-05-28,08:37:56.0000000,Deposit,3998.00,4,NULL,Success,Travel,Mumbai,Maharashtra,0
2504,43,2026-08-30,23:24:22.0000000,Payment,16876.00,2,2,Success,Restaurant,Pune,Maharashtra,0
2505,43,2025-12-02,14:10:48.0000000,Withdrawal,10004.00,8,NULL,Success,Grocery,Bengaluru,Karnataka,0
2506,43,2026-03-06,04:57:14.0000000,Transfer,3132.00,6,NULL,Success,Travel,Delhi,Delhi,0
2507,43,2026-06-08,19:43:40.0000000,Purchase,16010.00,4,NULL,Success,Restaurant,Chennai,Tamil Nadu,0
2508,43,2026-09-10,10:30:06.0000000,Deposit,9138.00,2,6,Success,Grocery,Hyderabad,Telangana,0
2509,43,2025-12-13,01:16:32.0000000,Payment,2266.00,8,NULL,Success,Travel,Coimbatore,Tamil Nadu,0
2510,43,2026-03-17,16:02:58.0000000,Withdrawal,15144.00,6,NULL,Success,Restaurant,Mumbai,Maharashtra,0
2511,43,2026-06-19,06:49:24.0000000,Transfer,8272.00,4,NULL,Success,Grocery,Pune,Maharashtra,1
2512,43,2026-09-21,21:35:50.0000000,Purchase,1400.00,2,10,Failed,Travel,Bengaluru,Karnataka,0
2513,43,2025-12-24,12:22:16.0000000,Deposit,14278.00,8,NULL,Success,Restaurant,Delhi,Delhi,0
2514,43,2026-03-28,03:08:42.0000000,Payment,7406.00,6,NULL,Success,Grocery,Chennai,Tamil Nadu,0
2515,43,2026-06-30,17:55:08.0000000,Withdrawal,534.00,4,NULL,Success,Travel,Hyderabad,Telangana,0
2516,43,2025-10-02,08:41:34.0000000,Transfer,13412.00,2,2,Success,Restaurant,Coimbatore,Tamil Nadu,0
2517,43,2026-01-04,23:28:00.0000000,Purchase,6540.00,8,NULL,Success,Grocery,Mumbai,Maharashtra,0
2518,43,2026-04-08,14:14:26.0000000,Deposit,19418.00,6,NULL,Pending,Travel,Pune,Maharashtra,0
2519,43,2026-07-11,05:00:52.0000000,Payment,12546.00,4,NULL,Success,Restaurant,Bengaluru,Karnataka,0
2520,43,2025-10-13,19:47:18.0000000,Withdrawal,5674.00,2,6,Success,Grocery,Delhi,Delhi,0
2521,43,2026-01-15,10:33:44.0000000,Transfer,77296.00,8,NULL,Success,Travel,Chennai,Tamil Nadu,0
2522,43,2026-04-19,01:20:10.0000000,Purchase,11680.00,6,NULL,Success,Restaurant,Hyderabad,Telangana,0
2523,43,2026-07-22,16:06:36.0000000,Deposit,4808.00,4,NULL,Success,Grocery,Coimbatore,Tamil Nadu,0
2524,43,2025-10-24,06:53:02.0000000,Payment,17686.00,2,10,Success,Travel,Mumbai,Maharashtra,0
2525,43,2026-01-26,21:39:28.0000000,Withdrawal,10814.00,8,NULL,Success,Restaurant,Pune,Maharashtra,0
2526,43,2026-04-30,12:25:54.0000000,Transfer,3942.00,6,NULL,Success,Grocery,Bengaluru,Karnataka,0
2527,43,2026-08-02,03:12:20.0000000,Purchase,16820.00,4,NULL,Success,Travel,Delhi,Delhi,0
2528,43,2025-11-04,17:58:46.0000000,Deposit,9948.00,2,2,Success,Restaurant,Chennai,Tamil Nadu,0
2529,43,2026-02-06,08:45:12.0000000,Payment,3076.00,8,NULL,Success,Grocery,Hyderabad,Telangana,0
2530,43,2026-05-11,23:31:38.0000000,Withdrawal,15954.00,6,NULL,Success,Travel,Coimbatore,Tamil Nadu,0
2531,43,2026-08-13,14:18:04.0000000,Transfer,9082.00,4,NULL,Success,Restaurant,Mumbai,Maharashtra,0
2532,43,2025-11-15,05:04:30.0000000,Purchase,2210.00,2,6,Success,Grocery,Pune,Maharashtra,0
2533,43,2026-02-17,19:50:56.0000000,Deposit,15088.00,8,NULL,Success,Travel,Bengaluru,Karnataka,0
2534,43,2026-05-22,10:37:22.0000000,Payment,8216.00,6,NULL,Success,Restaurant,Delhi,Delhi,0
2535,43,2026-08-24,01:23:48.0000000,Withdrawal,1344.00,4,NULL,Success,Grocery,Chennai,Tamil Nadu,0
2536,43,2025-11-26,16:10:14.0000000,Transfer,14222.00,2,10,Success,Travel,Hyderabad,Telangana,0
2537,43,2026-02-28,06:56:40.0000000,Purchase,7350.00,8,NULL,Success,Restaurant,Coimbatore,Tamil Nadu,0
2538,43,2026-06-02,21:43:06.0000000,Deposit,478.00,6,NULL,Success,Grocery,Mumbai,Maharashtra,0
2539,43,2026-09-04,12:29:32.0000000,Payment,13356.00,4,NULL,Success,Travel,Pune,Maharashtra,0
2540,43,2025-12-07,03:15:58.0000000,Withdrawal,6484.00,2,2,Success,Restaurant,Bengaluru,Karnataka,0
2541,43,2026-03-11,18:02:24.0000000,Transfer,19362.00,8,NULL,Failed,Grocery,Delhi,Delhi,0
2542,43,2026-06-13,08:48:50.0000000,Purchase,12490.00,6,NULL,Success,Travel,Chennai,Tamil Nadu,0
2543,43,2026-09-15,23:35:16.0000000,Deposit,5618.00,4,NULL,Success,Restaurant,Hyderabad,Telangana,0
2544,43,2025-12-18,14:21:42.0000000,Payment,18496.00,2,6,Success,Grocery,Coimbatore,Tamil Nadu,0
2545,43,2026-03-22,05:08:08.0000000,Withdrawal,11624.00,8,NULL,Success,Travel,Mumbai,Maharashtra,0
2546,43,2026-06-24,19:54:34.0000000,Transfer,4752.00,6,NULL,Success,Restaurant,Pune,Maharashtra,0
2547,43,2026-09-26,10:41:00.0000000,Purchase,17630.00,4,NULL,Success,Grocery,Bengaluru,Karnataka,0
2548,43,2025-12-29,01:27:26.0000000,Deposit,10758.00,2,10,Success,Travel,Delhi,Delhi,0
2549,43,2026-04-02,16:13:52.0000000,Payment,3886.00,8,NULL,Success,Restaurant,Chennai,Tamil Nadu,0
2550,43,2026-07-05,07:00:18.0000000,Withdrawal,16764.00,6,NULL,Success,Grocery,Hyderabad,Telangana,0
2551,43,2025-10-07,21:46:44.0000000,Transfer,9892.00,4,NULL,Success,Travel,Coimbatore,Tamil Nadu,0
2552,43,2026-01-09,12:33:10.0000000,Purchase,3020.00,2,2,Success,Restaurant,Mumbai,Maharashtra,0
2553,43,2026-04-13,03:19:36.0000000,Deposit,15898.00,8,NULL,Success,Grocery,Pune,Maharashtra,0
2554,43,2026-07-16,18:06:02.0000000,Payment,9026.00,6,NULL,Success,Travel,Bengaluru,Karnataka,0
2555,43,2025-10-18,08:52:28.0000000,Withdrawal,2154.00,4,NULL,Success,Restaurant,Delhi,Delhi,0
2556,43,2026-01-20,23:38:54.0000000,Transfer,15032.00,2,6,Success,Grocery,Chennai,Tamil Nadu,0
2557,43,2026-04-24,14:25:20.0000000,Purchase,8160.00,8,NULL,Reversed,Travel,Hyderabad,Telangana,0
2558,43,2026-07-27,05:11:46.0000000,Deposit,1288.00,6,NULL,Success,Restaurant,Coimbatore,Tamil Nadu,0
2559,43,2025-10-29,19:58:12.0000000,Payment,14166.00,4,NULL,Success,Grocery,Mumbai,Maharashtra,0
2560,43,2026-01-31,10:44:38.0000000,Withdrawal,7294.00,2,10,Success,Travel,Pune,Maharashtra,0
2561,44,2025-11-11,18:11:19.0000000,Withdrawal,75041.00,1,5,Success,Healthcare,Coimbatore,Tamil Nadu,0
2562,44,2026-02-13,08:57:45.0000000,Transfer,18745.00,7,NULL,Success,Electronics,Mumbai,Maharashtra,0
2563,44,2026-05-18,23:44:11.0000000,Purchase,11873.00,5,NULL,Success,Fuel,Pune,Maharashtra,0
2564,44,2026-08-20,14:30:37.0000000,Deposit,5001.00,3,11,Success,Healthcare,Bengaluru,Karnataka,0
2565,44,2025-11-22,05:17:03.0000000,Payment,17879.00,1,9,Success,Electronics,Delhi,Delhi,0
2566,44,2026-02-24,20:03:29.0000000,Withdrawal,11007.00,7,NULL,Success,Fuel,Chennai,Tamil Nadu,0
2567,44,2026-05-29,10:49:55.0000000,Transfer,4135.00,5,NULL,Success,Healthcare,Hyderabad,Telangana,0
2568,44,2026-08-31,01:36:21.0000000,Purchase,17013.00,3,3,Success,Electronics,Coimbatore,Tamil Nadu,0
2569,44,2025-12-03,16:22:47.0000000,Deposit,10141.00,1,1,Success,Fuel,Mumbai,Maharashtra,0
2570,44,2026-03-07,07:09:13.0000000,Payment,3269.00,7,NULL,Success,Healthcare,Pune,Maharashtra,0
2571,44,2026-06-09,21:55:39.0000000,Withdrawal,16147.00,5,NULL,Success,Electronics,Bengaluru,Karnataka,0
2572,44,2026-09-11,12:42:05.0000000,Transfer,9275.00,3,7,Success,Fuel,Delhi,Delhi,0
2573,44,2025-12-14,03:28:31.0000000,Purchase,2403.00,1,5,Success,Healthcare,Chennai,Tamil Nadu,0
2574,44,2026-03-18,18:14:57.0000000,Deposit,15281.00,7,NULL,Success,Electronics,Hyderabad,Telangana,0
2575,44,2026-06-20,09:01:23.0000000,Payment,8409.00,5,NULL,Success,Fuel,Coimbatore,Tamil Nadu,0
2576,44,2026-09-22,23:47:49.0000000,Withdrawal,1537.00,3,11,Success,Healthcare,Mumbai,Maharashtra,0
2577,44,2025-12-25,14:34:15.0000000,Transfer,14415.00,1,9,Success,Electronics,Pune,Maharashtra,0
2578,44,2026-03-29,05:20:41.0000000,Purchase,7543.00,7,NULL,Success,Fuel,Bengaluru,Karnataka,0
2579,44,2026-07-01,20:07:07.0000000,Deposit,671.00,5,NULL,Success,Healthcare,Delhi,Delhi,0
2580,44,2025-10-03,10:53:33.0000000,Payment,13549.00,3,3,Failed,Electronics,Chennai,Tamil Nadu,0
2581,44,2026-01-05,01:39:59.0000000,Withdrawal,6677.00,1,1,Success,Fuel,Hyderabad,Telangana,1
2582,44,2026-04-09,16:26:25.0000000,Transfer,19555.00,7,NULL,Success,Healthcare,Coimbatore,Tamil Nadu,0
2583,44,2026-07-12,07:12:51.0000000,Purchase,12683.00,5,NULL,Success,Electronics,Mumbai,Maharashtra,0
2584,44,2025-10-14,21:59:17.0000000,Deposit,5811.00,3,7,Success,Fuel,Pune,Maharashtra,0
2585,44,2026-01-16,12:45:43.0000000,Payment,18689.00,1,5,Success,Healthcare,Bengaluru,Karnataka,0
2586,44,2026-04-20,03:32:09.0000000,Withdrawal,11817.00,7,NULL,Success,Electronics,Delhi,Delhi,0
2587,44,2026-07-23,18:18:35.0000000,Transfer,4945.00,5,NULL,Reversed,Fuel,Chennai,Tamil Nadu,0
2588,44,2025-10-25,09:05:01.0000000,Purchase,17823.00,3,11,Success,Healthcare,Hyderabad,Telangana,0
2589,44,2026-01-27,23:51:27.0000000,Deposit,10951.00,1,9,Success,Electronics,Coimbatore,Tamil Nadu,0
2590,44,2026-05-01,14:37:53.0000000,Payment,4079.00,7,NULL,Success,Fuel,Mumbai,Maharashtra,0
2591,44,2026-08-03,05:24:19.0000000,Withdrawal,16957.00,5,NULL,Success,Healthcare,Pune,Maharashtra,0
2592,44,2025-11-05,20:10:45.0000000,Transfer,10085.00,3,3,Success,Electronics,Bengaluru,Karnataka,0
2593,44,2026-02-07,10:57:11.0000000,Purchase,3213.00,1,1,Success,Fuel,Delhi,Delhi,0
2594,44,2026-05-12,01:43:37.0000000,Deposit,16091.00,7,NULL,Success,Healthcare,Chennai,Tamil Nadu,0
2595,44,2026-08-14,16:30:03.0000000,Payment,9219.00,5,NULL,Success,Electronics,Hyderabad,Telangana,0
2596,44,2025-11-16,07:16:29.0000000,Withdrawal,2347.00,3,7,Success,Fuel,Coimbatore,Tamil Nadu,0
2597,44,2026-02-18,22:02:55.0000000,Transfer,15225.00,1,5,Success,Healthcare,Mumbai,Maharashtra,0
2598,44,2026-05-23,12:49:21.0000000,Purchase,8353.00,7,NULL,Success,Electronics,Pune,Maharashtra,0
2599,44,2026-08-25,03:35:47.0000000,Deposit,1481.00,5,NULL,Success,Fuel,Bengaluru,Karnataka,0
2600,44,2025-11-27,18:22:13.0000000,Payment,14359.00,3,11,Success,Healthcare,Delhi,Delhi,0
2601,44,2026-03-01,09:08:39.0000000,Withdrawal,7487.00,1,9,Success,Electronics,Chennai,Tamil Nadu,0
2602,44,2026-06-03,23:55:05.0000000,Transfer,78895.00,7,NULL,Success,Fuel,Hyderabad,Telangana,0
2603,44,2026-09-05,14:41:31.0000000,Purchase,13493.00,5,NULL,Success,Healthcare,Coimbatore,Tamil Nadu,0
2604,44,2025-12-08,05:27:57.0000000,Deposit,6621.00,3,3,Success,Electronics,Mumbai,Maharashtra,0
2605,44,2026-03-12,20:14:23.0000000,Payment,19499.00,1,1,Success,Fuel,Pune,Maharashtra,0
2606,44,2026-06-14,11:00:49.0000000,Withdrawal,12627.00,7,NULL,Success,Healthcare,Bengaluru,Karnataka,0
2607,44,2026-09-16,01:47:15.0000000,Transfer,154365.00,5,NULL,Success,Electronics,Delhi,Delhi,0
2608,44,2025-12-19,16:33:41.0000000,Purchase,18633.00,3,7,Success,Fuel,Chennai,Tamil Nadu,0
2609,44,2026-03-23,07:20:07.0000000,Deposit,11761.00,1,5,Failed,Healthcare,Hyderabad,Telangana,0
2610,44,2026-06-25,22:06:33.0000000,Payment,4889.00,7,NULL,Success,Electronics,Coimbatore,Tamil Nadu,0
2611,44,2026-09-27,12:52:59.0000000,Withdrawal,17767.00,5,NULL,Success,Fuel,Mumbai,Maharashtra,0
2612,44,2025-12-30,03:39:25.0000000,Transfer,10895.00,3,11,Success,Healthcare,Pune,Maharashtra,0
2613,44,2026-04-03,18:25:51.0000000,Purchase,4023.00,1,9,Pending,Electronics,Bengaluru,Karnataka,0
2614,44,2026-07-06,09:12:17.0000000,Deposit,16901.00,7,NULL,Success,Fuel,Delhi,Delhi,0
2615,44,2025-10-08,23:58:43.0000000,Payment,10029.00,5,NULL,Success,Healthcare,Chennai,Tamil Nadu,0
2616,44,2026-01-10,14:45:09.0000000,Withdrawal,3157.00,3,3,Success,Electronics,Hyderabad,Telangana,0
2617,44,2026-04-14,05:31:35.0000000,Transfer,16035.00,1,1,Success,Fuel,Coimbatore,Tamil Nadu,0
2618,44,2026-07-17,20:18:01.0000000,Purchase,9163.00,7,NULL,Success,Healthcare,Mumbai,Maharashtra,0
2619,44,2025-10-19,11:04:27.0000000,Deposit,2291.00,5,NULL,Success,Electronics,Pune,Maharashtra,0
2620,44,2026-01-21,01:50:53.0000000,Payment,15169.00,3,7,Success,Fuel,Bengaluru,Karnataka,0
2621,44,2026-04-25,16:37:19.0000000,Withdrawal,8297.00,1,5,Success,Healthcare,Delhi,Delhi,0
2622,44,2026-07-28,07:23:45.0000000,Transfer,1425.00,7,NULL,Success,Electronics,Chennai,Tamil Nadu,0
2623,44,2025-10-30,22:10:11.0000000,Purchase,14303.00,5,NULL,Success,Fuel,Hyderabad,Telangana,0
2624,44,2026-02-01,12:56:37.0000000,Deposit,7431.00,3,11,Success,Healthcare,Coimbatore,Tamil Nadu,0
2625,45,2025-11-12,20:23:18.0000000,Withdrawal,6004.00,2,6,Success,Grocery,Chennai,Tamil Nadu,0
2626,45,2026-02-14,11:09:44.0000000,Transfer,18882.00,8,NULL,Success,Travel,Hyderabad,Telangana,0
2627,45,2026-05-19,01:56:10.0000000,Purchase,12010.00,6,NULL,Success,Restaurant,Coimbatore,Tamil Nadu,0
2628,45,2026-08-21,16:42:36.0000000,Deposit,5138.00,4,NULL,Success,Grocery,Mumbai,Maharashtra,0
2629,45,2025-11-23,07:29:02.0000000,Payment,18016.00,2,10,Success,Travel,Pune,Maharashtra,0
2630,45,2026-02-25,22:15:28.0000000,Withdrawal,11144.00,8,NULL,Success,Restaurant,Bengaluru,Karnataka,0
2631,45,2026-05-30,13:01:54.0000000,Transfer,4272.00,6,NULL,Success,Grocery,Delhi,Delhi,0
2632,45,2026-09-01,03:48:20.0000000,Purchase,17150.00,4,NULL,Success,Travel,Chennai,Tamil Nadu,0
2633,45,2025-12-04,18:34:46.0000000,Deposit,10278.00,2,2,Success,Restaurant,Hyderabad,Telangana,0
2634,45,2026-03-08,09:21:12.0000000,Payment,3406.00,8,NULL,Success,Grocery,Coimbatore,Tamil Nadu,0
2635,45,2026-06-10,00:07:38.0000000,Withdrawal,16284.00,6,NULL,Success,Travel,Mumbai,Maharashtra,0
2636,45,2026-09-12,14:54:04.0000000,Transfer,9412.00,4,NULL,Success,Restaurant,Pune,Maharashtra,0
2637,45,2025-12-15,05:40:30.0000000,Purchase,2540.00,2,6,Success,Grocery,Bengaluru,Karnataka,0
2638,45,2026-03-19,20:26:56.0000000,Deposit,15418.00,8,NULL,Success,Travel,Delhi,Delhi,0
2639,45,2026-06-21,11:13:22.0000000,Payment,151358.00,6,NULL,Success,Restaurant,Chennai,Tamil Nadu,0
2640,45,2026-09-23,01:59:48.0000000,Withdrawal,1674.00,4,NULL,Success,Grocery,Hyderabad,Telangana,0
2641,45,2025-12-26,16:46:14.0000000,Transfer,14552.00,2,10,Success,Travel,Coimbatore,Tamil Nadu,0
2642,45,2026-03-30,07:32:40.0000000,Purchase,76640.00,8,NULL,Success,Restaurant,Mumbai,Maharashtra,0
2643,45,2026-07-02,22:19:06.0000000,Deposit,808.00,6,NULL,Success,Grocery,Pune,Maharashtra,0
2644,45,2025-10-04,13:05:32.0000000,Payment,13686.00,4,NULL,Success,Travel,Bengaluru,Karnataka,0
2645,45,2026-01-06,03:51:58.0000000,Withdrawal,6814.00,2,2,Success,Restaurant,Delhi,Delhi,0
2646,45,2026-04-10,18:38:24.0000000,Transfer,19692.00,8,NULL,Success,Grocery,Chennai,Tamil Nadu,0
2647,45,2026-07-13,09:24:50.0000000,Purchase,12820.00,6,NULL,Success,Travel,Hyderabad,Telangana,0
2648,45,2025-10-15,00:11:16.0000000,Deposit,5948.00,4,NULL,Failed,Restaurant,Coimbatore,Tamil Nadu,0
2649,45,2026-01-17,14:57:42.0000000,Payment,18826.00,2,6,Success,Grocery,Mumbai,Maharashtra,0
2650,45,2026-04-21,05:44:08.0000000,Withdrawal,11954.00,8,NULL,Success,Travel,Pune,Maharashtra,0
2651,45,2026-07-24,20:30:34.0000000,Transfer,5082.00,6,NULL,Success,Restaurant,Bengaluru,Karnataka,1
2652,45,2025-10-26,11:17:00.0000000,Purchase,17960.00,4,NULL,Success,Grocery,Delhi,Delhi,0
2653,45,2026-01-28,02:03:26.0000000,Deposit,11088.00,2,10,Success,Travel,Chennai,Tamil Nadu,0
2654,45,2026-05-02,16:49:52.0000000,Payment,4216.00,8,NULL,Success,Restaurant,Hyderabad,Telangana,0
2655,45,2026-08-04,07:36:18.0000000,Withdrawal,17094.00,6,NULL,Pending,Grocery,Coimbatore,Tamil Nadu,0
2656,45,2025-11-06,22:22:44.0000000,Transfer,10222.00,4,NULL,Success,Travel,Mumbai,Maharashtra,0
2657,45,2026-02-08,13:09:10.0000000,Purchase,3350.00,2,2,Success,Restaurant,Pune,Maharashtra,0
2658,45,2026-05-13,03:55:36.0000000,Deposit,16228.00,8,NULL,Success,Grocery,Bengaluru,Karnataka,0
2659,45,2026-08-15,18:42:02.0000000,Payment,9356.00,6,NULL,Success,Travel,Delhi,Delhi,0
2660,45,2025-11-17,09:28:28.0000000,Withdrawal,2484.00,4,NULL,Success,Restaurant,Chennai,Tamil Nadu,0
2661,45,2026-02-19,00:14:54.0000000,Transfer,15362.00,2,6,Success,Grocery,Hyderabad,Telangana,0
2662,45,2026-05-24,15:01:20.0000000,Purchase,8490.00,8,NULL,Success,Travel,Coimbatore,Tamil Nadu,0
2663,45,2026-08-26,05:47:46.0000000,Deposit,1618.00,6,NULL,Success,Restaurant,Mumbai,Maharashtra,0
2664,45,2025-11-28,20:34:12.0000000,Payment,14496.00,4,NULL,Success,Grocery,Pune,Maharashtra,0
2665,45,2026-03-02,11:20:38.0000000,Withdrawal,7624.00,2,10,Success,Travel,Bengaluru,Karnataka,0
2666,45,2026-06-04,02:07:04.0000000,Transfer,752.00,8,NULL,Success,Restaurant,Delhi,Delhi,0
2667,45,2026-09-06,16:53:30.0000000,Purchase,13630.00,6,NULL,Success,Grocery,Chennai,Tamil Nadu,0
2668,45,2025-12-09,07:39:56.0000000,Deposit,6758.00,4,NULL,Success,Travel,Hyderabad,Telangana,0
2669,45,2026-03-13,22:26:22.0000000,Payment,19636.00,2,2,Success,Restaurant,Coimbatore,Tamil Nadu,0
2670,45,2026-06-15,13:12:48.0000000,Withdrawal,12764.00,8,NULL,Success,Grocery,Mumbai,Maharashtra,0
2671,45,2026-09-17,03:59:14.0000000,Transfer,5892.00,6,NULL,Success,Travel,Pune,Maharashtra,0
2672,45,2025-12-20,18:45:40.0000000,Purchase,18770.00,4,NULL,Success,Restaurant,Bengaluru,Karnataka,0
2673,45,2026-03-24,09:32:06.0000000,Deposit,11898.00,2,6,Success,Grocery,Delhi,Delhi,0
2674,45,2026-06-26,00:18:32.0000000,Payment,5026.00,8,NULL,Success,Travel,Chennai,Tamil Nadu,0
2675,45,2026-09-28,15:04:58.0000000,Withdrawal,17904.00,6,NULL,Success,Restaurant,Hyderabad,Telangana,0
2676,45,2025-12-31,05:51:24.0000000,Transfer,11032.00,4,NULL,Success,Grocery,Coimbatore,Tamil Nadu,0
2677,45,2026-04-04,20:37:50.0000000,Purchase,4160.00,2,10,Failed,Travel,Mumbai,Maharashtra,0
2678,45,2026-07-07,11:24:16.0000000,Deposit,17038.00,8,NULL,Success,Restaurant,Pune,Maharashtra,0
2679,45,2025-10-09,02:10:42.0000000,Payment,10166.00,6,NULL,Success,Grocery,Bengaluru,Karnataka,0
2680,45,2026-01-11,16:57:08.0000000,Withdrawal,3294.00,4,NULL,Success,Travel,Delhi,Delhi,0
2681,45,2026-04-15,07:43:34.0000000,Transfer,16172.00,2,2,Success,Restaurant,Chennai,Tamil Nadu,0
2682,45,2026-07-18,22:30:00.0000000,Purchase,9300.00,8,NULL,Success,Grocery,Hyderabad,Telangana,0
2683,45,2025-10-20,13:16:26.0000000,Deposit,80494.00,6,NULL,Success,Travel,Coimbatore,Tamil Nadu,0
2684,45,2026-01-22,04:02:52.0000000,Payment,15306.00,4,NULL,Success,Restaurant,Mumbai,Maharashtra,0
2685,45,2026-04-26,18:49:18.0000000,Withdrawal,8434.00,2,6,Success,Grocery,Pune,Maharashtra,0
2686,45,2026-07-29,09:35:44.0000000,Transfer,1562.00,8,NULL,Success,Travel,Bengaluru,Karnataka,0
2687,45,2025-10-31,00:22:10.0000000,Purchase,14440.00,6,NULL,Success,Restaurant,Delhi,Delhi,0
2688,45,2026-02-02,15:08:36.0000000,Deposit,7568.00,4,NULL,Reversed,Grocery,Chennai,Tamil Nadu,0
2689,46,2025-11-13,22:35:17.0000000,Deposit,6141.00,3,7,Success,Fuel,Bengaluru,Karnataka,0
2690,46,2026-02-15,13:21:43.0000000,Payment,19019.00,1,5,Success,Healthcare,Delhi,Delhi,0
2691,46,2026-05-20,04:08:09.0000000,Withdrawal,12147.00,7,NULL,Success,Electronics,Chennai,Tamil Nadu,0
2692,46,2026-08-22,18:54:35.0000000,Transfer,5275.00,5,NULL,Success,Fuel,Hyderabad,Telangana,0
2693,46,2025-11-24,09:41:01.0000000,Purchase,18153.00,3,11,Success,Healthcare,Coimbatore,Tamil Nadu,0
2694,46,2026-02-26,00:27:27.0000000,Deposit,11281.00,1,9,Success,Electronics,Mumbai,Maharashtra,0
2695,46,2026-05-31,15:13:53.0000000,Payment,4409.00,7,NULL,Success,Fuel,Pune,Maharashtra,0
2696,46,2026-09-02,06:00:19.0000000,Withdrawal,17287.00,5,NULL,Success,Healthcare,Bengaluru,Karnataka,0
2697,46,2025-12-05,20:46:45.0000000,Transfer,10415.00,3,3,Pending,Electronics,Delhi,Delhi,0
2698,46,2026-03-09,11:33:11.0000000,Purchase,3543.00,1,1,Success,Fuel,Chennai,Tamil Nadu,0
2699,46,2026-06-11,02:19:37.0000000,Deposit,16421.00,7,NULL,Success,Healthcare,Hyderabad,Telangana,0
2700,46,2026-09-13,17:06:03.0000000,Payment,9549.00,5,NULL,Success,Electronics,Coimbatore,Tamil Nadu,0
2701,46,2025-12-16,07:52:29.0000000,Withdrawal,2677.00,3,7,Success,Fuel,Mumbai,Maharashtra,0
2702,46,2026-03-20,22:38:55.0000000,Transfer,15555.00,1,5,Success,Healthcare,Pune,Maharashtra,0
2703,46,2026-06-22,13:25:21.0000000,Purchase,8683.00,7,NULL,Success,Electronics,Bengaluru,Karnataka,0
2704,46,2026-09-24,04:11:47.0000000,Deposit,1811.00,5,NULL,Success,Fuel,Delhi,Delhi,0
2705,46,2025-12-27,18:58:13.0000000,Payment,14689.00,3,11,Success,Healthcare,Chennai,Tamil Nadu,0
2706,46,2026-03-31,09:44:39.0000000,Withdrawal,7817.00,1,9,Success,Electronics,Hyderabad,Telangana,0
2707,46,2026-07-03,00:31:05.0000000,Transfer,945.00,7,NULL,Success,Fuel,Coimbatore,Tamil Nadu,0
2708,46,2025-10-05,15:17:31.0000000,Purchase,13823.00,5,NULL,Success,Healthcare,Mumbai,Maharashtra,0
2709,46,2026-01-07,06:03:57.0000000,Deposit,6951.00,3,3,Success,Electronics,Pune,Maharashtra,0
2710,46,2026-04-11,20:50:23.0000000,Payment,19829.00,1,1,Success,Fuel,Bengaluru,Karnataka,0
2711,46,2026-07-14,11:36:49.0000000,Withdrawal,12957.00,7,NULL,Success,Healthcare,Delhi,Delhi,0
2712,46,2025-10-16,02:23:15.0000000,Transfer,6085.00,5,NULL,Success,Electronics,Chennai,Tamil Nadu,0
2713,46,2026-01-18,17:09:41.0000000,Purchase,18963.00,3,7,Success,Fuel,Hyderabad,Telangana,0
2714,46,2026-04-22,07:56:07.0000000,Deposit,12091.00,1,5,Success,Healthcare,Coimbatore,Tamil Nadu,0
2715,46,2026-07-25,22:42:33.0000000,Payment,5219.00,7,NULL,Success,Electronics,Mumbai,Maharashtra,0
2716,46,2025-10-27,13:28:59.0000000,Withdrawal,18097.00,5,NULL,Failed,Fuel,Pune,Maharashtra,0
2717,46,2026-01-29,04:15:25.0000000,Transfer,11225.00,3,11,Success,Healthcare,Bengaluru,Karnataka,0
2718,46,2026-05-03,19:01:51.0000000,Purchase,4353.00,1,9,Reversed,Electronics,Delhi,Delhi,0
2719,46,2026-08-05,09:48:17.0000000,Deposit,17231.00,7,NULL,Success,Fuel,Chennai,Tamil Nadu,0
2720,46,2025-11-07,00:34:43.0000000,Payment,10359.00,5,NULL,Success,Healthcare,Hyderabad,Telangana,0
2721,46,2026-02-09,15:21:09.0000000,Withdrawal,3487.00,3,3,Success,Electronics,Coimbatore,Tamil Nadu,1
2722,46,2026-05-14,06:07:35.0000000,Transfer,16365.00,1,1,Success,Fuel,Mumbai,Maharashtra,0
2723,46,2026-08-16,20:54:01.0000000,Purchase,78239.00,7,NULL,Success,Healthcare,Pune,Maharashtra,0
2724,46,2025-11-18,11:40:27.0000000,Deposit,2621.00,5,NULL,Success,Electronics,Bengaluru,Karnataka,0
2725,46,2026-02-20,02:26:53.0000000,Payment,15499.00,3,7,Success,Fuel,Delhi,Delhi,0
2726,46,2026-05-25,17:13:19.0000000,Withdrawal,8627.00,1,5,Success,Healthcare,Chennai,Tamil Nadu,0
2727,46,2026-08-27,07:59:45.0000000,Transfer,1755.00,7,NULL,Success,Electronics,Hyderabad,Telangana,0
2728,46,2025-11-29,22:46:11.0000000,Purchase,14633.00,5,NULL,Success,Fuel,Coimbatore,Tamil Nadu,0
2729,46,2026-03-03,13:32:37.0000000,Deposit,7761.00,3,11,Success,Healthcare,Mumbai,Maharashtra,0
2730,46,2026-06-05,04:19:03.0000000,Payment,889.00,1,9,Success,Electronics,Pune,Maharashtra,0
2731,46,2026-09-07,19:05:29.0000000,Withdrawal,13767.00,7,NULL,Success,Fuel,Bengaluru,Karnataka,0
2732,46,2025-12-10,09:51:55.0000000,Transfer,6895.00,5,NULL,Success,Healthcare,Delhi,Delhi,0
2733,46,2026-03-14,00:38:21.0000000,Purchase,19773.00,3,3,Success,Electronics,Chennai,Tamil Nadu,0
2734,46,2026-06-16,15:24:47.0000000,Deposit,12901.00,1,1,Success,Fuel,Hyderabad,Telangana,0
2735,46,2026-09-18,06:11:13.0000000,Payment,6029.00,7,NULL,Success,Healthcare,Coimbatore,Tamil Nadu,0
2736,46,2025-12-21,20:57:39.0000000,Withdrawal,18907.00,5,NULL,Success,Electronics,Mumbai,Maharashtra,0
2737,46,2026-03-25,11:44:05.0000000,Transfer,12035.00,3,7,Success,Fuel,Pune,Maharashtra,0
2738,46,2026-06-27,02:30:31.0000000,Purchase,5163.00,1,5,Success,Healthcare,Bengaluru,Karnataka,0
2739,46,2026-09-29,17:16:57.0000000,Deposit,18041.00,7,NULL,Success,Electronics,Delhi,Delhi,0
2740,46,2026-01-01,08:03:23.0000000,Payment,11169.00,5,NULL,Success,Fuel,Chennai,Tamil Nadu,0
2741,46,2026-04-05,22:49:49.0000000,Withdrawal,4297.00,3,11,Success,Healthcare,Hyderabad,Telangana,0
2742,46,2026-07-08,13:36:15.0000000,Transfer,17175.00,1,9,Success,Electronics,Coimbatore,Tamil Nadu,0
2743,46,2025-10-10,04:22:41.0000000,Purchase,10303.00,7,NULL,Success,Fuel,Mumbai,Maharashtra,0
2744,46,2026-01-12,19:09:07.0000000,Deposit,3431.00,5,NULL,Success,Healthcare,Pune,Maharashtra,0
2745,46,2026-04-16,09:55:33.0000000,Payment,16309.00,3,3,Failed,Electronics,Bengaluru,Karnataka,0
2746,46,2026-07-19,00:41:59.0000000,Withdrawal,9437.00,1,1,Success,Fuel,Delhi,Delhi,0
2747,46,2025-10-21,15:28:25.0000000,Transfer,2565.00,7,NULL,Success,Healthcare,Chennai,Tamil Nadu,0
2748,46,2026-01-23,06:14:51.0000000,Purchase,15443.00,5,NULL,Success,Electronics,Hyderabad,Telangana,0
2749,46,2026-04-27,21:01:17.0000000,Deposit,8571.00,3,7,Success,Fuel,Coimbatore,Tamil Nadu,0
2750,46,2026-07-30,11:47:43.0000000,Payment,1699.00,1,5,Pending,Healthcare,Mumbai,Maharashtra,0
2751,46,2025-11-01,02:34:09.0000000,Withdrawal,14577.00,7,NULL,Success,Electronics,Pune,Maharashtra,0
2752,46,2026-02-03,17:20:35.0000000,Transfer,7705.00,5,NULL,Success,Fuel,Bengaluru,Karnataka,0
2753,47,2025-11-14,00:47:16.0000000,Deposit,6278.00,4,NULL,Success,Restaurant,Mumbai,Maharashtra,0
2754,47,2026-02-16,15:33:42.0000000,Payment,19156.00,2,6,Success,Grocery,Pune,Maharashtra,0
2755,47,2026-05-21,06:20:08.0000000,Withdrawal,12284.00,8,NULL,Failed,Travel,Bengaluru,Karnataka,0
2756,47,2026-08-23,21:06:34.0000000,Transfer,5412.00,6,NULL,Success,Restaurant,Delhi,Delhi,0
2757,47,2025-11-25,11:53:00.0000000,Purchase,18290.00,4,NULL,Success,Grocery,Chennai,Tamil Nadu,0
2758,47,2026-02-27,02:39:26.0000000,Deposit,11418.00,2,10,Success,Travel,Hyderabad,Telangana,0
2759,47,2026-06-01,17:25:52.0000000,Payment,4546.00,8,NULL,Success,Restaurant,Coimbatore,Tamil Nadu,0
2760,47,2026-09-03,08:12:18.0000000,Withdrawal,17424.00,6,NULL,Success,Grocery,Mumbai,Maharashtra,0
2761,47,2025-12-06,22:58:44.0000000,Transfer,10552.00,4,NULL,Success,Travel,Pune,Maharashtra,0
2762,47,2026-03-10,13:45:10.0000000,Purchase,3680.00,2,2,Success,Restaurant,Bengaluru,Karnataka,0
2763,47,2026-06-12,04:31:36.0000000,Deposit,75984.00,8,NULL,Success,Grocery,Delhi,Delhi,0
2764,47,2026-09-14,19:18:02.0000000,Payment,9686.00,6,NULL,Success,Travel,Chennai,Tamil Nadu,0
2765,47,2025-12-17,10:04:28.0000000,Withdrawal,2814.00,4,NULL,Success,Restaurant,Hyderabad,Telangana,0
2766,47,2026-03-21,00:50:54.0000000,Transfer,15692.00,2,6,Success,Grocery,Coimbatore,Tamil Nadu,0
2767,47,2026-06-23,15:37:20.0000000,Purchase,8820.00,8,NULL,Success,Travel,Mumbai,Maharashtra,0
2768,47,2026-09-25,06:23:46.0000000,Deposit,1948.00,6,NULL,Success,Restaurant,Pune,Maharashtra,0
2769,47,2025-12-28,21:10:12.0000000,Payment,14826.00,4,NULL,Success,Grocery,Bengaluru,Karnataka,0
2770,47,2026-04-01,11:56:38.0000000,Withdrawal,7954.00,2,10,Success,Travel,Delhi,Delhi,0
2771,47,2026-07-04,02:43:04.0000000,Transfer,1082.00,8,NULL,Success,Restaurant,Chennai,Tamil Nadu,0
2772,47,2025-10-06,17:29:30.0000000,Purchase,13960.00,6,NULL,Success,Grocery,Hyderabad,Telangana,0
2773,47,2026-01-08,08:15:56.0000000,Deposit,7088.00,4,NULL,Success,Travel,Coimbatore,Tamil Nadu,0
2774,47,2026-04-12,23:02:22.0000000,Payment,19966.00,2,2,Success,Restaurant,Mumbai,Maharashtra,0
2775,47,2026-07-15,13:48:48.0000000,Withdrawal,13094.00,8,NULL,Success,Grocery,Pune,Maharashtra,0
2776,47,2025-10-17,04:35:14.0000000,Transfer,6222.00,6,NULL,Success,Travel,Bengaluru,Karnataka,0
2777,47,2026-01-19,19:21:40.0000000,Purchase,19100.00,4,NULL,Success,Restaurant,Delhi,Delhi,0
2778,47,2026-04-23,10:08:06.0000000,Deposit,12228.00,2,6,Success,Grocery,Chennai,Tamil Nadu,0
2779,47,2026-07-26,00:54:32.0000000,Payment,5356.00,8,NULL,Success,Travel,Hyderabad,Telangana,0
2780,47,2025-10-28,15:40:58.0000000,Withdrawal,18234.00,6,NULL,Success,Restaurant,Coimbatore,Tamil Nadu,0
2781,47,2026-01-30,06:27:24.0000000,Transfer,11362.00,4,NULL,Success,Grocery,Mumbai,Maharashtra,0
2782,47,2026-05-04,21:13:50.0000000,Purchase,4490.00,2,10,Success,Travel,Pune,Maharashtra,0
2783,47,2026-08-06,12:00:16.0000000,Deposit,17368.00,8,NULL,Success,Restaurant,Bengaluru,Karnataka,0
2784,47,2025-11-08,02:46:42.0000000,Payment,10496.00,6,NULL,Failed,Grocery,Delhi,Delhi,0
2785,47,2026-02-10,17:33:08.0000000,Withdrawal,3624.00,4,NULL,Success,Travel,Chennai,Tamil Nadu,0
2786,47,2026-05-15,08:19:34.0000000,Transfer,16502.00,2,2,Success,Restaurant,Hyderabad,Telangana,0
2787,47,2026-08-17,23:06:00.0000000,Purchase,9630.00,8,NULL,Success,Grocery,Coimbatore,Tamil Nadu,0
2788,47,2025-11-19,13:52:26.0000000,Deposit,2758.00,6,NULL,Success,Travel,Mumbai,Maharashtra,0
2789,47,2026-02-21,04:38:52.0000000,Payment,15636.00,4,NULL,Success,Restaurant,Pune,Maharashtra,0
2790,47,2026-05-26,19:25:18.0000000,Withdrawal,8764.00,2,6,Success,Grocery,Bengaluru,Karnataka,0
2791,47,2026-08-28,10:11:44.0000000,Transfer,1892.00,8,NULL,Success,Travel,Delhi,Delhi,1
2792,47,2025-11-30,00:58:10.0000000,Purchase,14770.00,6,NULL,Pending,Restaurant,Chennai,Tamil Nadu,0
2793,47,2026-03-04,15:44:36.0000000,Deposit,7898.00,4,NULL,Success,Grocery,Hyderabad,Telangana,0
2794,47,2026-06-06,06:31:02.0000000,Payment,1026.00,2,10,Success,Travel,Coimbatore,Tamil Nadu,0
2795,47,2026-09-08,21:17:28.0000000,Withdrawal,13904.00,8,NULL,Success,Restaurant,Mumbai,Maharashtra,0
2796,47,2025-12-11,12:03:54.0000000,Transfer,7032.00,6,NULL,Success,Grocery,Pune,Maharashtra,0
2797,47,2026-03-15,02:50:20.0000000,Purchase,19910.00,4,NULL,Success,Travel,Bengaluru,Karnataka,0
2798,47,2026-06-17,17:36:46.0000000,Deposit,13038.00,2,2,Success,Restaurant,Delhi,Delhi,0
2799,47,2026-09-19,08:23:12.0000000,Payment,6166.00,8,NULL,Success,Grocery,Chennai,Tamil Nadu,0
2800,47,2025-12-22,23:09:38.0000000,Withdrawal,154462.00,6,NULL,Success,Travel,Hyderabad,Telangana,0
2801,47,2026-03-26,13:56:04.0000000,Transfer,12172.00,4,NULL,Success,Restaurant,Coimbatore,Tamil Nadu,0
2802,47,2026-06-28,04:42:30.0000000,Purchase,5300.00,2,6,Success,Grocery,Mumbai,Maharashtra,0
2803,47,2026-09-30,19:28:56.0000000,Deposit,18178.00,8,NULL,Success,Travel,Pune,Maharashtra,0
2804,47,2026-01-02,10:15:22.0000000,Payment,79838.00,6,NULL,Success,Restaurant,Bengaluru,Karnataka,0
2805,47,2026-04-06,01:01:48.0000000,Withdrawal,4434.00,4,NULL,Success,Grocery,Delhi,Delhi,0
2806,47,2026-07-09,15:48:14.0000000,Transfer,17312.00,2,10,Success,Travel,Chennai,Tamil Nadu,0
2807,47,2025-10-11,06:34:40.0000000,Purchase,10440.00,8,NULL,Success,Restaurant,Hyderabad,Telangana,0
2808,47,2026-01-13,21:21:06.0000000,Deposit,3568.00,6,NULL,Success,Grocery,Coimbatore,Tamil Nadu,0
2809,47,2026-04-17,12:07:32.0000000,Payment,16446.00,4,NULL,Success,Travel,Mumbai,Maharashtra,0
2810,47,2026-07-20,02:53:58.0000000,Withdrawal,9574.00,2,2,Success,Restaurant,Pune,Maharashtra,0
2811,47,2025-10-22,17:40:24.0000000,Transfer,2702.00,8,NULL,Success,Grocery,Bengaluru,Karnataka,0
2812,47,2026-01-24,08:26:50.0000000,Purchase,15580.00,6,NULL,Success,Travel,Delhi,Delhi,0
2813,47,2026-04-28,23:13:16.0000000,Deposit,8708.00,4,NULL,Failed,Restaurant,Chennai,Tamil Nadu,0
2814,47,2026-07-31,13:59:42.0000000,Payment,1836.00,2,6,Success,Grocery,Hyderabad,Telangana,0
2815,47,2025-11-02,04:46:08.0000000,Withdrawal,14714.00,8,NULL,Success,Travel,Coimbatore,Tamil Nadu,0
2816,47,2026-02-04,19:32:34.0000000,Transfer,7842.00,6,NULL,Success,Restaurant,Mumbai,Maharashtra,0
2817,48,2025-11-15,02:59:15.0000000,Transfer,6415.00,5,NULL,Success,Electronics,Hyderabad,Telangana,0
2818,48,2026-02-17,17:45:41.0000000,Purchase,19293.00,3,7,Success,Fuel,Coimbatore,Tamil Nadu,0
2819,48,2026-05-22,08:32:07.0000000,Deposit,12421.00,1,5,Success,Healthcare,Mumbai,Maharashtra,0
2820,48,2026-08-24,23:18:33.0000000,Payment,5549.00,7,NULL,Success,Electronics,Pune,Maharashtra,0
2821,48,2025-11-26,14:04:59.0000000,Withdrawal,18427.00,5,NULL,Success,Fuel,Bengaluru,Karnataka,0
2822,48,2026-02-28,04:51:25.0000000,Transfer,11555.00,3,11,Success,Healthcare,Delhi,Delhi,0
2823,48,2026-06-02,19:37:51.0000000,Purchase,4683.00,1,9,Failed,Electronics,Chennai,Tamil Nadu,0
2824,48,2026-09-04,10:24:17.0000000,Deposit,17561.00,7,NULL,Success,Fuel,Hyderabad,Telangana,0
2825,48,2025-12-07,01:10:43.0000000,Payment,10689.00,5,NULL,Success,Healthcare,Coimbatore,Tamil Nadu,0
2826,48,2026-03-11,15:57:09.0000000,Withdrawal,3817.00,3,3,Success,Electronics,Mumbai,Maharashtra,0
2827,48,2026-06-13,06:43:35.0000000,Transfer,16695.00,1,1,Success,Fuel,Pune,Maharashtra,0
2828,48,2026-09-15,21:30:01.0000000,Purchase,9823.00,7,NULL,Success,Healthcare,Bengaluru,Karnataka,0
2829,48,2025-12-18,12:16:27.0000000,Deposit,2951.00,5,NULL,Success,Electronics,Delhi,Delhi,0
2830,48,2026-03-22,03:02:53.0000000,Payment,15829.00,3,7,Success,Fuel,Chennai,Tamil Nadu,0
2831,48,2026-06-24,17:49:19.0000000,Withdrawal,8957.00,1,5,Success,Healthcare,Hyderabad,Telangana,0
2832,48,2026-09-26,08:35:45.0000000,Transfer,151455.00,7,NULL,Success,Electronics,Coimbatore,Tamil Nadu,0
2833,48,2025-12-29,23:22:11.0000000,Purchase,14963.00,5,NULL,Success,Fuel,Mumbai,Maharashtra,0
2834,48,2026-04-02,14:08:37.0000000,Deposit,8091.00,3,11,Pending,Healthcare,Pune,Maharashtra,0
2835,48,2026-07-05,04:55:03.0000000,Payment,1219.00,1,9,Success,Electronics,Bengaluru,Karnataka,0
2836,48,2025-10-07,19:41:29.0000000,Withdrawal,14097.00,7,NULL,Success,Fuel,Delhi,Delhi,0
2837,48,2026-01-09,10:27:55.0000000,Transfer,7225.00,5,NULL,Success,Healthcare,Chennai,Tamil Nadu,0
2838,48,2026-04-13,01:14:21.0000000,Purchase,353.00,3,3,Success,Electronics,Hyderabad,Telangana,0
2839,48,2026-07-16,16:00:47.0000000,Deposit,13231.00,1,1,Success,Fuel,Coimbatore,Tamil Nadu,0
2840,48,2025-10-18,06:47:13.0000000,Payment,6359.00,7,NULL,Success,Healthcare,Mumbai,Maharashtra,0
2841,48,2026-01-20,21:33:39.0000000,Withdrawal,19237.00,5,NULL,Success,Electronics,Pune,Maharashtra,0
2842,48,2026-04-24,12:20:05.0000000,Transfer,12365.00,3,7,Success,Fuel,Bengaluru,Karnataka,0
2843,48,2026-07-27,03:06:31.0000000,Purchase,5493.00,1,5,Success,Healthcare,Delhi,Delhi,0
2844,48,2025-10-29,17:52:57.0000000,Deposit,77583.00,7,NULL,Success,Electronics,Chennai,Tamil Nadu,0
2845,48,2026-01-31,08:39:23.0000000,Payment,11499.00,5,NULL,Success,Fuel,Hyderabad,Telangana,0
2846,48,2026-05-05,23:25:49.0000000,Withdrawal,4627.00,3,11,Success,Healthcare,Coimbatore,Tamil Nadu,0
2847,48,2026-08-07,14:12:15.0000000,Transfer,17505.00,1,9,Success,Electronics,Mumbai,Maharashtra,0
2848,48,2025-11-09,04:58:41.0000000,Purchase,10633.00,7,NULL,Success,Fuel,Pune,Maharashtra,0
2849,48,2026-02-11,19:45:07.0000000,Deposit,3761.00,5,NULL,Reversed,Healthcare,Bengaluru,Karnataka,0
2850,48,2026-05-16,10:31:33.0000000,Payment,16639.00,3,3,Success,Electronics,Delhi,Delhi,0
2851,48,2026-08-18,01:17:59.0000000,Withdrawal,9767.00,1,1,Success,Fuel,Chennai,Tamil Nadu,0
2852,48,2025-11-20,16:04:25.0000000,Transfer,2895.00,7,NULL,Failed,Healthcare,Hyderabad,Telangana,0
2853,48,2026-02-22,06:50:51.0000000,Purchase,15773.00,5,NULL,Success,Electronics,Coimbatore,Tamil Nadu,0
2854,48,2026-05-27,21:37:17.0000000,Deposit,8901.00,3,7,Success,Fuel,Mumbai,Maharashtra,0
2855,48,2026-08-29,12:23:43.0000000,Payment,2029.00,1,5,Success,Healthcare,Pune,Maharashtra,0
2856,48,2025-12-01,03:10:09.0000000,Withdrawal,14907.00,7,NULL,Success,Electronics,Bengaluru,Karnataka,0
2857,48,2026-03-05,17:56:35.0000000,Transfer,8035.00,5,NULL,Success,Fuel,Delhi,Delhi,0
2858,48,2026-06-07,08:43:01.0000000,Purchase,1163.00,3,11,Success,Healthcare,Chennai,Tamil Nadu,0
2859,48,2026-09-09,23:29:27.0000000,Deposit,14041.00,1,9,Success,Electronics,Hyderabad,Telangana,0
2860,48,2025-12-12,14:15:53.0000000,Payment,7169.00,7,NULL,Success,Fuel,Coimbatore,Tamil Nadu,0
2861,48,2026-03-16,05:02:19.0000000,Withdrawal,297.00,5,NULL,Success,Healthcare,Mumbai,Maharashtra,1
2862,48,2026-06-18,19:48:45.0000000,Transfer,13175.00,3,3,Success,Electronics,Pune,Maharashtra,0
2863,48,2026-09-20,10:35:11.0000000,Purchase,6303.00,1,1,Success,Fuel,Bengaluru,Karnataka,0
2864,48,2025-12-23,01:21:37.0000000,Deposit,19181.00,7,NULL,Success,Healthcare,Delhi,Delhi,0
2865,48,2026-03-27,16:08:03.0000000,Payment,12309.00,5,NULL,Success,Electronics,Chennai,Tamil Nadu,0
2866,48,2026-06-29,06:54:29.0000000,Withdrawal,5437.00,3,7,Success,Fuel,Hyderabad,Telangana,0
2867,48,2025-10-01,21:40:55.0000000,Transfer,18315.00,1,5,Success,Healthcare,Coimbatore,Tamil Nadu,0
2868,48,2026-01-03,12:27:21.0000000,Purchase,11443.00,7,NULL,Success,Electronics,Mumbai,Maharashtra,0
2869,48,2026-04-07,03:13:47.0000000,Deposit,4571.00,5,NULL,Success,Fuel,Pune,Maharashtra,0
2870,48,2026-07-10,18:00:13.0000000,Payment,17449.00,3,11,Success,Healthcare,Bengaluru,Karnataka,0
2871,48,2025-10-12,08:46:39.0000000,Withdrawal,10577.00,1,9,Success,Electronics,Delhi,Delhi,0
2872,48,2026-01-14,23:33:05.0000000,Transfer,3705.00,7,NULL,Success,Fuel,Chennai,Tamil Nadu,0
2873,48,2026-04-18,14:19:31.0000000,Purchase,16583.00,5,NULL,Success,Healthcare,Hyderabad,Telangana,0
2874,48,2026-07-21,05:05:57.0000000,Deposit,9711.00,3,3,Success,Electronics,Coimbatore,Tamil Nadu,0
2875,48,2025-10-23,19:52:23.0000000,Payment,2839.00,1,1,Success,Fuel,Mumbai,Maharashtra,0
2876,48,2026-01-25,10:38:49.0000000,Withdrawal,15717.00,7,NULL,Success,Healthcare,Pune,Maharashtra,0
2877,48,2026-04-29,01:25:15.0000000,Transfer,8845.00,5,NULL,Success,Electronics,Bengaluru,Karnataka,0
2878,48,2026-08-01,16:11:41.0000000,Purchase,1973.00,3,7,Success,Fuel,Delhi,Delhi,0
2879,48,2025-11-03,06:58:07.0000000,Deposit,14851.00,1,5,Success,Healthcare,Chennai,Tamil Nadu,0
2880,48,2026-02-05,21:44:33.0000000,Payment,7979.00,7,NULL,Success,Electronics,Hyderabad,Telangana,0
2881,49,2025-11-16,05:11:14.0000000,Transfer,6552.00,6,NULL,Success,Travel,Delhi,Delhi,0
2882,49,2026-02-18,19:57:40.0000000,Purchase,19430.00,4,NULL,Success,Restaurant,Chennai,Tamil Nadu,0
2883,49,2026-05-23,10:44:06.0000000,Deposit,12558.00,2,6,Success,Grocery,Hyderabad,Telangana,0
2884,49,2026-08-25,01:30:32.0000000,Payment,75328.00,8,NULL,Success,Travel,Coimbatore,Tamil Nadu,0
2885,49,2025-11-27,16:16:58.0000000,Withdrawal,18564.00,6,NULL,Success,Restaurant,Mumbai,Maharashtra,0
2886,49,2026-03-01,07:03:24.0000000,Transfer,11692.00,4,NULL,Success,Grocery,Pune,Maharashtra,0
2887,49,2026-06-03,21:49:50.0000000,Purchase,4820.00,2,10,Success,Travel,Bengaluru,Karnataka,0
2888,49,2026-09-05,12:36:16.0000000,Deposit,17698.00,8,NULL,Success,Restaurant,Delhi,Delhi,0
2889,49,2025-12-08,03:22:42.0000000,Payment,10826.00,6,NULL,Success,Grocery,Chennai,Tamil Nadu,0
2890,49,2026-03-12,18:09:08.0000000,Withdrawal,3954.00,4,NULL,Success,Travel,Hyderabad,Telangana,0
2891,49,2026-06-14,08:55:34.0000000,Transfer,16832.00,2,2,Failed,Restaurant,Coimbatore,Tamil Nadu,0
2892,49,2026-09-16,23:42:00.0000000,Purchase,9960.00,8,NULL,Success,Grocery,Mumbai,Maharashtra,0
2893,49,2025-12-19,14:28:26.0000000,Deposit,3088.00,6,NULL,Success,Travel,Pune,Maharashtra,0
2894,49,2026-03-23,05:14:52.0000000,Payment,15966.00,4,NULL,Success,Restaurant,Bengaluru,Karnataka,0
2895,49,2026-06-25,20:01:18.0000000,Withdrawal,9094.00,2,6,Success,Grocery,Delhi,Delhi,0
2896,49,2026-09-27,10:47:44.0000000,Transfer,2222.00,8,NULL,Success,Travel,Chennai,Tamil Nadu,0
2897,49,2025-12-30,01:34:10.0000000,Purchase,15100.00,6,NULL,Success,Restaurant,Hyderabad,Telangana,0
2898,49,2026-04-03,16:20:36.0000000,Deposit,8228.00,4,NULL,Success,Grocery,Coimbatore,Tamil Nadu,0
2899,49,2026-07-06,07:07:02.0000000,Payment,1356.00,2,10,Success,Travel,Mumbai,Maharashtra,0
2900,49,2025-10-08,21:53:28.0000000,Withdrawal,14234.00,8,NULL,Success,Restaurant,Pune,Maharashtra,0
2901,49,2026-01-10,12:39:54.0000000,Transfer,7362.00,6,NULL,Success,Grocery,Bengaluru,Karnataka,0
2902,49,2026-04-14,03:26:20.0000000,Purchase,490.00,4,NULL,Success,Travel,Delhi,Delhi,0
2903,49,2026-07-17,18:12:46.0000000,Deposit,13368.00,2,2,Success,Restaurant,Chennai,Tamil Nadu,0
2904,49,2025-10-19,08:59:12.0000000,Payment,6496.00,8,NULL,Success,Grocery,Hyderabad,Telangana,0
2905,49,2026-01-21,23:45:38.0000000,Withdrawal,19374.00,6,NULL,Success,Travel,Coimbatore,Tamil Nadu,0
2906,49,2026-04-25,14:32:04.0000000,Transfer,12502.00,4,NULL,Success,Restaurant,Mumbai,Maharashtra,0
2907,49,2026-07-28,05:18:30.0000000,Purchase,5630.00,2,6,Success,Grocery,Pune,Maharashtra,0
2908,49,2025-10-30,20:04:56.0000000,Deposit,18508.00,8,NULL,Success,Travel,Bengaluru,Karnataka,0
2909,49,2026-02-01,10:51:22.0000000,Payment,11636.00,6,NULL,Success,Restaurant,Delhi,Delhi,0
2910,49,2026-05-06,01:37:48.0000000,Withdrawal,4764.00,4,NULL,Success,Grocery,Chennai,Tamil Nadu,0
2911,49,2026-08-08,16:24:14.0000000,Transfer,17642.00,2,10,Success,Travel,Hyderabad,Telangana,0
2912,49,2025-11-10,07:10:40.0000000,Purchase,10770.00,8,NULL,Success,Restaurant,Coimbatore,Tamil Nadu,0
2913,49,2026-02-12,21:57:06.0000000,Deposit,3898.00,6,NULL,Success,Grocery,Mumbai,Maharashtra,0
2914,49,2026-05-17,12:43:32.0000000,Payment,16776.00,4,NULL,Success,Travel,Pune,Maharashtra,0
2915,49,2026-08-19,03:29:58.0000000,Withdrawal,9904.00,2,2,Success,Restaurant,Bengaluru,Karnataka,0
2916,49,2025-11-21,18:16:24.0000000,Transfer,3032.00,8,NULL,Success,Grocery,Delhi,Delhi,0
2917,49,2026-02-23,09:02:50.0000000,Purchase,15910.00,6,NULL,Success,Travel,Chennai,Tamil Nadu,0
2918,49,2026-05-28,23:49:16.0000000,Deposit,9038.00,4,NULL,Success,Restaurant,Hyderabad,Telangana,0
2919,49,2026-08-30,14:35:42.0000000,Payment,2166.00,2,6,Success,Grocery,Coimbatore,Tamil Nadu,0
2920,49,2025-12-02,05:22:08.0000000,Withdrawal,15044.00,8,NULL,Failed,Travel,Mumbai,Maharashtra,0
2921,49,2026-03-06,20:08:34.0000000,Transfer,8172.00,6,NULL,Success,Restaurant,Pune,Maharashtra,0
2922,49,2026-06-08,10:55:00.0000000,Purchase,1300.00,4,NULL,Success,Grocery,Bengaluru,Karnataka,0
2923,49,2026-09-10,01:41:26.0000000,Deposit,14178.00,2,10,Success,Travel,Delhi,Delhi,0
2924,49,2025-12-13,16:27:52.0000000,Payment,7306.00,8,NULL,Success,Restaurant,Chennai,Tamil Nadu,0
2925,49,2026-03-17,07:14:18.0000000,Withdrawal,79182.00,6,NULL,Success,Grocery,Hyderabad,Telangana,0
2926,49,2026-06-19,22:00:44.0000000,Transfer,13312.00,4,NULL,Success,Travel,Coimbatore,Tamil Nadu,0
2927,49,2026-09-21,12:47:10.0000000,Purchase,6440.00,2,2,Success,Restaurant,Mumbai,Maharashtra,0
2928,49,2025-12-24,03:33:36.0000000,Deposit,19318.00,8,NULL,Success,Grocery,Pune,Maharashtra,0
2929,49,2026-03-28,18:20:02.0000000,Payment,12446.00,6,NULL,Pending,Travel,Bengaluru,Karnataka,0
2930,49,2026-06-30,09:06:28.0000000,Withdrawal,5574.00,4,NULL,Success,Restaurant,Delhi,Delhi,0
2931,49,2025-10-02,23:52:54.0000000,Transfer,18452.00,2,6,Success,Grocery,Chennai,Tamil Nadu,1
2932,49,2026-01-04,14:39:20.0000000,Purchase,11580.00,8,NULL,Success,Travel,Hyderabad,Telangana,0
2933,49,2026-04-08,05:25:46.0000000,Deposit,4708.00,6,NULL,Success,Restaurant,Coimbatore,Tamil Nadu,0
2934,49,2026-07-11,20:12:12.0000000,Payment,17586.00,4,NULL,Success,Grocery,Mumbai,Maharashtra,0
2935,49,2025-10-13,10:58:38.0000000,Withdrawal,10714.00,2,10,Success,Travel,Pune,Maharashtra,0
2936,49,2026-01-15,01:45:04.0000000,Transfer,3842.00,8,NULL,Success,Restaurant,Bengaluru,Karnataka,0
2937,49,2026-04-19,16:31:30.0000000,Purchase,16720.00,6,NULL,Success,Grocery,Delhi,Delhi,0
2938,49,2026-07-22,07:17:56.0000000,Deposit,9848.00,4,NULL,Success,Travel,Chennai,Tamil Nadu,0
2939,49,2025-10-24,22:04:22.0000000,Payment,2976.00,2,2,Success,Restaurant,Hyderabad,Telangana,0
2940,49,2026-01-26,12:50:48.0000000,Withdrawal,15854.00,8,NULL,Success,Grocery,Coimbatore,Tamil Nadu,0
2941,49,2026-04-30,03:37:14.0000000,Transfer,8982.00,6,NULL,Success,Travel,Mumbai,Maharashtra,0
2942,49,2026-08-02,18:23:40.0000000,Purchase,2110.00,4,NULL,Success,Restaurant,Pune,Maharashtra,0
2943,49,2025-11-04,09:10:06.0000000,Deposit,14988.00,2,6,Success,Grocery,Bengaluru,Karnataka,0
2944,49,2026-02-06,23:56:32.0000000,Payment,8116.00,8,NULL,Success,Travel,Delhi,Delhi,0
2945,50,2025-11-17,07:23:13.0000000,Payment,6689.00,7,NULL,Success,Healthcare,Pune,Maharashtra,0
2946,50,2026-02-19,22:09:39.0000000,Withdrawal,19567.00,5,NULL,Success,Electronics,Bengaluru,Karnataka,0
2947,50,2026-05-24,12:56:05.0000000,Transfer,12695.00,3,7,Success,Fuel,Delhi,Delhi,0
2948,50,2026-08-26,03:42:31.0000000,Purchase,5823.00,1,5,Success,Healthcare,Chennai,Tamil Nadu,0
2949,50,2025-11-28,18:28:57.0000000,Deposit,18701.00,7,NULL,Success,Electronics,Hyderabad,Telangana,0
2950,50,2026-03-02,09:15:23.0000000,Payment,11829.00,5,NULL,Success,Fuel,Coimbatore,Tamil Nadu,0
2951,50,2026-06-04,00:01:49.0000000,Withdrawal,4957.00,3,11,Success,Healthcare,Mumbai,Maharashtra,0
2952,50,2026-09-06,14:48:15.0000000,Transfer,17835.00,1,9,Success,Electronics,Pune,Maharashtra,0
2953,50,2025-12-09,05:34:41.0000000,Purchase,10963.00,7,NULL,Success,Fuel,Bengaluru,Karnataka,0
2954,50,2026-03-13,20:21:07.0000000,Deposit,4091.00,5,NULL,Success,Healthcare,Delhi,Delhi,0
2955,50,2026-06-15,11:07:33.0000000,Payment,16969.00,3,3,Success,Electronics,Chennai,Tamil Nadu,0
2956,50,2026-09-17,01:53:59.0000000,Withdrawal,10097.00,1,1,Success,Fuel,Hyderabad,Telangana,0
2957,50,2025-12-20,16:40:25.0000000,Transfer,3225.00,7,NULL,Success,Healthcare,Coimbatore,Tamil Nadu,0
2958,50,2026-03-24,07:26:51.0000000,Purchase,16103.00,5,NULL,Success,Electronics,Mumbai,Maharashtra,0
2959,50,2026-06-26,22:13:17.0000000,Deposit,9231.00,3,7,Failed,Fuel,Pune,Maharashtra,0
2960,50,2026-09-28,12:59:43.0000000,Payment,2359.00,1,5,Success,Healthcare,Bengaluru,Karnataka,0
2961,50,2025-12-31,03:46:09.0000000,Withdrawal,15237.00,7,NULL,Success,Electronics,Delhi,Delhi,0
2962,50,2026-04-04,18:32:35.0000000,Transfer,8365.00,5,NULL,Success,Fuel,Chennai,Tamil Nadu,0
2963,50,2026-07-07,09:19:01.0000000,Purchase,1493.00,3,11,Success,Healthcare,Hyderabad,Telangana,0
2964,50,2025-10-09,00:05:27.0000000,Deposit,14371.00,1,9,Success,Electronics,Coimbatore,Tamil Nadu,0
2965,50,2026-01-11,14:51:53.0000000,Payment,76927.00,7,NULL,Success,Fuel,Mumbai,Maharashtra,0
2966,50,2026-04-15,05:38:19.0000000,Withdrawal,627.00,5,NULL,Success,Healthcare,Pune,Maharashtra,0
2967,50,2026-07-18,20:24:45.0000000,Transfer,13505.00,3,3,Success,Electronics,Bengaluru,Karnataka,0
2968,50,2025-10-20,11:11:11.0000000,Purchase,6633.00,1,1,Success,Fuel,Delhi,Delhi,0
2969,50,2026-01-22,01:57:37.0000000,Deposit,19511.00,7,NULL,Success,Healthcare,Chennai,Tamil Nadu,0
2970,50,2026-04-26,16:44:03.0000000,Payment,12639.00,5,NULL,Success,Electronics,Hyderabad,Telangana,0
2971,50,2026-07-29,07:30:29.0000000,Withdrawal,5767.00,3,7,Pending,Fuel,Coimbatore,Tamil Nadu,0
2972,50,2025-10-31,22:16:55.0000000,Transfer,18645.00,1,5,Success,Healthcare,Mumbai,Maharashtra,0
2973,50,2026-02-02,13:03:21.0000000,Purchase,11773.00,7,NULL,Success,Electronics,Pune,Maharashtra,0
2974,50,2026-05-07,03:49:47.0000000,Deposit,4901.00,5,NULL,Success,Fuel,Bengaluru,Karnataka,0
2975,50,2026-08-09,18:36:13.0000000,Payment,17779.00,3,11,Success,Healthcare,Delhi,Delhi,0
2976,50,2025-11-11,09:22:39.0000000,Withdrawal,10907.00,1,9,Success,Electronics,Chennai,Tamil Nadu,0
2977,50,2026-02-13,00:09:05.0000000,Transfer,4035.00,7,NULL,Success,Fuel,Hyderabad,Telangana,0
2978,50,2026-05-18,14:55:31.0000000,Purchase,16913.00,5,NULL,Success,Healthcare,Coimbatore,Tamil Nadu,0
2979,50,2026-08-20,05:41:57.0000000,Deposit,10041.00,3,3,Success,Electronics,Mumbai,Maharashtra,0
2980,50,2025-11-22,20:28:23.0000000,Payment,3169.00,1,1,Reversed,Fuel,Pune,Maharashtra,0
2981,50,2026-02-24,11:14:49.0000000,Withdrawal,16047.00,7,NULL,Success,Healthcare,Bengaluru,Karnataka,0
2982,50,2026-05-29,02:01:15.0000000,Transfer,9175.00,5,NULL,Success,Electronics,Delhi,Delhi,0
2983,50,2026-08-31,16:47:41.0000000,Purchase,2303.00,3,7,Success,Fuel,Chennai,Tamil Nadu,0
2984,50,2025-12-03,07:34:07.0000000,Deposit,15181.00,1,5,Success,Healthcare,Hyderabad,Telangana,0
2985,50,2026-03-07,22:20:33.0000000,Payment,8309.00,7,NULL,Success,Electronics,Coimbatore,Tamil Nadu,0
2986,50,2026-06-09,13:06:59.0000000,Withdrawal,1437.00,5,NULL,Success,Fuel,Mumbai,Maharashtra,0
2987,50,2026-09-11,03:53:25.0000000,Transfer,14315.00,3,11,Success,Healthcare,Pune,Maharashtra,0
2988,50,2025-12-14,18:39:51.0000000,Purchase,7443.00,1,9,Failed,Electronics,Bengaluru,Karnataka,0
2989,50,2026-03-18,09:26:17.0000000,Deposit,571.00,7,NULL,Success,Fuel,Delhi,Delhi,0
2990,50,2026-06-20,00:12:43.0000000,Payment,13449.00,5,NULL,Success,Healthcare,Chennai,Tamil Nadu,0
2991,50,2026-09-22,14:59:09.0000000,Withdrawal,6577.00,3,3,Success,Electronics,Hyderabad,Telangana,0
2992,50,2025-12-25,05:45:35.0000000,Transfer,19455.00,1,1,Success,Fuel,Coimbatore,Tamil Nadu,0
2993,50,2026-03-29,20:32:01.0000000,Purchase,154559.00,7,NULL,Success,Healthcare,Mumbai,Maharashtra,0
2994,50,2026-07-01,11:18:27.0000000,Deposit,5711.00,5,NULL,Success,Electronics,Pune,Maharashtra,0
2995,50,2025-10-03,02:04:53.0000000,Payment,18589.00,3,7,Success,Fuel,Bengaluru,Karnataka,0
2996,50,2026-01-05,16:51:19.0000000,Withdrawal,11717.00,1,5,Success,Healthcare,Delhi,Delhi,0
2997,50,2026-04-09,07:37:45.0000000,Transfer,4845.00,7,NULL,Success,Electronics,Chennai,Tamil Nadu,0
2998,50,2026-07-12,22:24:11.0000000,Purchase,17723.00,5,NULL,Success,Fuel,Hyderabad,Telangana,0
2999,50,2025-10-14,13:10:37.0000000,Deposit,10851.00,3,11,Success,Healthcare,Coimbatore,Tamil Nadu,0
3000,50,2026-01-16,03:57:03.0000000,Payment,3979.00,1,9,Success,Electronics,Mumbai,Maharashtra,0
3001,50,2026-04-20,18:43:29.0000000,Withdrawal,16857.00,7,NULL,Success,Fuel,Pune,Maharashtra,1
3002,50,2026-07-23,09:29:55.0000000,Transfer,9985.00,5,NULL,Success,Healthcare,Bengaluru,Karnataka,0
3003,50,2025-10-25,00:16:21.0000000,Purchase,3113.00,3,3,Success,Electronics,Delhi,Delhi,0
3004,50,2026-01-27,15:02:47.0000000,Deposit,15991.00,1,1,Success,Fuel,Chennai,Tamil Nadu,0
3005,50,2026-05-01,05:49:13.0000000,Payment,9119.00,7,NULL,Success,Healthcare,Hyderabad,Telangana,0
3006,50,2026-08-03,20:35:39.0000000,Withdrawal,80781.00,5,NULL,Success,Electronics,Coimbatore,Tamil Nadu,0
3007,50,2025-11-05,11:22:05.0000000,Transfer,15125.00,3,7,Success,Fuel,Mumbai,Maharashtra,0
3008,50,2026-02-07,02:08:31.0000000,Purchase,8253.00,1,5,Success,Healthcare,Pune,Maharashtra,0
3009,51,2025-11-18,09:35:12.0000000,Payment,6826.00,8,NULL,Success,Grocery,Coimbatore,Tamil Nadu,0
3010,51,2026-02-20,00:21:38.0000000,Withdrawal,19704.00,6,NULL,Reversed,Travel,Mumbai,Maharashtra,0
3011,51,2026-05-25,15:08:04.0000000,Transfer,12832.00,4,NULL,Success,Restaurant,Pune,Maharashtra,0
3012,51,2026-08-27,05:54:30.0000000,Purchase,5960.00,2,6,Success,Grocery,Bengaluru,Karnataka,0
3013,51,2025-11-29,20:40:56.0000000,Deposit,18838.00,8,NULL,Pending,Travel,Delhi,Delhi,0
3014,51,2026-03-03,11:27:22.0000000,Payment,11966.00,6,NULL,Success,Restaurant,Chennai,Tamil Nadu,0
3015,51,2026-06-05,02:13:48.0000000,Withdrawal,5094.00,4,NULL,Success,Grocery,Hyderabad,Telangana,0
3016,51,2026-09-07,17:00:14.0000000,Transfer,17972.00,2,10,Success,Travel,Coimbatore,Tamil Nadu,0
3017,51,2025-12-10,07:46:40.0000000,Purchase,11100.00,8,NULL,Success,Restaurant,Mumbai,Maharashtra,0
3018,51,2026-03-14,22:33:06.0000000,Deposit,4228.00,6,NULL,Success,Grocery,Pune,Maharashtra,0
3019,51,2026-06-16,13:19:32.0000000,Payment,17106.00,4,NULL,Success,Travel,Bengaluru,Karnataka,0
3020,51,2026-09-18,04:05:58.0000000,Withdrawal,10234.00,2,2,Success,Restaurant,Delhi,Delhi,0
3021,51,2025-12-21,18:52:24.0000000,Transfer,3362.00,8,NULL,Success,Grocery,Chennai,Tamil Nadu,0
3022,51,2026-03-25,09:38:50.0000000,Purchase,16240.00,6,NULL,Success,Travel,Hyderabad,Telangana,0
3023,51,2026-06-27,00:25:16.0000000,Deposit,9368.00,4,NULL,Success,Restaurant,Coimbatore,Tamil Nadu,0
3024,51,2026-09-29,15:11:42.0000000,Payment,2496.00,2,6,Success,Grocery,Mumbai,Maharashtra,0
3025,51,2026-01-01,05:58:08.0000000,Withdrawal,151552.00,8,NULL,Success,Travel,Pune,Maharashtra,0
3026,51,2026-04-05,20:44:34.0000000,Transfer,8502.00,6,NULL,Success,Restaurant,Bengaluru,Karnataka,0
3027,51,2026-07-08,11:31:00.0000000,Purchase,1630.00,4,NULL,Failed,Grocery,Delhi,Delhi,0
3028,51,2025-10-10,02:17:26.0000000,Deposit,14508.00,2,10,Success,Travel,Chennai,Tamil Nadu,0
3029,51,2026-01-12,17:03:52.0000000,Payment,7636.00,8,NULL,Success,Restaurant,Hyderabad,Telangana,0
3030,51,2026-04-16,07:50:18.0000000,Withdrawal,764.00,6,NULL,Success,Grocery,Coimbatore,Tamil Nadu,0
3031,51,2026-07-19,22:36:44.0000000,Transfer,13642.00,4,NULL,Success,Travel,Mumbai,Maharashtra,0
3032,51,2025-10-21,13:23:10.0000000,Purchase,6770.00,2,2,Success,Restaurant,Pune,Maharashtra,0
3033,51,2026-01-23,04:09:36.0000000,Deposit,19648.00,8,NULL,Success,Grocery,Bengaluru,Karnataka,0
3034,51,2026-04-27,18:56:02.0000000,Payment,12776.00,6,NULL,Success,Travel,Delhi,Delhi,0
3035,51,2026-07-30,09:42:28.0000000,Withdrawal,5904.00,4,NULL,Success,Restaurant,Chennai,Tamil Nadu,0
3036,51,2025-11-01,00:28:54.0000000,Transfer,18782.00,2,6,Success,Grocery,Hyderabad,Telangana,0
3037,51,2026-02-03,15:15:20.0000000,Purchase,11910.00,8,NULL,Success,Travel,Coimbatore,Tamil Nadu,0
3038,51,2026-05-08,06:01:46.0000000,Deposit,5038.00,6,NULL,Success,Restaurant,Mumbai,Maharashtra,0
3039,51,2026-08-10,20:48:12.0000000,Payment,17916.00,4,NULL,Success,Grocery,Pune,Maharashtra,0
3040,51,2025-11-12,11:34:38.0000000,Withdrawal,11044.00,2,10,Success,Travel,Bengaluru,Karnataka,0
3041,51,2026-02-14,02:21:04.0000000,Transfer,4172.00,8,NULL,Success,Restaurant,Delhi,Delhi,0
3042,51,2026-05-19,17:07:30.0000000,Purchase,17050.00,6,NULL,Success,Grocery,Chennai,Tamil Nadu,0
3043,51,2026-08-21,07:53:56.0000000,Deposit,10178.00,4,NULL,Success,Travel,Hyderabad,Telangana,0
3044,51,2025-11-23,22:40:22.0000000,Payment,3306.00,2,2,Success,Restaurant,Coimbatore,Tamil Nadu,0
3045,51,2026-02-25,13:26:48.0000000,Withdrawal,16184.00,8,NULL,Success,Grocery,Mumbai,Maharashtra,0
3046,51,2026-05-30,04:13:14.0000000,Transfer,78526.00,6,NULL,Success,Travel,Pune,Maharashtra,0
3047,51,2026-09-01,18:59:40.0000000,Purchase,2440.00,4,NULL,Success,Restaurant,Bengaluru,Karnataka,0
3048,51,2025-12-04,09:46:06.0000000,Deposit,15318.00,2,6,Success,Grocery,Delhi,Delhi,0
3049,51,2026-03-08,00:32:32.0000000,Payment,8446.00,8,NULL,Success,Travel,Chennai,Tamil Nadu,0
3050,51,2026-06-10,15:18:58.0000000,Withdrawal,1574.00,6,NULL,Success,Restaurant,Hyderabad,Telangana,0
3051,51,2026-09-12,06:05:24.0000000,Transfer,14452.00,4,NULL,Success,Grocery,Coimbatore,Tamil Nadu,0
3052,51,2025-12-15,20:51:50.0000000,Purchase,7580.00,2,10,Success,Travel,Mumbai,Maharashtra,0
3053,51,2026-03-19,11:38:16.0000000,Deposit,708.00,8,NULL,Success,Restaurant,Pune,Maharashtra,0
3054,51,2026-06-21,02:24:42.0000000,Payment,13586.00,6,NULL,Success,Grocery,Bengaluru,Karnataka,0
3055,51,2026-09-23,17:11:08.0000000,Withdrawal,6714.00,4,NULL,Success,Travel,Delhi,Delhi,0
3056,51,2025-12-26,07:57:34.0000000,Transfer,19592.00,2,2,Failed,Restaurant,Chennai,Tamil Nadu,0
3057,51,2026-03-30,22:44:00.0000000,Purchase,12720.00,8,NULL,Success,Grocery,Hyderabad,Telangana,0
3058,51,2026-07-02,13:30:26.0000000,Deposit,5848.00,6,NULL,Success,Travel,Coimbatore,Tamil Nadu,0
3059,51,2025-10-04,04:16:52.0000000,Payment,18726.00,4,NULL,Success,Restaurant,Mumbai,Maharashtra,0
3060,51,2026-01-06,19:03:18.0000000,Withdrawal,11854.00,2,6,Success,Grocery,Pune,Maharashtra,0
3061,51,2026-04-10,09:49:44.0000000,Transfer,4982.00,8,NULL,Success,Travel,Bengaluru,Karnataka,0
3062,51,2026-07-13,00:36:10.0000000,Purchase,17860.00,6,NULL,Success,Restaurant,Delhi,Delhi,0
3063,51,2025-10-15,15:22:36.0000000,Deposit,10988.00,4,NULL,Success,Grocery,Chennai,Tamil Nadu,0
3064,51,2026-01-17,06:09:02.0000000,Payment,4116.00,2,10,Success,Travel,Hyderabad,Telangana,0
3065,51,2026-04-21,20:55:28.0000000,Withdrawal,16994.00,8,NULL,Success,Restaurant,Coimbatore,Tamil Nadu,0
3066,51,2026-07-24,11:41:54.0000000,Transfer,10122.00,6,NULL,Pending,Grocery,Mumbai,Maharashtra,0
3067,51,2025-10-26,02:28:20.0000000,Purchase,3250.00,4,NULL,Success,Travel,Pune,Maharashtra,0
3068,51,2026-01-28,17:14:46.0000000,Deposit,16128.00,2,2,Success,Restaurant,Bengaluru,Karnataka,0
3069,51,2026-05-02,08:01:12.0000000,Payment,9256.00,8,NULL,Success,Grocery,Delhi,Delhi,0
3070,51,2026-08-04,22:47:38.0000000,Withdrawal,2384.00,6,NULL,Success,Travel,Chennai,Tamil Nadu,0
3071,51,2025-11-06,13:34:04.0000000,Transfer,15262.00,4,NULL,Success,Restaurant,Hyderabad,Telangana,1
3072,51,2026-02-08,04:20:30.0000000,Purchase,8390.00,2,6,Success,Grocery,Coimbatore,Tamil Nadu,0
3073,53,2025-11-19,11:47:11.0000000,Purchase,6963.00,1,1,Success,Fuel,Chennai,Tamil Nadu,0
3074,53,2026-02-21,02:33:37.0000000,Deposit,19841.00,7,NULL,Success,Healthcare,Hyderabad,Telangana,0
3075,53,2026-05-26,17:20:03.0000000,Payment,12969.00,5,NULL,Success,Electronics,Coimbatore,Tamil Nadu,0
3076,53,2026-08-28,08:06:29.0000000,Withdrawal,6097.00,3,7,Success,Fuel,Mumbai,Maharashtra,0
3077,53,2025-11-30,22:52:55.0000000,Transfer,18975.00,1,5,Success,Healthcare,Pune,Maharashtra,0
3078,53,2026-03-04,13:39:21.0000000,Purchase,12103.00,7,NULL,Success,Electronics,Bengaluru,Karnataka,0
3079,53,2026-06-06,04:25:47.0000000,Deposit,5231.00,5,NULL,Success,Fuel,Delhi,Delhi,0
3080,53,2026-09-08,19:12:13.0000000,Payment,18109.00,3,11,Success,Healthcare,Chennai,Tamil Nadu,0
3081,53,2025-12-11,09:58:39.0000000,Withdrawal,11237.00,1,9,Success,Electronics,Hyderabad,Telangana,0
3082,53,2026-03-15,00:45:05.0000000,Transfer,4365.00,7,NULL,Success,Fuel,Coimbatore,Tamil Nadu,0
3083,53,2026-06-17,15:31:31.0000000,Purchase,17243.00,5,NULL,Success,Healthcare,Mumbai,Maharashtra,0
3084,53,2026-09-19,06:17:57.0000000,Deposit,10371.00,3,3,Success,Electronics,Pune,Maharashtra,0
3085,53,2025-12-22,21:04:23.0000000,Payment,3499.00,1,1,Success,Fuel,Bengaluru,Karnataka,0
3086,53,2026-03-26,11:50:49.0000000,Withdrawal,76271.00,7,NULL,Success,Healthcare,Delhi,Delhi,0
3087,53,2026-06-28,02:37:15.0000000,Transfer,9505.00,5,NULL,Success,Electronics,Chennai,Tamil Nadu,0
3088,53,2026-09-30,17:23:41.0000000,Purchase,2633.00,3,7,Success,Fuel,Hyderabad,Telangana,0
3089,53,2026-01-02,08:10:07.0000000,Deposit,15511.00,1,5,Success,Healthcare,Coimbatore,Tamil Nadu,0
3090,53,2026-04-06,22:56:33.0000000,Payment,8639.00,7,NULL,Success,Electronics,Mumbai,Maharashtra,0
3091,53,2026-07-09,13:42:59.0000000,Withdrawal,1767.00,5,NULL,Success,Fuel,Pune,Maharashtra,0
3092,53,2025-10-11,04:29:25.0000000,Transfer,14645.00,3,11,Success,Healthcare,Bengaluru,Karnataka,0
3093,53,2026-01-13,19:15:51.0000000,Purchase,7773.00,1,9,Success,Electronics,Delhi,Delhi,0
3094,53,2026-04-17,10:02:17.0000000,Deposit,901.00,7,NULL,Success,Fuel,Chennai,Tamil Nadu,0
3095,53,2026-07-20,00:48:43.0000000,Payment,13779.00,5,NULL,Failed,Healthcare,Hyderabad,Telangana,0
3096,53,2025-10-22,15:35:09.0000000,Withdrawal,6907.00,3,3,Success,Electronics,Coimbatore,Tamil Nadu,0
3097,53,2026-01-24,06:21:35.0000000,Transfer,19785.00,1,1,Success,Fuel,Mumbai,Maharashtra,0
3098,53,2026-04-28,21:08:01.0000000,Purchase,12913.00,7,NULL,Success,Healthcare,Pune,Maharashtra,0
3099,53,2026-07-31,11:54:27.0000000,Deposit,6041.00,5,NULL,Success,Electronics,Bengaluru,Karnataka,0
3100,53,2025-11-02,02:40:53.0000000,Payment,18919.00,3,7,Success,Fuel,Delhi,Delhi,0
3101,53,2026-02-04,17:27:19.0000000,Withdrawal,12047.00,1,5,Success,Healthcare,Chennai,Tamil Nadu,0
3102,53,2026-05-09,08:13:45.0000000,Transfer,5175.00,7,NULL,Success,Electronics,Hyderabad,Telangana,0
3103,53,2026-08-11,23:00:11.0000000,Purchase,18053.00,5,NULL,Success,Fuel,Coimbatore,Tamil Nadu,0
3104,53,2025-11-13,13:46:37.0000000,Deposit,11181.00,3,11,Success,Healthcare,Mumbai,Maharashtra,0
3105,53,2026-02-15,04:33:03.0000000,Payment,4309.00,1,9,Success,Electronics,Pune,Maharashtra,0
3106,53,2026-05-20,19:19:29.0000000,Withdrawal,17187.00,7,NULL,Success,Fuel,Bengaluru,Karnataka,0
3107,53,2026-08-22,10:05:55.0000000,Transfer,10315.00,5,NULL,Success,Healthcare,Delhi,Delhi,0
3108,53,2025-11-24,00:52:21.0000000,Purchase,3443.00,3,3,Pending,Electronics,Chennai,Tamil Nadu,0
3109,53,2026-02-26,15:38:47.0000000,Deposit,16321.00,1,1,Success,Fuel,Hyderabad,Telangana,0
3110,53,2026-05-31,06:25:13.0000000,Payment,9449.00,7,NULL,Success,Healthcare,Coimbatore,Tamil Nadu,0
3111,53,2026-09-02,21:11:39.0000000,Withdrawal,2577.00,5,NULL,Reversed,Electronics,Mumbai,Maharashtra,0
3112,53,2025-12-05,11:58:05.0000000,Transfer,15455.00,3,7,Success,Fuel,Pune,Maharashtra,0
3113,53,2026-03-09,02:44:31.0000000,Purchase,8583.00,1,5,Success,Healthcare,Bengaluru,Karnataka,0
3114,53,2026-06-11,17:30:57.0000000,Deposit,1711.00,7,NULL,Success,Electronics,Delhi,Delhi,0
3115,53,2026-09-13,08:17:23.0000000,Payment,14589.00,5,NULL,Success,Fuel,Chennai,Tamil Nadu,0
3116,53,2025-12-16,23:03:49.0000000,Withdrawal,7717.00,3,11,Success,Healthcare,Hyderabad,Telangana,0
3117,53,2026-03-20,13:50:15.0000000,Transfer,845.00,1,9,Success,Electronics,Coimbatore,Tamil Nadu,0
3118,53,2026-06-22,04:36:41.0000000,Purchase,13723.00,7,NULL,Success,Fuel,Mumbai,Maharashtra,0
3119,53,2026-09-24,19:23:07.0000000,Deposit,6851.00,5,NULL,Success,Healthcare,Pune,Maharashtra,0
3120,53,2025-12-27,10:09:33.0000000,Payment,19729.00,3,3,Success,Electronics,Bengaluru,Karnataka,0
3121,53,2026-03-31,00:55:59.0000000,Withdrawal,12857.00,1,1,Success,Fuel,Delhi,Delhi,0
3122,53,2026-07-03,15:42:25.0000000,Transfer,5985.00,7,NULL,Success,Healthcare,Chennai,Tamil Nadu,0
3123,53,2025-10-05,06:28:51.0000000,Purchase,18863.00,5,NULL,Success,Electronics,Hyderabad,Telangana,0
3124,53,2026-01-07,21:15:17.0000000,Deposit,11991.00,3,7,Failed,Fuel,Coimbatore,Tamil Nadu,0
3125,53,2026-04-11,12:01:43.0000000,Payment,5119.00,1,5,Success,Healthcare,Mumbai,Maharashtra,0
3126,53,2026-07-14,02:48:09.0000000,Withdrawal,17997.00,7,NULL,Success,Electronics,Pune,Maharashtra,0
3127,53,2025-10-16,17:34:35.0000000,Transfer,80125.00,5,NULL,Success,Fuel,Bengaluru,Karnataka,0
3128,53,2026-01-18,08:21:01.0000000,Purchase,4253.00,3,11,Success,Healthcare,Delhi,Delhi,0
3129,53,2026-04-22,23:07:27.0000000,Deposit,17131.00,1,9,Success,Electronics,Chennai,Tamil Nadu,0
3130,53,2026-07-25,13:53:53.0000000,Payment,10259.00,7,NULL,Success,Fuel,Hyderabad,Telangana,0
3131,53,2025-10-27,04:40:19.0000000,Withdrawal,3387.00,5,NULL,Success,Healthcare,Coimbatore,Tamil Nadu,0
3132,53,2026-01-29,19:26:45.0000000,Transfer,16265.00,3,3,Success,Electronics,Mumbai,Maharashtra,0
3133,53,2026-05-03,10:13:11.0000000,Purchase,9393.00,1,1,Success,Fuel,Pune,Maharashtra,0
3134,53,2026-08-05,00:59:37.0000000,Deposit,2521.00,7,NULL,Success,Healthcare,Bengaluru,Karnataka,0
3135,53,2025-11-07,15:46:03.0000000,Payment,15399.00,5,NULL,Success,Electronics,Delhi,Delhi,0
3136,53,2026-02-09,06:32:29.0000000,Withdrawal,8527.00,3,7,Success,Fuel,Chennai,Tamil Nadu,0
3137,54,2025-11-20,13:59:10.0000000,Purchase,7100.00,2,2,Success,Restaurant,Bengaluru,Karnataka,0
3138,54,2026-02-22,04:45:36.0000000,Deposit,19978.00,8,NULL,Success,Grocery,Delhi,Delhi,0
3139,54,2026-05-27,19:32:02.0000000,Payment,13106.00,6,NULL,Success,Travel,Chennai,Tamil Nadu,0
3140,54,2026-08-29,10:18:28.0000000,Withdrawal,6234.00,4,NULL,Success,Restaurant,Hyderabad,Telangana,0
3141,54,2025-12-01,01:04:54.0000000,Transfer,19112.00,2,6,Reversed,Grocery,Coimbatore,Tamil Nadu,0
3142,54,2026-03-05,15:51:20.0000000,Purchase,12240.00,8,NULL,Success,Travel,Mumbai,Maharashtra,0
3143,54,2026-06-07,06:37:46.0000000,Deposit,5368.00,6,NULL,Success,Restaurant,Pune,Maharashtra,0
3144,54,2026-09-09,21:24:12.0000000,Payment,18246.00,4,NULL,Success,Grocery,Bengaluru,Karnataka,0
3145,54,2025-12-12,12:10:38.0000000,Withdrawal,11374.00,2,10,Success,Travel,Delhi,Delhi,0
3146,54,2026-03-16,02:57:04.0000000,Transfer,4502.00,8,NULL,Success,Restaurant,Chennai,Tamil Nadu,0
3147,54,2026-06-18,17:43:30.0000000,Purchase,17380.00,6,NULL,Success,Grocery,Hyderabad,Telangana,0
3148,54,2026-09-20,08:29:56.0000000,Deposit,10508.00,4,NULL,Success,Travel,Coimbatore,Tamil Nadu,0
3149,54,2025-12-23,23:16:22.0000000,Payment,3636.00,2,2,Success,Restaurant,Mumbai,Maharashtra,0
3150,54,2026-03-27,14:02:48.0000000,Withdrawal,16514.00,8,NULL,Pending,Grocery,Pune,Maharashtra,0
3151,54,2026-06-29,04:49:14.0000000,Transfer,9642.00,6,NULL,Success,Travel,Bengaluru,Karnataka,0
3152,54,2025-10-01,19:35:40.0000000,Purchase,2770.00,4,NULL,Success,Restaurant,Delhi,Delhi,0
3153,54,2026-01-03,10:22:06.0000000,Deposit,15648.00,2,6,Success,Grocery,Chennai,Tamil Nadu,0
3154,54,2026-04-07,01:08:32.0000000,Payment,8776.00,8,NULL,Success,Travel,Hyderabad,Telangana,0
3155,54,2026-07-10,15:54:58.0000000,Withdrawal,1904.00,6,NULL,Success,Restaurant,Coimbatore,Tamil Nadu,0
3156,54,2025-10-12,06:41:24.0000000,Transfer,14782.00,4,NULL,Success,Grocery,Mumbai,Maharashtra,0
3157,54,2026-01-14,21:27:50.0000000,Purchase,7910.00,2,10,Success,Travel,Pune,Maharashtra,0
3158,54,2026-04-18,12:14:16.0000000,Deposit,1038.00,8,NULL,Success,Restaurant,Bengaluru,Karnataka,0
3159,54,2026-07-21,03:00:42.0000000,Payment,13916.00,6,NULL,Success,Grocery,Delhi,Delhi,0
3160,54,2025-10-23,17:47:08.0000000,Withdrawal,7044.00,4,NULL,Success,Travel,Chennai,Tamil Nadu,0
3161,54,2026-01-25,08:33:34.0000000,Transfer,19922.00,2,2,Success,Restaurant,Hyderabad,Telangana,0
3162,54,2026-04-29,23:20:00.0000000,Purchase,13050.00,8,NULL,Success,Grocery,Coimbatore,Tamil Nadu,0
3163,54,2026-08-01,14:06:26.0000000,Deposit,6178.00,6,NULL,Failed,Travel,Mumbai,Maharashtra,0
3164,54,2025-11-03,04:52:52.0000000,Payment,19056.00,4,NULL,Success,Restaurant,Pune,Maharashtra,0
3165,54,2026-02-05,19:39:18.0000000,Withdrawal,12184.00,2,6,Success,Grocery,Bengaluru,Karnataka,0
3166,54,2026-05-10,10:25:44.0000000,Transfer,5312.00,8,NULL,Success,Travel,Delhi,Delhi,0
3167,54,2026-08-12,01:12:10.0000000,Purchase,77870.00,6,NULL,Success,Restaurant,Chennai,Tamil Nadu,0
3168,54,2025-11-14,15:58:36.0000000,Deposit,11318.00,4,NULL,Success,Grocery,Hyderabad,Telangana,0
3169,54,2026-02-16,06:45:02.0000000,Payment,4446.00,2,10,Success,Travel,Coimbatore,Tamil Nadu,0
3170,54,2026-05-21,21:31:28.0000000,Withdrawal,17324.00,8,NULL,Success,Restaurant,Mumbai,Maharashtra,0
3171,54,2026-08-23,12:17:54.0000000,Transfer,10452.00,6,NULL,Success,Grocery,Pune,Maharashtra,0
3172,54,2025-11-25,03:04:20.0000000,Purchase,3580.00,4,NULL,Success,Travel,Bengaluru,Karnataka,0
3173,54,2026-02-27,17:50:46.0000000,Deposit,16458.00,2,2,Success,Restaurant,Delhi,Delhi,0
3174,54,2026-06-01,08:37:12.0000000,Payment,9586.00,8,NULL,Success,Grocery,Chennai,Tamil Nadu,0
3175,54,2026-09-03,23:23:38.0000000,Withdrawal,2714.00,6,NULL,Success,Travel,Hyderabad,Telangana,0
3176,54,2025-12-06,14:10:04.0000000,Transfer,15592.00,4,NULL,Success,Restaurant,Coimbatore,Tamil Nadu,0
3177,54,2026-03-10,04:56:30.0000000,Purchase,8720.00,2,6,Success,Grocery,Mumbai,Maharashtra,0
3178,54,2026-06-12,19:42:56.0000000,Deposit,1848.00,8,NULL,Success,Travel,Pune,Maharashtra,0
3179,54,2026-09-14,10:29:22.0000000,Payment,14726.00,6,NULL,Success,Restaurant,Bengaluru,Karnataka,0
3180,54,2025-12-17,01:15:48.0000000,Withdrawal,7854.00,4,NULL,Success,Grocery,Delhi,Delhi,0
3181,54,2026-03-21,16:02:14.0000000,Transfer,982.00,2,10,Success,Travel,Chennai,Tamil Nadu,0
3182,54,2026-06-23,06:48:40.0000000,Purchase,13860.00,8,NULL,Success,Restaurant,Hyderabad,Telangana,0
3183,54,2026-09-25,21:35:06.0000000,Deposit,6988.00,6,NULL,Success,Grocery,Coimbatore,Tamil Nadu,0
3184,54,2025-12-28,12:21:32.0000000,Payment,19866.00,4,NULL,Success,Travel,Mumbai,Maharashtra,0
3185,54,2026-04-01,03:07:58.0000000,Withdrawal,12994.00,2,2,Success,Restaurant,Pune,Maharashtra,0
3186,54,2026-07-04,17:54:24.0000000,Transfer,154656.00,8,NULL,Success,Grocery,Bengaluru,Karnataka,0
3187,54,2025-10-06,08:40:50.0000000,Purchase,19000.00,6,NULL,Success,Travel,Delhi,Delhi,0
3188,54,2026-01-08,23:27:16.0000000,Deposit,12128.00,4,NULL,Success,Restaurant,Chennai,Tamil Nadu,0
3189,54,2026-04-12,14:13:42.0000000,Payment,5256.00,2,6,Success,Grocery,Hyderabad,Telangana,0
3190,54,2026-07-15,05:00:08.0000000,Withdrawal,18134.00,8,NULL,Success,Travel,Coimbatore,Tamil Nadu,0
3191,54,2025-10-17,19:46:34.0000000,Transfer,11262.00,6,NULL,Success,Restaurant,Mumbai,Maharashtra,0
3192,54,2026-01-19,10:33:00.0000000,Purchase,4390.00,4,NULL,Failed,Grocery,Pune,Maharashtra,0
3193,54,2026-04-23,01:19:26.0000000,Deposit,17268.00,2,10,Success,Travel,Bengaluru,Karnataka,0
3194,54,2026-07-26,16:05:52.0000000,Payment,10396.00,8,NULL,Success,Restaurant,Delhi,Delhi,0
3195,54,2025-10-28,06:52:18.0000000,Withdrawal,3524.00,6,NULL,Success,Grocery,Chennai,Tamil Nadu,0
3196,54,2026-01-30,21:38:44.0000000,Transfer,16402.00,4,NULL,Success,Travel,Hyderabad,Telangana,0
3197,54,2026-05-04,12:25:10.0000000,Purchase,9530.00,2,2,Success,Restaurant,Coimbatore,Tamil Nadu,0
3198,54,2026-08-06,03:11:36.0000000,Deposit,2658.00,8,NULL,Success,Grocery,Mumbai,Maharashtra,0
3199,54,2025-11-08,17:58:02.0000000,Payment,15536.00,6,NULL,Success,Travel,Pune,Maharashtra,0
3200,54,2026-02-10,08:44:28.0000000,Withdrawal,8664.00,4,NULL,Success,Restaurant,Bengaluru,Karnataka,0
3201,55,2025-11-21,16:11:09.0000000,Withdrawal,7237.00,3,3,Success,Electronics,Mumbai,Maharashtra,0
3202,55,2026-02-23,06:57:35.0000000,Transfer,365.00,1,1,Failed,Fuel,Pune,Maharashtra,0
3203,55,2026-05-28,21:44:01.0000000,Purchase,13243.00,7,NULL,Success,Healthcare,Bengaluru,Karnataka,0
3204,55,2026-08-30,12:30:27.0000000,Deposit,6371.00,5,NULL,Success,Electronics,Delhi,Delhi,0
3205,55,2025-12-02,03:16:53.0000000,Payment,19249.00,3,7,Success,Fuel,Chennai,Tamil Nadu,0
3206,55,2026-03-06,18:03:19.0000000,Withdrawal,12377.00,1,5,Success,Healthcare,Hyderabad,Telangana,0
3207,55,2026-06-08,08:49:45.0000000,Transfer,75615.00,7,NULL,Success,Electronics,Coimbatore,Tamil Nadu,0
3208,55,2026-09-10,23:36:11.0000000,Purchase,18383.00,5,NULL,Success,Fuel,Mumbai,Maharashtra,0
3209,55,2025-12-13,14:22:37.0000000,Deposit,11511.00,3,11,Success,Healthcare,Pune,Maharashtra,0
3210,55,2026-03-17,05:09:03.0000000,Payment,4639.00,1,9,Success,Electronics,Bengaluru,Karnataka,0
3211,55,2026-06-19,19:55:29.0000000,Withdrawal,17517.00,7,NULL,Success,Fuel,Delhi,Delhi,0
3212,55,2026-09-21,10:41:55.0000000,Transfer,10645.00,5,NULL,Success,Healthcare,Chennai,Tamil Nadu,0
3213,55,2025-12-24,01:28:21.0000000,Purchase,3773.00,3,3,Success,Electronics,Hyderabad,Telangana,0
3214,55,2026-03-28,16:14:47.0000000,Deposit,16651.00,1,1,Success,Fuel,Coimbatore,Tamil Nadu,0
3215,55,2026-06-30,07:01:13.0000000,Payment,9779.00,7,NULL,Success,Healthcare,Mumbai,Maharashtra,0
3216,55,2025-10-02,21:47:39.0000000,Withdrawal,2907.00,5,NULL,Success,Electronics,Pune,Maharashtra,0
3217,55,2026-01-04,12:34:05.0000000,Transfer,15785.00,3,7,Success,Fuel,Bengaluru,Karnataka,0
3218,55,2026-04-08,03:20:31.0000000,Purchase,151649.00,1,5,Success,Healthcare,Delhi,Delhi,0
3219,55,2026-07-11,18:06:57.0000000,Deposit,2041.00,7,NULL,Success,Electronics,Chennai,Tamil Nadu,0
3220,55,2025-10-13,08:53:23.0000000,Payment,14919.00,5,NULL,Success,Fuel,Hyderabad,Telangana,0
3221,55,2026-01-15,23:39:49.0000000,Withdrawal,8047.00,3,11,Success,Healthcare,Coimbatore,Tamil Nadu,0
3222,55,2026-04-19,14:26:15.0000000,Transfer,1175.00,1,9,Success,Electronics,Mumbai,Maharashtra,0
3223,55,2026-07-22,05:12:41.0000000,Purchase,14053.00,7,NULL,Success,Fuel,Pune,Maharashtra,0
3224,55,2025-10-24,19:59:07.0000000,Deposit,7181.00,5,NULL,Success,Healthcare,Bengaluru,Karnataka,0
3225,55,2026-01-26,10:45:33.0000000,Payment,309.00,3,3,Success,Electronics,Delhi,Delhi,0
3226,55,2026-04-30,01:31:59.0000000,Withdrawal,13187.00,1,1,Success,Fuel,Chennai,Tamil Nadu,0
3227,55,2026-08-02,16:18:25.0000000,Transfer,6315.00,7,NULL,Success,Healthcare,Hyderabad,Telangana,0
3228,55,2025-11-04,07:04:51.0000000,Purchase,19193.00,5,NULL,Success,Electronics,Coimbatore,Tamil Nadu,0
3229,55,2026-02-06,21:51:17.0000000,Deposit,12321.00,3,7,Success,Fuel,Mumbai,Maharashtra,0
3230,55,2026-05-11,12:37:43.0000000,Payment,5449.00,1,5,Success,Healthcare,Pune,Maharashtra,0
3231,55,2026-08-13,03:24:09.0000000,Withdrawal,18327.00,7,NULL,Failed,Electronics,Bengaluru,Karnataka,0
3232,55,2025-11-15,18:10:35.0000000,Transfer,11455.00,5,NULL,Success,Fuel,Delhi,Delhi,0
3233,55,2026-02-17,08:57:01.0000000,Purchase,4583.00,3,11,Success,Healthcare,Chennai,Tamil Nadu,0
3234,55,2026-05-22,23:43:27.0000000,Deposit,17461.00,1,9,Success,Electronics,Hyderabad,Telangana,0
3235,55,2026-08-24,14:29:53.0000000,Payment,10589.00,7,NULL,Success,Fuel,Coimbatore,Tamil Nadu,0
3236,55,2025-11-26,05:16:19.0000000,Withdrawal,3717.00,5,NULL,Success,Healthcare,Mumbai,Maharashtra,0
3237,55,2026-02-28,20:02:45.0000000,Transfer,16595.00,3,3,Success,Electronics,Pune,Maharashtra,0
3238,55,2026-06-02,10:49:11.0000000,Purchase,9723.00,1,1,Success,Fuel,Bengaluru,Karnataka,0
3239,55,2026-09-04,01:35:37.0000000,Deposit,2851.00,7,NULL,Success,Healthcare,Delhi,Delhi,0
3240,55,2025-12-07,16:22:03.0000000,Payment,15729.00,5,NULL,Success,Electronics,Chennai,Tamil Nadu,0
3241,55,2026-03-11,07:08:29.0000000,Withdrawal,8857.00,3,7,Success,Fuel,Hyderabad,Telangana,0
3242,55,2026-06-13,21:54:55.0000000,Transfer,1985.00,1,5,Reversed,Healthcare,Coimbatore,Tamil Nadu,0
3243,55,2026-09-15,12:41:21.0000000,Purchase,14863.00,7,NULL,Success,Electronics,Mumbai,Maharashtra,0
3244,55,2025-12-18,03:27:47.0000000,Deposit,7991.00,5,NULL,Success,Fuel,Pune,Maharashtra,0
3245,55,2026-03-22,18:14:13.0000000,Payment,1119.00,3,11,Pending,Healthcare,Bengaluru,Karnataka,0
3246,55,2026-06-24,09:00:39.0000000,Withdrawal,13997.00,1,9,Success,Electronics,Delhi,Delhi,0
3247,55,2026-09-26,23:47:05.0000000,Transfer,7125.00,7,NULL,Success,Fuel,Chennai,Tamil Nadu,0
3248,55,2025-12-29,14:33:31.0000000,Purchase,79469.00,5,NULL,Success,Healthcare,Hyderabad,Telangana,0
3249,55,2026-04-02,05:19:57.0000000,Deposit,13131.00,3,3,Success,Electronics,Coimbatore,Tamil Nadu,0
3250,55,2026-07-05,20:06:23.0000000,Payment,6259.00,1,1,Success,Fuel,Mumbai,Maharashtra,0
3251,55,2025-10-07,10:52:49.0000000,Withdrawal,19137.00,7,NULL,Success,Healthcare,Pune,Maharashtra,0
3252,55,2026-01-09,01:39:15.0000000,Transfer,12265.00,5,NULL,Success,Electronics,Bengaluru,Karnataka,0
3253,55,2026-04-13,16:25:41.0000000,Purchase,5393.00,3,7,Success,Fuel,Delhi,Delhi,0
3254,55,2026-07-16,07:12:07.0000000,Deposit,18271.00,1,5,Success,Healthcare,Chennai,Tamil Nadu,0
3255,55,2025-10-18,21:58:33.0000000,Payment,11399.00,7,NULL,Success,Electronics,Hyderabad,Telangana,0
3256,55,2026-01-20,12:44:59.0000000,Withdrawal,4527.00,5,NULL,Success,Fuel,Coimbatore,Tamil Nadu,0
3257,55,2026-04-24,03:31:25.0000000,Transfer,17405.00,3,11,Success,Healthcare,Mumbai,Maharashtra,0
3258,55,2026-07-27,18:17:51.0000000,Purchase,10533.00,1,9,Success,Electronics,Pune,Maharashtra,0
3259,55,2025-10-29,09:04:17.0000000,Deposit,3661.00,7,NULL,Success,Fuel,Bengaluru,Karnataka,0
3260,55,2026-01-31,23:50:43.0000000,Payment,16539.00,5,NULL,Failed,Healthcare,Delhi,Delhi,0
3261,55,2026-05-05,14:37:09.0000000,Withdrawal,9667.00,3,3,Success,Electronics,Chennai,Tamil Nadu,0
3262,55,2026-08-07,05:23:35.0000000,Transfer,2795.00,1,1,Success,Fuel,Hyderabad,Telangana,0
3263,55,2025-11-09,20:10:01.0000000,Purchase,15673.00,7,NULL,Success,Healthcare,Coimbatore,Tamil Nadu,0
3264,55,2026-02-11,10:56:27.0000000,Deposit,8801.00,5,NULL,Success,Electronics,Mumbai,Maharashtra,0
3265,56,2025-11-22,18:23:08.0000000,Withdrawal,7374.00,4,NULL,Success,Travel,Hyderabad,Telangana,0
3266,56,2026-02-24,09:09:34.0000000,Transfer,502.00,2,2,Success,Restaurant,Coimbatore,Tamil Nadu,0
3267,56,2026-05-29,23:56:00.0000000,Purchase,13380.00,8,NULL,Success,Grocery,Mumbai,Maharashtra,0
3268,56,2026-08-31,14:42:26.0000000,Deposit,6508.00,6,NULL,Success,Travel,Pune,Maharashtra,0
3269,56,2025-12-03,05:28:52.0000000,Payment,19386.00,4,NULL,Success,Restaurant,Bengaluru,Karnataka,0
3270,56,2026-03-07,20:15:18.0000000,Withdrawal,12514.00,2,6,Failed,Grocery,Delhi,Delhi,0
3271,56,2026-06-09,11:01:44.0000000,Transfer,5642.00,8,NULL,Success,Travel,Chennai,Tamil Nadu,0
3272,56,2026-09-11,01:48:10.0000000,Purchase,18520.00,6,NULL,Reversed,Restaurant,Hyderabad,Telangana,0
3273,56,2025-12-14,16:34:36.0000000,Deposit,11648.00,4,NULL,Success,Grocery,Coimbatore,Tamil Nadu,0
3274,56,2026-03-18,07:21:02.0000000,Payment,4776.00,2,10,Success,Travel,Mumbai,Maharashtra,0
3275,56,2026-06-20,22:07:28.0000000,Withdrawal,17654.00,8,NULL,Success,Restaurant,Pune,Maharashtra,0
3276,56,2026-09-22,12:53:54.0000000,Transfer,10782.00,6,NULL,Success,Grocery,Bengaluru,Karnataka,0
3277,56,2025-12-25,03:40:20.0000000,Purchase,3910.00,4,NULL,Success,Travel,Delhi,Delhi,0
3278,56,2026-03-29,18:26:46.0000000,Deposit,16788.00,2,2,Success,Restaurant,Chennai,Tamil Nadu,0
3279,56,2026-07-01,09:13:12.0000000,Payment,9916.00,8,NULL,Success,Grocery,Hyderabad,Telangana,0
3280,56,2025-10-03,23:59:38.0000000,Withdrawal,3044.00,6,NULL,Success,Travel,Coimbatore,Tamil Nadu,0
3281,56,2026-01-05,14:46:04.0000000,Transfer,15922.00,4,NULL,Success,Restaurant,Mumbai,Maharashtra,0
3282,56,2026-04-09,05:32:30.0000000,Purchase,9050.00,2,6,Success,Grocery,Pune,Maharashtra,0
3283,56,2026-07-12,20:18:56.0000000,Deposit,2178.00,8,NULL,Success,Travel,Bengaluru,Karnataka,0
3284,56,2025-10-14,11:05:22.0000000,Payment,15056.00,6,NULL,Success,Restaurant,Delhi,Delhi,0
3285,56,2026-01-16,01:51:48.0000000,Withdrawal,8184.00,4,NULL,Success,Grocery,Chennai,Tamil Nadu,0
3286,56,2026-04-20,16:38:14.0000000,Transfer,1312.00,2,10,Success,Travel,Hyderabad,Telangana,0
3287,56,2026-07-23,07:24:40.0000000,Purchase,14190.00,8,NULL,Pending,Restaurant,Coimbatore,Tamil Nadu,0
3288,56,2025-10-25,22:11:06.0000000,Deposit,77214.00,6,NULL,Success,Grocery,Mumbai,Maharashtra,0
3289,56,2026-01-27,12:57:32.0000000,Payment,446.00,4,NULL,Success,Travel,Pune,Maharashtra,0
3290,56,2026-05-01,03:43:58.0000000,Withdrawal,13324.00,2,2,Success,Restaurant,Bengaluru,Karnataka,0
3291,56,2026-08-03,18:30:24.0000000,Transfer,6452.00,8,NULL,Success,Grocery,Delhi,Delhi,0
3292,56,2025-11-05,09:16:50.0000000,Purchase,19330.00,6,NULL,Success,Travel,Chennai,Tamil Nadu,0
3293,56,2026-02-07,00:03:16.0000000,Deposit,12458.00,4,NULL,Success,Restaurant,Hyderabad,Telangana,0
3294,56,2026-05-12,14:49:42.0000000,Payment,5586.00,2,6,Success,Grocery,Coimbatore,Tamil Nadu,0
3295,56,2026-08-14,05:36:08.0000000,Withdrawal,18464.00,8,NULL,Success,Travel,Mumbai,Maharashtra,0
3296,56,2025-11-16,20:22:34.0000000,Transfer,11592.00,6,NULL,Success,Restaurant,Pune,Maharashtra,0
3297,56,2026-02-18,11:09:00.0000000,Purchase,4720.00,4,NULL,Success,Grocery,Bengaluru,Karnataka,0
3298,56,2026-05-23,01:55:26.0000000,Deposit,17598.00,2,10,Success,Travel,Delhi,Delhi,0
3299,56,2026-08-25,16:41:52.0000000,Payment,10726.00,8,NULL,Failed,Restaurant,Chennai,Tamil Nadu,0
3300,56,2025-11-27,07:28:18.0000000,Withdrawal,3854.00,6,NULL,Success,Grocery,Hyderabad,Telangana,0
3301,56,2026-03-01,22:14:44.0000000,Transfer,16732.00,4,NULL,Success,Travel,Coimbatore,Tamil Nadu,0
3302,56,2026-06-03,13:01:10.0000000,Purchase,9860.00,2,2,Success,Restaurant,Mumbai,Maharashtra,0
3303,56,2026-09-05,03:47:36.0000000,Deposit,2988.00,8,NULL,Success,Grocery,Pune,Maharashtra,0
3304,56,2025-12-08,18:34:02.0000000,Payment,15866.00,6,NULL,Success,Travel,Bengaluru,Karnataka,0
3305,56,2026-03-12,09:20:28.0000000,Withdrawal,8994.00,4,NULL,Success,Restaurant,Delhi,Delhi,0
3306,56,2026-06-14,00:06:54.0000000,Transfer,2122.00,2,6,Success,Grocery,Chennai,Tamil Nadu,0
3307,56,2026-09-16,14:53:20.0000000,Purchase,15000.00,8,NULL,Success,Travel,Hyderabad,Telangana,0
3308,56,2025-12-19,05:39:46.0000000,Deposit,8128.00,6,NULL,Success,Restaurant,Coimbatore,Tamil Nadu,0
3309,56,2026-03-23,20:26:12.0000000,Payment,1256.00,4,NULL,Success,Grocery,Mumbai,Maharashtra,0
3310,56,2026-06-25,11:12:38.0000000,Withdrawal,14134.00,2,10,Success,Travel,Pune,Maharashtra,0
3311,56,2026-09-27,01:59:04.0000000,Transfer,7262.00,8,NULL,Success,Restaurant,Bengaluru,Karnataka,0
3312,56,2025-12-30,16:45:30.0000000,Purchase,390.00,6,NULL,Success,Grocery,Delhi,Delhi,0
3313,56,2026-04-03,07:31:56.0000000,Deposit,13268.00,4,NULL,Success,Travel,Chennai,Tamil Nadu,0
3314,56,2026-07-06,22:18:22.0000000,Payment,6396.00,2,2,Success,Restaurant,Hyderabad,Telangana,0
3315,56,2025-10-08,13:04:48.0000000,Withdrawal,19274.00,8,NULL,Success,Grocery,Coimbatore,Tamil Nadu,0
3316,56,2026-01-10,03:51:14.0000000,Transfer,12402.00,6,NULL,Success,Travel,Mumbai,Maharashtra,0
3317,56,2026-04-14,18:37:40.0000000,Purchase,5530.00,4,NULL,Success,Restaurant,Pune,Maharashtra,0
3318,56,2026-07-17,09:24:06.0000000,Deposit,18408.00,2,6,Success,Grocery,Bengaluru,Karnataka,0
3319,56,2025-10-19,00:10:32.0000000,Payment,11536.00,8,NULL,Success,Travel,Delhi,Delhi,0
3320,56,2026-01-21,14:56:58.0000000,Withdrawal,4664.00,6,NULL,Success,Restaurant,Chennai,Tamil Nadu,0
3321,56,2026-04-25,05:43:24.0000000,Transfer,17542.00,4,NULL,Success,Grocery,Hyderabad,Telangana,0
3322,56,2026-07-28,20:29:50.0000000,Purchase,10670.00,2,10,Success,Travel,Coimbatore,Tamil Nadu,0
3323,56,2025-10-30,11:16:16.0000000,Deposit,3798.00,8,NULL,Success,Restaurant,Mumbai,Maharashtra,0
3324,56,2026-02-01,02:02:42.0000000,Payment,16676.00,6,NULL,Success,Grocery,Pune,Maharashtra,0
3325,56,2026-05-06,16:49:08.0000000,Withdrawal,9804.00,4,NULL,Success,Travel,Bengaluru,Karnataka,0
3326,56,2026-08-08,07:35:34.0000000,Transfer,2932.00,2,2,Success,Restaurant,Delhi,Delhi,0
3327,56,2025-11-10,22:22:00.0000000,Purchase,15810.00,8,NULL,Success,Grocery,Chennai,Tamil Nadu,0
3328,56,2026-02-12,13:08:26.0000000,Deposit,8938.00,6,NULL,Failed,Travel,Hyderabad,Telangana,0
3329,57,2025-11-23,20:35:07.0000000,Deposit,7511.00,5,NULL,Pending,Healthcare,Delhi,Delhi,0
3330,57,2026-02-25,11:21:33.0000000,Payment,639.00,3,3,Success,Electronics,Chennai,Tamil Nadu,0
3331,57,2026-05-30,02:07:59.0000000,Withdrawal,13517.00,1,1,Success,Fuel,Hyderabad,Telangana,0
3332,57,2026-09-01,16:54:25.0000000,Transfer,6645.00,7,NULL,Success,Healthcare,Coimbatore,Tamil Nadu,0
3333,57,2025-12-04,07:40:51.0000000,Purchase,19523.00,5,NULL,Success,Electronics,Mumbai,Maharashtra,0
3334,57,2026-03-08,22:27:17.0000000,Deposit,12651.00,3,7,Success,Fuel,Pune,Maharashtra,0
3335,57,2026-06-10,13:13:43.0000000,Payment,5779.00,1,5,Success,Healthcare,Bengaluru,Karnataka,0
3336,57,2026-09-12,04:00:09.0000000,Withdrawal,18657.00,7,NULL,Success,Electronics,Delhi,Delhi,0
3337,57,2025-12-15,18:46:35.0000000,Transfer,11785.00,5,NULL,Success,Fuel,Chennai,Tamil Nadu,0
3338,57,2026-03-19,09:33:01.0000000,Purchase,4913.00,3,11,Failed,Healthcare,Hyderabad,Telangana,0
3339,57,2026-06-21,00:19:27.0000000,Deposit,17791.00,1,9,Success,Electronics,Coimbatore,Tamil Nadu,0
3340,57,2026-09-23,15:05:53.0000000,Payment,10919.00,7,NULL,Success,Fuel,Mumbai,Maharashtra,0
3341,57,2025-12-26,05:52:19.0000000,Withdrawal,4047.00,5,NULL,Success,Healthcare,Pune,Maharashtra,0
3342,57,2026-03-30,20:38:45.0000000,Transfer,16925.00,3,3,Success,Electronics,Bengaluru,Karnataka,0
3343,57,2026-07-02,11:25:11.0000000,Purchase,10053.00,1,1,Success,Fuel,Delhi,Delhi,0
3344,57,2025-10-04,02:11:37.0000000,Deposit,3181.00,7,NULL,Success,Healthcare,Chennai,Tamil Nadu,0
3345,57,2026-01-06,16:58:03.0000000,Payment,16059.00,5,NULL,Success,Electronics,Hyderabad,Telangana,0
3346,57,2026-04-10,07:44:29.0000000,Withdrawal,9187.00,3,7,Success,Fuel,Coimbatore,Tamil Nadu,0
3347,57,2026-07-13,22:30:55.0000000,Transfer,2315.00,1,5,Success,Healthcare,Mumbai,Maharashtra,0
3348,57,2025-10-15,13:17:21.0000000,Purchase,15193.00,7,NULL,Success,Electronics,Pune,Maharashtra,0
3349,57,2026-01-17,04:03:47.0000000,Deposit,8321.00,5,NULL,Success,Fuel,Bengaluru,Karnataka,0
3350,57,2026-04-21,18:50:13.0000000,Payment,1449.00,3,11,Success,Healthcare,Delhi,Delhi,0
3351,57,2026-07-24,09:36:39.0000000,Withdrawal,14327.00,1,9,Success,Electronics,Chennai,Tamil Nadu,0
3352,57,2025-10-26,00:23:05.0000000,Transfer,7455.00,7,NULL,Success,Fuel,Hyderabad,Telangana,0
3353,57,2026-01-28,15:09:31.0000000,Purchase,583.00,5,NULL,Success,Healthcare,Coimbatore,Tamil Nadu,0
3354,57,2026-05-02,05:55:57.0000000,Deposit,13461.00,3,3,Success,Electronics,Mumbai,Maharashtra,0
3355,57,2026-08-04,20:42:23.0000000,Payment,6589.00,1,1,Success,Fuel,Pune,Maharashtra,0
3356,57,2025-11-06,11:28:49.0000000,Withdrawal,19467.00,7,NULL,Success,Healthcare,Bengaluru,Karnataka,0
3357,57,2026-02-08,02:15:15.0000000,Transfer,12595.00,5,NULL,Success,Electronics,Delhi,Delhi,0
3358,57,2026-05-13,17:01:41.0000000,Purchase,5723.00,3,7,Success,Fuel,Chennai,Tamil Nadu,0
3359,57,2026-08-15,07:48:07.0000000,Deposit,18601.00,1,5,Success,Healthcare,Hyderabad,Telangana,0
3360,57,2025-11-17,22:34:33.0000000,Payment,11729.00,7,NULL,Success,Electronics,Coimbatore,Tamil Nadu,0
3361,57,2026-02-19,13:20:59.0000000,Withdrawal,4857.00,5,NULL,Success,Fuel,Mumbai,Maharashtra,0
3362,57,2026-05-24,04:07:25.0000000,Transfer,17735.00,3,11,Success,Healthcare,Pune,Maharashtra,0
3363,57,2026-08-26,18:53:51.0000000,Purchase,10863.00,1,9,Success,Electronics,Bengaluru,Karnataka,0
3364,57,2025-11-28,09:40:17.0000000,Deposit,3991.00,7,NULL,Success,Fuel,Delhi,Delhi,0
3365,57,2026-03-02,00:26:43.0000000,Payment,16869.00,5,NULL,Success,Healthcare,Chennai,Tamil Nadu,0
3366,57,2026-06-04,15:13:09.0000000,Withdrawal,9997.00,3,3,Success,Electronics,Hyderabad,Telangana,0
3367,57,2026-09-06,05:59:35.0000000,Transfer,3125.00,1,1,Failed,Fuel,Coimbatore,Tamil Nadu,0
3368,57,2025-12-09,20:46:01.0000000,Purchase,16003.00,7,NULL,Success,Healthcare,Mumbai,Maharashtra,0
3369,57,2026-03-13,11:32:27.0000000,Deposit,78813.00,5,NULL,Success,Electronics,Pune,Maharashtra,0
3370,57,2026-06-15,02:18:53.0000000,Payment,2259.00,3,7,Success,Fuel,Bengaluru,Karnataka,0
3371,57,2026-09-17,17:05:19.0000000,Withdrawal,15137.00,1,5,Success,Healthcare,Delhi,Delhi,0
3372,57,2025-12-20,07:51:45.0000000,Transfer,8265.00,7,NULL,Success,Electronics,Chennai,Tamil Nadu,0
3373,57,2026-03-24,22:38:11.0000000,Purchase,1393.00,5,NULL,Reversed,Fuel,Hyderabad,Telangana,0
3374,57,2026-06-26,13:24:37.0000000,Deposit,14271.00,3,11,Success,Healthcare,Coimbatore,Tamil Nadu,0
3375,57,2026-09-28,04:11:03.0000000,Payment,7399.00,1,9,Success,Electronics,Mumbai,Maharashtra,0
3376,57,2025-12-31,18:57:29.0000000,Withdrawal,527.00,7,NULL,Success,Fuel,Pune,Maharashtra,0
3377,57,2026-04-04,09:43:55.0000000,Transfer,13405.00,5,NULL,Success,Healthcare,Bengaluru,Karnataka,0
3378,57,2026-07-07,00:30:21.0000000,Purchase,6533.00,3,3,Success,Electronics,Delhi,Delhi,0
3379,57,2025-10-09,15:16:47.0000000,Deposit,154753.00,1,1,Success,Fuel,Chennai,Tamil Nadu,0
3380,57,2026-01-11,06:03:13.0000000,Payment,12539.00,7,NULL,Success,Healthcare,Hyderabad,Telangana,0
3381,57,2026-04-15,20:49:39.0000000,Withdrawal,5667.00,5,NULL,Success,Electronics,Coimbatore,Tamil Nadu,0
3382,57,2026-07-18,11:36:05.0000000,Transfer,18545.00,3,7,Pending,Fuel,Mumbai,Maharashtra,0
3383,57,2025-10-20,02:22:31.0000000,Purchase,11673.00,1,5,Success,Healthcare,Pune,Maharashtra,0
3384,57,2026-01-22,17:08:57.0000000,Deposit,4801.00,7,NULL,Success,Electronics,Bengaluru,Karnataka,0
3385,57,2026-04-26,07:55:23.0000000,Payment,17679.00,5,NULL,Success,Fuel,Delhi,Delhi,0
3386,57,2026-07-29,22:41:49.0000000,Withdrawal,10807.00,3,11,Success,Healthcare,Chennai,Tamil Nadu,0
3387,57,2025-10-31,13:28:15.0000000,Transfer,3935.00,1,9,Success,Electronics,Hyderabad,Telangana,0
3388,57,2026-02-02,04:14:41.0000000,Purchase,16813.00,7,NULL,Success,Fuel,Coimbatore,Tamil Nadu,0
3389,57,2026-05-07,19:01:07.0000000,Deposit,9941.00,5,NULL,Success,Healthcare,Mumbai,Maharashtra,0
3390,57,2026-08-09,09:47:33.0000000,Payment,3069.00,3,3,Success,Electronics,Pune,Maharashtra,0
3391,57,2025-11-11,00:33:59.0000000,Withdrawal,15947.00,1,1,Success,Fuel,Bengaluru,Karnataka,0
3392,57,2026-02-13,15:20:25.0000000,Transfer,9075.00,7,NULL,Success,Healthcare,Delhi,Delhi,0
3393,58,2025-11-24,22:47:06.0000000,Deposit,7648.00,6,NULL,Success,Grocery,Pune,Maharashtra,0
3394,58,2026-02-26,13:33:32.0000000,Payment,776.00,4,NULL,Success,Travel,Bengaluru,Karnataka,0
3395,58,2026-05-31,04:19:58.0000000,Withdrawal,13654.00,2,2,Success,Restaurant,Delhi,Delhi,0
3396,58,2026-09-02,19:06:24.0000000,Transfer,6782.00,8,NULL,Success,Grocery,Chennai,Tamil Nadu,0
3397,58,2025-12-05,09:52:50.0000000,Purchase,19660.00,6,NULL,Success,Travel,Hyderabad,Telangana,0
3398,58,2026-03-09,00:39:16.0000000,Deposit,12788.00,4,NULL,Success,Restaurant,Coimbatore,Tamil Nadu,0
3399,58,2026-06-11,15:25:42.0000000,Payment,5916.00,2,6,Success,Grocery,Mumbai,Maharashtra,0
3400,58,2026-09-13,06:12:08.0000000,Withdrawal,18794.00,8,NULL,Success,Travel,Pune,Maharashtra,0
3401,58,2025-12-16,20:58:34.0000000,Transfer,11922.00,6,NULL,Success,Restaurant,Bengaluru,Karnataka,0
3402,58,2026-03-20,11:45:00.0000000,Purchase,5050.00,4,NULL,Success,Grocery,Delhi,Delhi,0
3403,58,2026-06-22,02:31:26.0000000,Deposit,17928.00,2,10,Reversed,Travel,Chennai,Tamil Nadu,0
3404,58,2026-09-24,17:17:52.0000000,Payment,11056.00,8,NULL,Success,Restaurant,Hyderabad,Telangana,0
3405,58,2025-12-27,08:04:18.0000000,Withdrawal,4184.00,6,NULL,Success,Grocery,Coimbatore,Tamil Nadu,0
3406,58,2026-03-31,22:50:44.0000000,Transfer,17062.00,4,NULL,Failed,Travel,Mumbai,Maharashtra,0
3407,58,2026-07-03,13:37:10.0000000,Purchase,10190.00,2,2,Success,Restaurant,Pune,Maharashtra,0
3408,58,2025-10-05,04:23:36.0000000,Deposit,3318.00,8,NULL,Success,Grocery,Bengaluru,Karnataka,0
3409,58,2026-01-07,19:10:02.0000000,Payment,76558.00,6,NULL,Success,Travel,Delhi,Delhi,0
3410,58,2026-04-11,09:56:28.0000000,Withdrawal,9324.00,4,NULL,Success,Restaurant,Chennai,Tamil Nadu,0
3411,58,2026-07-14,00:42:54.0000000,Transfer,151746.00,2,6,Success,Grocery,Hyderabad,Telangana,0
3412,58,2025-10-16,15:29:20.0000000,Purchase,15330.00,8,NULL,Success,Travel,Coimbatore,Tamil Nadu,0
3413,58,2026-01-18,06:15:46.0000000,Deposit,8458.00,6,NULL,Success,Restaurant,Mumbai,Maharashtra,0
3414,58,2026-04-22,21:02:12.0000000,Payment,1586.00,4,NULL,Success,Grocery,Pune,Maharashtra,0
3415,58,2026-07-25,11:48:38.0000000,Withdrawal,14464.00,2,10,Success,Travel,Bengaluru,Karnataka,0
3416,58,2025-10-27,02:35:04.0000000,Transfer,7592.00,8,NULL,Success,Restaurant,Delhi,Delhi,0
3417,58,2026-01-29,17:21:30.0000000,Purchase,720.00,6,NULL,Success,Grocery,Chennai,Tamil Nadu,0
3418,58,2026-05-03,08:07:56.0000000,Deposit,13598.00,4,NULL,Success,Travel,Hyderabad,Telangana,0
3419,58,2026-08-05,22:54:22.0000000,Payment,6726.00,2,2,Success,Restaurant,Coimbatore,Tamil Nadu,0
3420,58,2025-11-07,13:40:48.0000000,Withdrawal,19604.00,8,NULL,Success,Grocery,Mumbai,Maharashtra,0
3421,58,2026-02-09,04:27:14.0000000,Transfer,12732.00,6,NULL,Success,Travel,Pune,Maharashtra,0
3422,58,2026-05-14,19:13:40.0000000,Purchase,5860.00,4,NULL,Success,Restaurant,Bengaluru,Karnataka,0
3423,58,2026-08-16,10:00:06.0000000,Deposit,18738.00,2,6,Success,Grocery,Delhi,Delhi,0
3424,58,2025-11-18,00:46:32.0000000,Payment,11866.00,8,NULL,Pending,Travel,Chennai,Tamil Nadu,0
3425,58,2026-02-20,15:32:58.0000000,Withdrawal,4994.00,6,NULL,Success,Restaurant,Hyderabad,Telangana,0
3426,58,2026-05-25,06:19:24.0000000,Transfer,17872.00,4,NULL,Success,Grocery,Coimbatore,Tamil Nadu,0
3427,58,2026-08-27,21:05:50.0000000,Purchase,11000.00,2,10,Success,Travel,Mumbai,Maharashtra,0
3428,58,2025-11-29,11:52:16.0000000,Deposit,4128.00,8,NULL,Success,Restaurant,Pune,Maharashtra,0
3429,58,2026-03-03,02:38:42.0000000,Payment,17006.00,6,NULL,Success,Grocery,Bengaluru,Karnataka,0
3430,58,2026-06-05,17:25:08.0000000,Withdrawal,10134.00,4,NULL,Success,Travel,Delhi,Delhi,0
3431,58,2026-09-07,08:11:34.0000000,Transfer,3262.00,2,2,Success,Restaurant,Chennai,Tamil Nadu,0
3432,58,2025-12-10,22:58:00.0000000,Purchase,16140.00,8,NULL,Success,Grocery,Hyderabad,Telangana,0
3433,58,2026-03-14,13:44:26.0000000,Deposit,9268.00,6,NULL,Success,Travel,Coimbatore,Tamil Nadu,0
3434,58,2026-06-16,04:30:52.0000000,Payment,2396.00,4,NULL,Success,Restaurant,Mumbai,Maharashtra,0
3435,58,2026-09-18,19:17:18.0000000,Withdrawal,15274.00,2,6,Failed,Grocery,Pune,Maharashtra,0
3436,58,2025-12-21,10:03:44.0000000,Transfer,8402.00,8,NULL,Success,Travel,Bengaluru,Karnataka,0
3437,58,2026-03-25,00:50:10.0000000,Purchase,1530.00,6,NULL,Success,Restaurant,Delhi,Delhi,0
3438,58,2026-06-27,15:36:36.0000000,Deposit,14408.00,4,NULL,Success,Grocery,Chennai,Tamil Nadu,0
3439,58,2026-09-29,06:23:02.0000000,Payment,7536.00,2,10,Success,Travel,Hyderabad,Telangana,0
3440,58,2026-01-01,21:09:28.0000000,Withdrawal,664.00,8,NULL,Success,Restaurant,Coimbatore,Tamil Nadu,0
3441,58,2026-04-05,11:55:54.0000000,Transfer,13542.00,6,NULL,Success,Grocery,Mumbai,Maharashtra,0
3442,58,2026-07-08,02:42:20.0000000,Purchase,6670.00,4,NULL,Success,Travel,Pune,Maharashtra,0
3443,58,2025-10-10,17:28:46.0000000,Deposit,19548.00,2,2,Success,Restaurant,Bengaluru,Karnataka,0
3444,58,2026-01-12,08:15:12.0000000,Payment,12676.00,8,NULL,Success,Grocery,Delhi,Delhi,0
3445,58,2026-04-16,23:01:38.0000000,Withdrawal,5804.00,6,NULL,Success,Travel,Chennai,Tamil Nadu,0
3446,58,2026-07-19,13:48:04.0000000,Transfer,18682.00,4,NULL,Success,Restaurant,Hyderabad,Telangana,0
3447,58,2025-10-21,04:34:30.0000000,Purchase,11810.00,2,6,Success,Grocery,Coimbatore,Tamil Nadu,0
3448,58,2026-01-23,19:20:56.0000000,Deposit,4938.00,8,NULL,Success,Travel,Mumbai,Maharashtra,0
3449,58,2026-04-27,10:07:22.0000000,Payment,17816.00,6,NULL,Success,Restaurant,Pune,Maharashtra,0
3450,58,2026-07-30,00:53:48.0000000,Withdrawal,80412.00,4,NULL,Success,Grocery,Bengaluru,Karnataka,0
3451,58,2025-11-01,15:40:14.0000000,Transfer,4072.00,2,10,Success,Travel,Delhi,Delhi,0
3452,58,2026-02-03,06:26:40.0000000,Purchase,16950.00,8,NULL,Success,Restaurant,Chennai,Tamil Nadu,0
3453,58,2026-05-08,21:13:06.0000000,Deposit,10078.00,6,NULL,Success,Grocery,Hyderabad,Telangana,0
3454,58,2026-08-10,11:59:32.0000000,Payment,3206.00,4,NULL,Success,Travel,Coimbatore,Tamil Nadu,0
3455,58,2025-11-12,02:45:58.0000000,Withdrawal,16084.00,2,2,Success,Restaurant,Mumbai,Maharashtra,0
3456,58,2026-02-14,17:32:24.0000000,Transfer,9212.00,8,NULL,Success,Grocery,Pune,Maharashtra,0
3457,59,2025-11-25,00:59:05.0000000,Transfer,7785.00,7,NULL,Success,Fuel,Coimbatore,Tamil Nadu,0
3458,59,2026-02-27,15:45:31.0000000,Purchase,913.00,5,NULL,Success,Healthcare,Mumbai,Maharashtra,0
3459,59,2026-06-01,06:31:57.0000000,Deposit,13791.00,3,3,Success,Electronics,Pune,Maharashtra,0
3460,59,2026-09-03,21:18:23.0000000,Payment,6919.00,1,1,Success,Fuel,Bengaluru,Karnataka,0
3461,59,2025-12-06,12:04:49.0000000,Withdrawal,19797.00,7,NULL,Success,Healthcare,Delhi,Delhi,0
3462,59,2026-03-10,02:51:15.0000000,Transfer,12925.00,5,NULL,Success,Electronics,Chennai,Tamil Nadu,0
3463,59,2026-06-12,17:37:41.0000000,Purchase,6053.00,3,7,Success,Fuel,Hyderabad,Telangana,0
3464,59,2026-09-14,08:24:07.0000000,Deposit,18931.00,1,5,Success,Healthcare,Coimbatore,Tamil Nadu,0
3465,59,2025-12-17,23:10:33.0000000,Payment,12059.00,7,NULL,Success,Electronics,Mumbai,Maharashtra,0
3466,59,2026-03-21,13:56:59.0000000,Withdrawal,5187.00,5,NULL,Pending,Fuel,Pune,Maharashtra,0
3467,59,2026-06-23,04:43:25.0000000,Transfer,18065.00,3,11,Success,Healthcare,Bengaluru,Karnataka,0
3468,59,2026-09-25,19:29:51.0000000,Purchase,11193.00,1,9,Success,Electronics,Delhi,Delhi,0
3469,59,2025-12-28,10:16:17.0000000,Deposit,4321.00,7,NULL,Success,Fuel,Chennai,Tamil Nadu,0
3470,59,2026-04-01,01:02:43.0000000,Payment,17199.00,5,NULL,Success,Healthcare,Hyderabad,Telangana,0
3471,59,2026-07-04,15:49:09.0000000,Withdrawal,10327.00,3,3,Success,Electronics,Coimbatore,Tamil Nadu,0
3472,59,2025-10-06,06:35:35.0000000,Transfer,3455.00,1,1,Success,Fuel,Mumbai,Maharashtra,0
3473,59,2026-01-08,21:22:01.0000000,Purchase,16333.00,7,NULL,Success,Healthcare,Pune,Maharashtra,0
3474,59,2026-04-12,12:08:27.0000000,Deposit,9461.00,5,NULL,Failed,Electronics,Bengaluru,Karnataka,0
3475,59,2026-07-15,02:54:53.0000000,Payment,2589.00,3,7,Success,Fuel,Delhi,Delhi,0
3476,59,2025-10-17,17:41:19.0000000,Withdrawal,15467.00,1,5,Success,Healthcare,Chennai,Tamil Nadu,0
3477,59,2026-01-19,08:27:45.0000000,Transfer,8595.00,7,NULL,Success,Electronics,Hyderabad,Telangana,0
3478,59,2026-04-23,23:14:11.0000000,Purchase,1723.00,5,NULL,Success,Fuel,Coimbatore,Tamil Nadu,0
3479,59,2026-07-26,14:00:37.0000000,Deposit,14601.00,3,11,Success,Healthcare,Mumbai,Maharashtra,0
3480,59,2025-10-28,04:47:03.0000000,Payment,7729.00,1,9,Success,Electronics,Pune,Maharashtra,0
3481,59,2026-01-30,19:33:29.0000000,Withdrawal,857.00,7,NULL,Success,Fuel,Bengaluru,Karnataka,0
3482,59,2026-05-04,10:19:55.0000000,Transfer,13735.00,5,NULL,Success,Healthcare,Delhi,Delhi,0
3483,59,2026-08-06,01:06:21.0000000,Purchase,6863.00,3,3,Success,Electronics,Chennai,Tamil Nadu,0
3484,59,2025-11-08,15:52:47.0000000,Deposit,19741.00,1,1,Success,Fuel,Hyderabad,Telangana,0
3485,59,2026-02-10,06:39:13.0000000,Payment,12869.00,7,NULL,Success,Healthcare,Coimbatore,Tamil Nadu,0
3486,59,2026-05-15,21:25:39.0000000,Withdrawal,5997.00,5,NULL,Success,Electronics,Mumbai,Maharashtra,0
3487,59,2026-08-17,12:12:05.0000000,Transfer,18875.00,3,7,Success,Fuel,Pune,Maharashtra,0
3488,59,2025-11-19,02:58:31.0000000,Purchase,12003.00,1,5,Success,Healthcare,Bengaluru,Karnataka,0
3489,59,2026-02-21,17:44:57.0000000,Deposit,5131.00,7,NULL,Success,Electronics,Delhi,Delhi,0
3490,59,2026-05-26,08:31:23.0000000,Payment,78157.00,5,NULL,Success,Fuel,Chennai,Tamil Nadu,0
3491,59,2026-08-28,23:17:49.0000000,Withdrawal,11137.00,3,11,Success,Healthcare,Hyderabad,Telangana,0
3492,59,2025-11-30,14:04:15.0000000,Transfer,4265.00,1,9,Success,Electronics,Coimbatore,Tamil Nadu,0
3493,59,2026-03-04,04:50:41.0000000,Purchase,17143.00,7,NULL,Success,Fuel,Mumbai,Maharashtra,0
3494,59,2026-06-06,19:37:07.0000000,Deposit,10271.00,5,NULL,Success,Healthcare,Pune,Maharashtra,0
3495,59,2026-09-08,10:23:33.0000000,Payment,3399.00,3,3,Success,Electronics,Bengaluru,Karnataka,0
3496,59,2025-12-11,01:09:59.0000000,Withdrawal,16277.00,1,1,Success,Fuel,Delhi,Delhi,0
3497,59,2026-03-15,15:56:25.0000000,Transfer,9405.00,7,NULL,Success,Healthcare,Chennai,Tamil Nadu,0
3498,59,2026-06-17,06:42:51.0000000,Purchase,2533.00,5,NULL,Success,Electronics,Hyderabad,Telangana,0
3499,59,2026-09-19,21:29:17.0000000,Deposit,15411.00,3,7,Success,Fuel,Coimbatore,Tamil Nadu,0
3500,59,2025-12-22,12:15:43.0000000,Payment,8539.00,1,5,Success,Healthcare,Mumbai,Maharashtra,0
3501,59,2026-03-26,03:02:09.0000000,Withdrawal,1667.00,7,NULL,Success,Electronics,Pune,Maharashtra,0
3502,59,2026-06-28,17:48:35.0000000,Transfer,14545.00,5,NULL,Success,Fuel,Bengaluru,Karnataka,0
3503,59,2026-09-30,08:35:01.0000000,Purchase,7673.00,3,11,Failed,Healthcare,Delhi,Delhi,0
3504,59,2026-01-02,23:21:27.0000000,Deposit,801.00,1,9,Reversed,Electronics,Chennai,Tamil Nadu,0
3505,59,2026-04-06,14:07:53.0000000,Payment,13679.00,7,NULL,Success,Fuel,Hyderabad,Telangana,0
3506,59,2026-07-09,04:54:19.0000000,Withdrawal,6807.00,5,NULL,Success,Healthcare,Coimbatore,Tamil Nadu,0
3507,59,2025-10-11,19:40:45.0000000,Transfer,19685.00,3,3,Success,Electronics,Mumbai,Maharashtra,0
3508,59,2026-01-13,10:27:11.0000000,Purchase,12813.00,1,1,Success,Fuel,Pune,Maharashtra,0
3509,59,2026-04-17,01:13:37.0000000,Deposit,5941.00,7,NULL,Success,Healthcare,Bengaluru,Karnataka,0
3510,59,2026-07-20,16:00:03.0000000,Payment,18819.00,5,NULL,Success,Electronics,Delhi,Delhi,0
3511,59,2025-10-22,06:46:29.0000000,Withdrawal,11947.00,3,7,Success,Fuel,Chennai,Tamil Nadu,0
3512,59,2026-01-24,21:32:55.0000000,Transfer,5075.00,1,5,Success,Healthcare,Hyderabad,Telangana,0
3513,59,2026-04-28,12:19:21.0000000,Purchase,17953.00,7,NULL,Success,Electronics,Coimbatore,Tamil Nadu,0
3514,59,2026-07-31,03:05:47.0000000,Deposit,11081.00,5,NULL,Success,Fuel,Mumbai,Maharashtra,0
3515,59,2025-11-02,17:52:13.0000000,Payment,4209.00,3,11,Success,Healthcare,Pune,Maharashtra,0
3516,59,2026-02-04,08:38:39.0000000,Withdrawal,17087.00,1,9,Success,Electronics,Bengaluru,Karnataka,0
3517,59,2026-05-09,23:25:05.0000000,Transfer,10215.00,7,NULL,Success,Fuel,Delhi,Delhi,0
3518,59,2026-08-11,14:11:31.0000000,Purchase,3343.00,5,NULL,Success,Healthcare,Chennai,Tamil Nadu,0
3519,59,2025-11-13,04:57:57.0000000,Deposit,16221.00,3,3,Pending,Electronics,Hyderabad,Telangana,0
3520,59,2026-02-15,19:44:23.0000000,Payment,9349.00,1,1,Success,Fuel,Coimbatore,Tamil Nadu,0
3521,60,2025-11-26,03:11:04.0000000,Transfer,7922.00,8,NULL,Success,Restaurant,Chennai,Tamil Nadu,0
3522,60,2026-02-28,17:57:30.0000000,Purchase,1050.00,6,NULL,Success,Grocery,Hyderabad,Telangana,0
3523,60,2026-06-02,08:43:56.0000000,Deposit,13928.00,4,NULL,Success,Travel,Coimbatore,Tamil Nadu,0
3524,60,2026-09-04,23:30:22.0000000,Payment,7056.00,2,2,Success,Restaurant,Mumbai,Maharashtra,0
3525,60,2025-12-07,14:16:48.0000000,Withdrawal,19934.00,8,NULL,Success,Grocery,Pune,Maharashtra,0
3526,60,2026-03-11,05:03:14.0000000,Transfer,13062.00,6,NULL,Success,Travel,Bengaluru,Karnataka,0
3527,60,2026-06-13,19:49:40.0000000,Purchase,6190.00,4,NULL,Success,Restaurant,Delhi,Delhi,0
3528,60,2026-09-15,10:36:06.0000000,Deposit,19068.00,2,6,Success,Grocery,Chennai,Tamil Nadu,0
3529,60,2025-12-18,01:22:32.0000000,Payment,12196.00,8,NULL,Success,Travel,Hyderabad,Telangana,0
3530,60,2026-03-22,16:08:58.0000000,Withdrawal,75902.00,6,NULL,Success,Restaurant,Coimbatore,Tamil Nadu,0
3531,60,2026-06-24,06:55:24.0000000,Transfer,18202.00,4,NULL,Success,Grocery,Mumbai,Maharashtra,0
3532,60,2026-09-26,21:41:50.0000000,Purchase,11330.00,2,10,Success,Travel,Pune,Maharashtra,0
3533,60,2025-12-29,12:28:16.0000000,Deposit,4458.00,8,NULL,Success,Restaurant,Bengaluru,Karnataka,0
3534,60,2026-04-02,03:14:42.0000000,Payment,17336.00,6,NULL,Reversed,Grocery,Delhi,Delhi,0
3535,60,2026-07-05,18:01:08.0000000,Withdrawal,10464.00,4,NULL,Success,Travel,Chennai,Tamil Nadu,0
3536,60,2025-10-07,08:47:34.0000000,Transfer,3592.00,2,2,Success,Restaurant,Hyderabad,Telangana,0
3537,60,2026-01-09,23:34:00.0000000,Purchase,16470.00,8,NULL,Success,Grocery,Coimbatore,Tamil Nadu,0
3538,60,2026-04-13,14:20:26.0000000,Deposit,9598.00,6,NULL,Success,Travel,Mumbai,Maharashtra,0
3539,60,2026-07-16,05:06:52.0000000,Payment,2726.00,4,NULL,Success,Restaurant,Pune,Maharashtra,0
3540,60,2025-10-18,19:53:18.0000000,Withdrawal,15604.00,2,6,Success,Grocery,Bengaluru,Karnataka,0
3541,60,2026-01-20,10:39:44.0000000,Transfer,8732.00,8,NULL,Success,Travel,Delhi,Delhi,0
3542,60,2026-04-24,01:26:10.0000000,Purchase,1860.00,6,NULL,Failed,Restaurant,Chennai,Tamil Nadu,0
3543,60,2026-07-27,16:12:36.0000000,Deposit,14738.00,4,NULL,Success,Grocery,Hyderabad,Telangana,0
3544,60,2025-10-29,06:59:02.0000000,Payment,7866.00,2,10,Success,Travel,Coimbatore,Tamil Nadu,0
3545,60,2026-01-31,21:45:28.0000000,Withdrawal,994.00,8,NULL,Success,Restaurant,Mumbai,Maharashtra,0
3546,60,2026-05-05,12:31:54.0000000,Transfer,13872.00,6,NULL,Success,Grocery,Pune,Maharashtra,0
3547,60,2026-08-07,03:18:20.0000000,Purchase,7000.00,4,NULL,Success,Travel,Bengaluru,Karnataka,0
3548,60,2025-11-09,18:04:46.0000000,Deposit,19878.00,2,2,Success,Restaurant,Delhi,Delhi,0
3549,60,2026-02-11,08:51:12.0000000,Payment,13006.00,8,NULL,Success,Grocery,Chennai,Tamil Nadu,0
3550,60,2026-05-16,23:37:38.0000000,Withdrawal,6134.00,6,NULL,Success,Travel,Hyderabad,Telangana,0
3551,60,2026-08-18,14:24:04.0000000,Transfer,19012.00,4,NULL,Success,Restaurant,Coimbatore,Tamil Nadu,0
3552,60,2025-11-20,05:10:30.0000000,Purchase,12140.00,2,6,Success,Grocery,Mumbai,Maharashtra,0
3553,60,2026-02-22,19:56:56.0000000,Deposit,5268.00,8,NULL,Success,Travel,Pune,Maharashtra,0
3554,60,2026-05-27,10:43:22.0000000,Payment,18146.00,6,NULL,Success,Restaurant,Bengaluru,Karnataka,0
3555,60,2026-08-29,01:29:48.0000000,Withdrawal,11274.00,4,NULL,Success,Grocery,Delhi,Delhi,0
3556,60,2025-12-01,16:16:14.0000000,Transfer,4402.00,2,10,Success,Travel,Chennai,Tamil Nadu,0
3557,60,2026-03-05,07:02:40.0000000,Purchase,17280.00,8,NULL,Success,Restaurant,Hyderabad,Telangana,0
3558,60,2026-06-07,21:49:06.0000000,Deposit,10408.00,6,NULL,Success,Grocery,Coimbatore,Tamil Nadu,0
3559,60,2026-09-09,12:35:32.0000000,Payment,3536.00,4,NULL,Success,Travel,Mumbai,Maharashtra,0
3560,60,2025-12-12,03:21:58.0000000,Withdrawal,16414.00,2,2,Success,Restaurant,Pune,Maharashtra,0
3561,60,2026-03-16,18:08:24.0000000,Transfer,9542.00,8,NULL,Pending,Grocery,Bengaluru,Karnataka,0
3562,60,2026-06-18,08:54:50.0000000,Purchase,2670.00,6,NULL,Success,Travel,Delhi,Delhi,0
3563,60,2026-09-20,23:41:16.0000000,Deposit,15548.00,4,NULL,Success,Restaurant,Chennai,Tamil Nadu,0
3564,60,2025-12-23,14:27:42.0000000,Payment,8676.00,2,6,Success,Grocery,Hyderabad,Telangana,0
3565,60,2026-03-27,05:14:08.0000000,Withdrawal,1804.00,8,NULL,Success,Travel,Coimbatore,Tamil Nadu,0
3566,60,2026-06-29,20:00:34.0000000,Transfer,14682.00,6,NULL,Success,Restaurant,Mumbai,Maharashtra,0
3567,60,2025-10-01,10:47:00.0000000,Purchase,7810.00,4,NULL,Success,Grocery,Pune,Maharashtra,0
3568,60,2026-01-03,01:33:26.0000000,Deposit,938.00,2,10,Success,Travel,Bengaluru,Karnataka,0
3569,60,2026-04-07,16:19:52.0000000,Payment,13816.00,8,NULL,Success,Restaurant,Delhi,Delhi,0
3570,60,2026-07-10,07:06:18.0000000,Withdrawal,6944.00,6,NULL,Success,Grocery,Chennai,Tamil Nadu,0
3571,60,2025-10-12,21:52:44.0000000,Transfer,79756.00,4,NULL,Failed,Travel,Hyderabad,Telangana,0
3572,60,2026-01-14,12:39:10.0000000,Purchase,154850.00,2,2,Success,Restaurant,Coimbatore,Tamil Nadu,0
3573,60,2026-04-18,03:25:36.0000000,Deposit,6078.00,8,NULL,Success,Grocery,Mumbai,Maharashtra,0
3574,60,2026-07-21,18:12:02.0000000,Payment,18956.00,6,NULL,Success,Travel,Pune,Maharashtra,0
3575,60,2025-10-23,08:58:28.0000000,Withdrawal,12084.00,4,NULL,Success,Restaurant,Bengaluru,Karnataka,0
3576,60,2026-01-25,23:44:54.0000000,Transfer,5212.00,2,6,Success,Grocery,Delhi,Delhi,0
3577,60,2026-04-29,14:31:20.0000000,Purchase,18090.00,8,NULL,Success,Travel,Chennai,Tamil Nadu,0
3578,60,2026-08-01,05:17:46.0000000,Deposit,11218.00,6,NULL,Success,Restaurant,Hyderabad,Telangana,0
3579,60,2025-11-03,20:04:12.0000000,Payment,4346.00,4,NULL,Success,Grocery,Coimbatore,Tamil Nadu,0
3580,60,2026-02-05,10:50:38.0000000,Withdrawal,17224.00,2,10,Success,Travel,Mumbai,Maharashtra,0
3581,60,2026-05-10,01:37:04.0000000,Transfer,10352.00,8,NULL,Success,Restaurant,Pune,Maharashtra,0
3582,60,2026-08-12,16:23:30.0000000,Purchase,3480.00,6,NULL,Success,Grocery,Bengaluru,Karnataka,0
3583,60,2025-11-14,07:09:56.0000000,Deposit,16358.00,4,NULL,Success,Travel,Delhi,Delhi,0
3584,60,2026-02-16,21:56:22.0000000,Payment,9486.00,2,2,Success,Restaurant,Chennai,Tamil Nadu,0
3585,61,2025-11-27,05:23:03.0000000,Payment,8059.00,1,9,Success,Electronics,Bengaluru,Karnataka,0
3586,61,2026-03-01,20:09:29.0000000,Withdrawal,1187.00,7,NULL,Success,Fuel,Delhi,Delhi,0
3587,61,2026-06-03,10:55:55.0000000,Transfer,14065.00,5,NULL,Success,Healthcare,Chennai,Tamil Nadu,0
3588,61,2026-09-05,01:42:21.0000000,Purchase,7193.00,3,3,Success,Electronics,Hyderabad,Telangana,1
3589,61,2025-12-08,16:28:47.0000000,Deposit,321.00,1,1,Success,Fuel,Coimbatore,Tamil Nadu,0
3590,61,2026-03-12,07:15:13.0000000,Payment,13199.00,7,NULL,Success,Healthcare,Mumbai,Maharashtra,0
3591,61,2026-06-14,22:01:39.0000000,Withdrawal,6327.00,5,NULL,Success,Electronics,Pune,Maharashtra,0
3592,61,2026-09-16,12:48:05.0000000,Transfer,19205.00,3,7,Success,Fuel,Bengaluru,Karnataka,0
3593,61,2025-12-19,03:34:31.0000000,Purchase,12333.00,1,5,Success,Healthcare,Delhi,Delhi,0
3594,61,2026-03-23,18:20:57.0000000,Deposit,5461.00,7,NULL,Success,Electronics,Chennai,Tamil Nadu,0
3595,61,2026-06-25,09:07:23.0000000,Payment,18339.00,5,NULL,Success,Fuel,Hyderabad,Telangana,0
3596,61,2026-09-27,23:53:49.0000000,Withdrawal,11467.00,3,11,Success,Healthcare,Coimbatore,Tamil Nadu,0
3597,61,2025-12-30,14:40:15.0000000,Transfer,4595.00,1,9,Success,Electronics,Mumbai,Maharashtra,0
3598,61,2026-04-03,05:26:41.0000000,Purchase,17473.00,7,NULL,Success,Fuel,Pune,Maharashtra,0
3599,61,2026-07-06,20:13:07.0000000,Deposit,10601.00,5,NULL,Success,Healthcare,Bengaluru,Karnataka,0
3600,61,2025-10-08,10:59:33.0000000,Payment,3729.00,3,3,Success,Electronics,Delhi,Delhi,0
3601,61,2026-01-10,01:45:59.0000000,Withdrawal,16607.00,1,1,Success,Fuel,Chennai,Tamil Nadu,0
3602,61,2026-04-14,16:32:25.0000000,Transfer,9735.00,7,NULL,Success,Healthcare,Hyderabad,Telangana,0
3603,61,2026-07-17,07:18:51.0000000,Purchase,2863.00,5,NULL,Pending,Electronics,Coimbatore,Tamil Nadu,0
3604,61,2025-10-19,22:05:17.0000000,Deposit,151843.00,3,7,Success,Fuel,Mumbai,Maharashtra,0
3605,61,2026-01-21,12:51:43.0000000,Payment,8869.00,1,5,Success,Healthcare,Pune,Maharashtra,0
3606,61,2026-04-25,03:38:09.0000000,Withdrawal,1997.00,7,NULL,Success,Electronics,Bengaluru,Karnataka,0
3607,61,2026-07-28,18:24:35.0000000,Transfer,14875.00,5,NULL,Success,Fuel,Delhi,Delhi,0
3608,61,2025-10-30,09:11:01.0000000,Purchase,8003.00,3,11,Success,Healthcare,Chennai,Tamil Nadu,0
3609,61,2026-02-01,23:57:27.0000000,Deposit,1131.00,1,9,Success,Electronics,Hyderabad,Telangana,0
3610,61,2026-05-06,14:43:53.0000000,Payment,14009.00,7,NULL,Failed,Fuel,Coimbatore,Tamil Nadu,0
3611,61,2026-08-08,05:30:19.0000000,Withdrawal,77501.00,5,NULL,Success,Healthcare,Mumbai,Maharashtra,0
3612,61,2025-11-10,20:16:45.0000000,Transfer,265.00,3,3,Success,Electronics,Pune,Maharashtra,0
3613,61,2026-02-12,11:03:11.0000000,Purchase,13143.00,1,1,Success,Fuel,Bengaluru,Karnataka,0
3614,61,2026-05-17,01:49:37.0000000,Deposit,6271.00,7,NULL,Success,Healthcare,Delhi,Delhi,0
3615,61,2026-08-19,16:36:03.0000000,Payment,19149.00,5,NULL,Success,Electronics,Chennai,Tamil Nadu,0
3616,61,2025-11-21,07:22:29.0000000,Withdrawal,12277.00,3,7,Success,Fuel,Hyderabad,Telangana,0
3617,61,2026-02-23,22:08:55.0000000,Transfer,5405.00,1,5,Success,Healthcare,Coimbatore,Tamil Nadu,0
3618,61,2026-05-28,12:55:21.0000000,Purchase,18283.00,7,NULL,Success,Electronics,Mumbai,Maharashtra,0
3619,61,2026-08-30,03:41:47.0000000,Deposit,11411.00,5,NULL,Success,Fuel,Pune,Maharashtra,0
3620,61,2025-12-02,18:28:13.0000000,Payment,4539.00,3,11,Success,Healthcare,Bengaluru,Karnataka,0
3621,61,2026-03-06,09:14:39.0000000,Withdrawal,17417.00,1,9,Success,Electronics,Delhi,Delhi,0
3622,61,2026-06-08,00:01:05.0000000,Transfer,10545.00,7,NULL,Success,Fuel,Chennai,Tamil Nadu,0
3623,61,2026-09-10,14:47:31.0000000,Purchase,3673.00,5,NULL,Success,Healthcare,Hyderabad,Telangana,0
3624,61,2025-12-13,05:33:57.0000000,Deposit,16551.00,3,3,Success,Electronics,Coimbatore,Tamil Nadu,0
3625,61,2026-03-17,20:20:23.0000000,Payment,9679.00,1,1,Success,Fuel,Mumbai,Maharashtra,0
3626,61,2026-06-19,11:06:49.0000000,Withdrawal,2807.00,7,NULL,Success,Healthcare,Pune,Maharashtra,0
3627,61,2026-09-21,01:53:15.0000000,Transfer,15685.00,5,NULL,Success,Electronics,Bengaluru,Karnataka,0
3628,61,2025-12-24,16:39:41.0000000,Purchase,8813.00,3,7,Success,Fuel,Delhi,Delhi,0
3629,61,2026-03-28,07:26:07.0000000,Deposit,1941.00,1,5,Success,Healthcare,Chennai,Tamil Nadu,0
3630,61,2026-06-30,22:12:33.0000000,Payment,14819.00,7,NULL,Success,Electronics,Hyderabad,Telangana,0
3631,61,2025-10-02,12:58:59.0000000,Withdrawal,7947.00,5,NULL,Success,Fuel,Coimbatore,Tamil Nadu,0
3632,61,2026-01-04,03:45:25.0000000,Transfer,1075.00,3,11,Success,Healthcare,Mumbai,Maharashtra,0
3633,61,2026-04-08,18:31:51.0000000,Purchase,13953.00,1,9,Success,Electronics,Pune,Maharashtra,0
3634,61,2026-07-11,09:18:17.0000000,Deposit,7081.00,7,NULL,Success,Fuel,Bengaluru,Karnataka,0
3635,61,2025-10-13,00:04:43.0000000,Payment,19959.00,5,NULL,Reversed,Healthcare,Delhi,Delhi,0
3636,61,2026-01-15,14:51:09.0000000,Withdrawal,13087.00,3,3,Success,Electronics,Chennai,Tamil Nadu,0
3637,61,2026-04-19,05:37:35.0000000,Transfer,6215.00,1,1,Success,Fuel,Hyderabad,Telangana,0
3638,61,2026-07-22,20:24:01.0000000,Purchase,19093.00,7,NULL,Success,Healthcare,Coimbatore,Tamil Nadu,0
3639,61,2025-10-24,11:10:27.0000000,Deposit,12221.00,5,NULL,Failed,Electronics,Mumbai,Maharashtra,0
3640,61,2026-01-26,01:56:53.0000000,Payment,5349.00,3,7,Success,Fuel,Pune,Maharashtra,0
3641,61,2026-04-30,16:43:19.0000000,Withdrawal,18227.00,1,5,Success,Healthcare,Bengaluru,Karnataka,0
3642,61,2026-08-02,07:29:45.0000000,Transfer,11355.00,7,NULL,Success,Electronics,Delhi,Delhi,0
3643,61,2025-11-04,22:16:11.0000000,Purchase,4483.00,5,NULL,Success,Fuel,Chennai,Tamil Nadu,0
3644,61,2026-02-06,13:02:37.0000000,Deposit,17361.00,3,11,Success,Healthcare,Hyderabad,Telangana,0
3645,61,2026-05-11,03:49:03.0000000,Payment,10489.00,1,9,Success,Electronics,Coimbatore,Tamil Nadu,0
3646,61,2026-08-13,18:35:29.0000000,Withdrawal,3617.00,7,NULL,Success,Fuel,Mumbai,Maharashtra,0
3647,61,2025-11-15,09:21:55.0000000,Transfer,16495.00,5,NULL,Success,Healthcare,Pune,Maharashtra,0
3648,61,2026-02-17,00:08:21.0000000,Purchase,9623.00,3,3,Success,Electronics,Bengaluru,Karnataka,0
3649,62,2025-11-28,07:35:02.0000000,Payment,8196.00,2,10,Failed,Travel,Mumbai,Maharashtra,0
3650,62,2026-03-02,22:21:28.0000000,Withdrawal,1324.00,8,NULL,Success,Restaurant,Pune,Maharashtra,0
3651,62,2026-06-04,13:07:54.0000000,Transfer,75246.00,6,NULL,Success,Grocery,Bengaluru,Karnataka,0
3652,62,2026-09-06,03:54:20.0000000,Purchase,7330.00,4,NULL,Success,Travel,Delhi,Delhi,0
3653,62,2025-12-09,18:40:46.0000000,Deposit,458.00,2,2,Success,Restaurant,Chennai,Tamil Nadu,0
3654,62,2026-03-13,09:27:12.0000000,Payment,13336.00,8,NULL,Success,Grocery,Hyderabad,Telangana,0
3655,62,2026-06-15,00:13:38.0000000,Withdrawal,6464.00,6,NULL,Success,Travel,Coimbatore,Tamil Nadu,0
3656,62,2026-09-17,15:00:04.0000000,Transfer,19342.00,4,NULL,Success,Restaurant,Mumbai,Maharashtra,0
3657,62,2025-12-20,05:46:30.0000000,Purchase,12470.00,2,6,Success,Grocery,Pune,Maharashtra,0
3658,62,2026-03-24,20:32:56.0000000,Deposit,5598.00,8,NULL,Success,Travel,Bengaluru,Karnataka,1
3659,62,2026-06-26,11:19:22.0000000,Payment,18476.00,6,NULL,Success,Restaurant,Delhi,Delhi,0
3660,62,2026-09-28,02:05:48.0000000,Withdrawal,11604.00,4,NULL,Success,Grocery,Chennai,Tamil Nadu,0
3661,62,2025-12-31,16:52:14.0000000,Transfer,4732.00,2,10,Success,Travel,Hyderabad,Telangana,0
3662,62,2026-04-04,07:38:40.0000000,Purchase,17610.00,8,NULL,Success,Restaurant,Coimbatore,Tamil Nadu,0
3663,62,2026-07-07,22:25:06.0000000,Deposit,10738.00,6,NULL,Success,Grocery,Mumbai,Maharashtra,0
3664,62,2025-10-09,13:11:32.0000000,Payment,3866.00,4,NULL,Success,Travel,Pune,Maharashtra,0
3665,62,2026-01-11,03:57:58.0000000,Withdrawal,16744.00,2,2,Reversed,Restaurant,Bengaluru,Karnataka,0
3666,62,2026-04-15,18:44:24.0000000,Transfer,9872.00,8,NULL,Success,Grocery,Delhi,Delhi,0
3667,62,2026-07-18,09:30:50.0000000,Purchase,3000.00,6,NULL,Success,Travel,Chennai,Tamil Nadu,0
3668,62,2025-10-20,00:17:16.0000000,Deposit,15878.00,4,NULL,Success,Restaurant,Hyderabad,Telangana,0
3669,62,2026-01-22,15:03:42.0000000,Payment,9006.00,2,6,Success,Grocery,Coimbatore,Tamil Nadu,0
3670,62,2026-04-26,05:50:08.0000000,Withdrawal,2134.00,8,NULL,Success,Travel,Mumbai,Maharashtra,0
3671,62,2026-07-29,20:36:34.0000000,Transfer,15012.00,6,NULL,Success,Restaurant,Pune,Maharashtra,0
3672,62,2025-10-31,11:23:00.0000000,Purchase,8140.00,4,NULL,Success,Grocery,Bengaluru,Karnataka,0
3673,62,2026-02-02,02:09:26.0000000,Deposit,1268.00,2,10,Success,Travel,Delhi,Delhi,0
3674,62,2026-05-07,16:55:52.0000000,Payment,14146.00,8,NULL,Success,Restaurant,Chennai,Tamil Nadu,0
3675,62,2026-08-09,07:42:18.0000000,Withdrawal,7274.00,6,NULL,Success,Grocery,Hyderabad,Telangana,0
3676,62,2025-11-11,22:28:44.0000000,Transfer,402.00,4,NULL,Success,Travel,Coimbatore,Tamil Nadu,0
3677,62,2026-02-13,13:15:10.0000000,Purchase,13280.00,2,2,Success,Restaurant,Mumbai,Maharashtra,0
3678,62,2026-05-18,04:01:36.0000000,Deposit,6408.00,8,NULL,Failed,Grocery,Pune,Maharashtra,0
3679,62,2026-08-20,18:48:02.0000000,Payment,19286.00,6,NULL,Success,Travel,Bengaluru,Karnataka,0
3680,62,2025-11-22,09:34:28.0000000,Withdrawal,12414.00,4,NULL,Success,Restaurant,Delhi,Delhi,0
3681,62,2026-02-24,00:20:54.0000000,Transfer,5542.00,2,6,Success,Grocery,Chennai,Tamil Nadu,0
3682,62,2026-05-29,15:07:20.0000000,Purchase,18420.00,8,NULL,Success,Travel,Hyderabad,Telangana,0
3683,62,2026-08-31,05:53:46.0000000,Deposit,11548.00,6,NULL,Success,Restaurant,Coimbatore,Tamil Nadu,0
3684,62,2025-12-03,20:40:12.0000000,Payment,4676.00,4,NULL,Success,Grocery,Mumbai,Maharashtra,0
3685,62,2026-03-07,11:26:38.0000000,Withdrawal,17554.00,2,10,Success,Travel,Pune,Maharashtra,0
3686,62,2026-06-09,02:13:04.0000000,Transfer,10682.00,8,NULL,Success,Restaurant,Bengaluru,Karnataka,0
3687,62,2026-09-11,16:59:30.0000000,Purchase,3810.00,6,NULL,Success,Grocery,Delhi,Delhi,0
3688,62,2025-12-14,07:45:56.0000000,Deposit,16688.00,4,NULL,Success,Travel,Chennai,Tamil Nadu,0
3689,62,2026-03-18,22:32:22.0000000,Payment,9816.00,2,2,Success,Restaurant,Hyderabad,Telangana,0
3690,62,2026-06-20,13:18:48.0000000,Withdrawal,2944.00,8,NULL,Success,Grocery,Coimbatore,Tamil Nadu,0
3691,62,2026-09-22,04:05:14.0000000,Transfer,15822.00,6,NULL,Success,Travel,Mumbai,Maharashtra,0
3692,62,2025-12-25,18:51:40.0000000,Purchase,79100.00,4,NULL,Success,Restaurant,Pune,Maharashtra,0
3693,62,2026-03-29,09:38:06.0000000,Deposit,2078.00,2,6,Success,Grocery,Bengaluru,Karnataka,0
3694,62,2026-07-01,00:24:32.0000000,Payment,14956.00,8,NULL,Success,Travel,Delhi,Delhi,0
3695,62,2025-10-03,15:10:58.0000000,Withdrawal,8084.00,6,NULL,Success,Restaurant,Chennai,Tamil Nadu,0
3696,62,2026-01-05,05:57:24.0000000,Transfer,1212.00,4,NULL,Success,Grocery,Hyderabad,Telangana,0
3697,62,2026-04-09,20:43:50.0000000,Purchase,14090.00,2,10,Success,Travel,Coimbatore,Tamil Nadu,0
3698,62,2026-07-12,11:30:16.0000000,Deposit,7218.00,8,NULL,Pending,Restaurant,Mumbai,Maharashtra,0
3699,62,2025-10-14,02:16:42.0000000,Payment,346.00,6,NULL,Success,Grocery,Pune,Maharashtra,0
3700,62,2026-01-16,17:03:08.0000000,Withdrawal,13224.00,4,NULL,Success,Travel,Bengaluru,Karnataka,0
3701,62,2026-04-20,07:49:34.0000000,Transfer,6352.00,2,2,Success,Restaurant,Delhi,Delhi,0
3702,62,2026-07-23,22:36:00.0000000,Purchase,19230.00,8,NULL,Success,Grocery,Chennai,Tamil Nadu,0
3703,62,2025-10-25,13:22:26.0000000,Deposit,12358.00,6,NULL,Success,Travel,Hyderabad,Telangana,0
3704,62,2026-01-27,04:08:52.0000000,Payment,5486.00,4,NULL,Success,Restaurant,Coimbatore,Tamil Nadu,0
3705,62,2026-05-01,18:55:18.0000000,Withdrawal,18364.00,2,6,Success,Grocery,Mumbai,Maharashtra,0
3706,62,2026-08-03,09:41:44.0000000,Transfer,11492.00,8,NULL,Success,Travel,Pune,Maharashtra,0
3707,62,2025-11-05,00:28:10.0000000,Purchase,4620.00,6,NULL,Failed,Restaurant,Bengaluru,Karnataka,0
3708,62,2026-02-07,15:14:36.0000000,Deposit,17498.00,4,NULL,Success,Grocery,Delhi,Delhi,0
3709,62,2026-05-12,06:01:02.0000000,Payment,10626.00,2,10,Success,Travel,Chennai,Tamil Nadu,0
3710,62,2026-08-14,20:47:28.0000000,Withdrawal,3754.00,8,NULL,Success,Restaurant,Hyderabad,Telangana,0
3711,62,2025-11-16,11:33:54.0000000,Transfer,16632.00,6,NULL,Success,Grocery,Coimbatore,Tamil Nadu,0
3712,62,2026-02-18,02:20:20.0000000,Purchase,9760.00,4,NULL,Success,Travel,Mumbai,Maharashtra,0
3713,63,2025-11-29,09:47:01.0000000,Purchase,8333.00,3,11,Success,Healthcare,Hyderabad,Telangana,0
3714,63,2026-03-03,00:33:27.0000000,Deposit,1461.00,1,9,Success,Electronics,Coimbatore,Tamil Nadu,0
3715,63,2026-06-05,15:19:53.0000000,Payment,14339.00,7,NULL,Success,Fuel,Mumbai,Maharashtra,0
3716,63,2026-09-07,06:06:19.0000000,Withdrawal,7467.00,5,NULL,Success,Healthcare,Pune,Maharashtra,0
3717,63,2025-12-10,20:52:45.0000000,Transfer,595.00,3,3,Failed,Electronics,Bengaluru,Karnataka,0
3718,63,2026-03-14,11:39:11.0000000,Purchase,13473.00,1,1,Success,Fuel,Delhi,Delhi,0
3719,63,2026-06-16,02:25:37.0000000,Deposit,6601.00,7,NULL,Success,Healthcare,Chennai,Tamil Nadu,0
3720,63,2026-09-18,17:12:03.0000000,Payment,19479.00,5,NULL,Success,Electronics,Hyderabad,Telangana,0
3721,63,2025-12-21,07:58:29.0000000,Withdrawal,12607.00,3,7,Success,Fuel,Coimbatore,Tamil Nadu,0
3722,63,2026-03-25,22:44:55.0000000,Transfer,5735.00,1,5,Success,Healthcare,Mumbai,Maharashtra,0
3723,63,2026-06-27,13:31:21.0000000,Purchase,18613.00,7,NULL,Success,Electronics,Pune,Maharashtra,0
3724,63,2026-09-29,04:17:47.0000000,Deposit,11741.00,5,NULL,Success,Fuel,Bengaluru,Karnataka,0
3725,63,2026-01-01,19:04:13.0000000,Payment,4869.00,3,11,Success,Healthcare,Delhi,Delhi,0
3726,63,2026-04-05,09:50:39.0000000,Withdrawal,17747.00,1,9,Success,Electronics,Chennai,Tamil Nadu,0
3727,63,2026-07-08,00:37:05.0000000,Transfer,10875.00,7,NULL,Success,Fuel,Hyderabad,Telangana,0
3728,63,2025-10-10,15:23:31.0000000,Purchase,4003.00,5,NULL,Success,Healthcare,Coimbatore,Tamil Nadu,1
3729,63,2026-01-12,06:09:57.0000000,Deposit,16881.00,3,3,Success,Electronics,Mumbai,Maharashtra,0
3730,63,2026-04-16,20:56:23.0000000,Payment,10009.00,1,1,Success,Fuel,Pune,Maharashtra,0
3731,63,2026-07-19,11:42:49.0000000,Withdrawal,3137.00,7,NULL,Success,Healthcare,Bengaluru,Karnataka,0
3732,63,2025-10-21,02:29:15.0000000,Transfer,76845.00,5,NULL,Success,Electronics,Delhi,Delhi,0
3733,63,2026-01-23,17:15:41.0000000,Purchase,9143.00,3,7,Success,Fuel,Chennai,Tamil Nadu,0
3734,63,2026-04-27,08:02:07.0000000,Deposit,2271.00,1,5,Success,Healthcare,Hyderabad,Telangana,0
3735,63,2026-07-30,22:48:33.0000000,Payment,15149.00,7,NULL,Success,Electronics,Coimbatore,Tamil Nadu,0
3736,63,2025-11-01,13:34:59.0000000,Withdrawal,8277.00,5,NULL,Success,Fuel,Mumbai,Maharashtra,0
3737,63,2026-02-03,04:21:25.0000000,Transfer,1405.00,3,11,Success,Healthcare,Pune,Maharashtra,0
3738,63,2026-05-08,19:07:51.0000000,Purchase,14283.00,1,9,Success,Electronics,Bengaluru,Karnataka,0
3739,63,2026-08-10,09:54:17.0000000,Deposit,7411.00,7,NULL,Success,Fuel,Delhi,Delhi,0
3740,63,2025-11-12,00:40:43.0000000,Payment,539.00,5,NULL,Pending,Healthcare,Chennai,Tamil Nadu,0
3741,63,2026-02-14,15:27:09.0000000,Withdrawal,13417.00,3,3,Success,Electronics,Hyderabad,Telangana,0
3742,63,2026-05-19,06:13:35.0000000,Transfer,6545.00,1,1,Success,Fuel,Coimbatore,Tamil Nadu,0
3743,63,2026-08-21,21:00:01.0000000,Purchase,19423.00,7,NULL,Success,Healthcare,Mumbai,Maharashtra,0
3744,63,2025-11-23,11:46:27.0000000,Deposit,12551.00,5,NULL,Success,Electronics,Pune,Maharashtra,0
3745,63,2026-02-25,02:32:53.0000000,Payment,5679.00,3,7,Success,Fuel,Bengaluru,Karnataka,0
3746,63,2026-05-30,17:19:19.0000000,Withdrawal,18557.00,1,5,Failed,Healthcare,Delhi,Delhi,0
3747,63,2026-09-01,08:05:45.0000000,Transfer,11685.00,7,NULL,Success,Electronics,Chennai,Tamil Nadu,0
3748,63,2025-12-04,22:52:11.0000000,Purchase,4813.00,5,NULL,Success,Fuel,Hyderabad,Telangana,0
3749,63,2026-03-08,13:38:37.0000000,Deposit,17691.00,3,11,Success,Healthcare,Coimbatore,Tamil Nadu,0
3750,63,2026-06-10,04:25:03.0000000,Payment,10819.00,1,9,Success,Electronics,Mumbai,Maharashtra,0
3751,63,2026-09-12,19:11:29.0000000,Withdrawal,3947.00,7,NULL,Success,Fuel,Pune,Maharashtra,0
3752,63,2025-12-15,09:57:55.0000000,Transfer,16825.00,5,NULL,Success,Healthcare,Bengaluru,Karnataka,0
3753,63,2026-03-19,00:44:21.0000000,Purchase,9953.00,3,3,Success,Electronics,Delhi,Delhi,0
3754,63,2026-06-21,15:30:47.0000000,Deposit,3081.00,1,1,Success,Fuel,Chennai,Tamil Nadu,0
3755,63,2026-09-23,06:17:13.0000000,Payment,15959.00,7,NULL,Success,Healthcare,Hyderabad,Telangana,0
3756,63,2025-12-26,21:03:39.0000000,Withdrawal,9087.00,5,NULL,Success,Electronics,Coimbatore,Tamil Nadu,0
3757,63,2026-03-30,11:50:05.0000000,Transfer,2215.00,3,7,Success,Fuel,Mumbai,Maharashtra,0
3758,63,2026-07-02,02:36:31.0000000,Purchase,15093.00,1,5,Success,Healthcare,Pune,Maharashtra,0
3759,63,2025-10-04,17:22:57.0000000,Deposit,8221.00,7,NULL,Success,Electronics,Bengaluru,Karnataka,0
3760,63,2026-01-06,08:09:23.0000000,Payment,1349.00,5,NULL,Success,Fuel,Delhi,Delhi,0
3761,63,2026-04-10,22:55:49.0000000,Withdrawal,14227.00,3,11,Success,Healthcare,Chennai,Tamil Nadu,0
3762,63,2026-07-13,13:42:15.0000000,Transfer,7355.00,1,9,Success,Electronics,Hyderabad,Telangana,0
3763,63,2025-10-15,04:28:41.0000000,Purchase,483.00,7,NULL,Success,Fuel,Coimbatore,Tamil Nadu,0
3764,63,2026-01-17,19:15:07.0000000,Deposit,13361.00,5,NULL,Success,Healthcare,Mumbai,Maharashtra,0
3765,63,2026-04-21,10:01:33.0000000,Payment,154947.00,3,3,Success,Electronics,Pune,Maharashtra,0
3766,63,2026-07-24,00:47:59.0000000,Withdrawal,19367.00,1,1,Reversed,Fuel,Bengaluru,Karnataka,0
3767,63,2025-10-26,15:34:25.0000000,Transfer,12495.00,7,NULL,Success,Healthcare,Delhi,Delhi,0
3768,63,2026-01-28,06:20:51.0000000,Purchase,5623.00,5,NULL,Success,Electronics,Chennai,Tamil Nadu,0
3769,63,2026-05-02,21:07:17.0000000,Deposit,18501.00,3,7,Success,Fuel,Hyderabad,Telangana,0
3770,63,2026-08-04,11:53:43.0000000,Payment,11629.00,1,5,Success,Healthcare,Coimbatore,Tamil Nadu,0
3771,63,2025-11-06,02:40:09.0000000,Withdrawal,4757.00,7,NULL,Success,Electronics,Mumbai,Maharashtra,0
3772,63,2026-02-08,17:26:35.0000000,Transfer,17635.00,5,NULL,Success,Fuel,Pune,Maharashtra,0
3773,63,2026-05-13,08:13:01.0000000,Purchase,80699.00,3,11,Success,Healthcare,Bengaluru,Karnataka,0
3774,63,2026-08-15,22:59:27.0000000,Deposit,3891.00,1,9,Success,Electronics,Delhi,Delhi,0
3775,63,2025-11-17,13:45:53.0000000,Payment,16769.00,7,NULL,Failed,Fuel,Chennai,Tamil Nadu,0
3776,63,2026-02-19,04:32:19.0000000,Withdrawal,9897.00,5,NULL,Success,Healthcare,Hyderabad,Telangana,0
3777,64,2025-11-30,11:59:00.0000000,Purchase,8470.00,4,NULL,Success,Grocery,Delhi,Delhi,0
3778,64,2026-03-04,02:45:26.0000000,Deposit,1598.00,2,10,Success,Travel,Chennai,Tamil Nadu,0
3779,64,2026-06-06,17:31:52.0000000,Payment,14476.00,8,NULL,Success,Restaurant,Hyderabad,Telangana,0
3780,64,2026-09-08,08:18:18.0000000,Withdrawal,7604.00,6,NULL,Success,Grocery,Coimbatore,Tamil Nadu,0
3781,64,2025-12-11,23:04:44.0000000,Transfer,732.00,4,NULL,Success,Travel,Mumbai,Maharashtra,0
3782,64,2026-03-15,13:51:10.0000000,Purchase,13610.00,2,2,Pending,Restaurant,Pune,Maharashtra,0
3783,64,2026-06-17,04:37:36.0000000,Deposit,6738.00,8,NULL,Success,Grocery,Bengaluru,Karnataka,0
3784,64,2026-09-19,19:24:02.0000000,Payment,19616.00,6,NULL,Success,Travel,Delhi,Delhi,0
3785,64,2025-12-22,10:10:28.0000000,Withdrawal,12744.00,4,NULL,Failed,Restaurant,Chennai,Tamil Nadu,0
3786,64,2026-03-26,00:56:54.0000000,Transfer,5872.00,2,6,Success,Grocery,Hyderabad,Telangana,0
3787,64,2026-06-28,15:43:20.0000000,Purchase,18750.00,8,NULL,Success,Travel,Coimbatore,Tamil Nadu,0
3788,64,2026-09-30,06:29:46.0000000,Deposit,11878.00,6,NULL,Success,Restaurant,Mumbai,Maharashtra,0
3789,64,2026-01-02,21:16:12.0000000,Payment,5006.00,4,NULL,Success,Grocery,Pune,Maharashtra,0
3790,64,2026-04-06,12:02:38.0000000,Withdrawal,17884.00,2,10,Success,Travel,Bengaluru,Karnataka,0
3791,64,2026-07-09,02:49:04.0000000,Transfer,11012.00,8,NULL,Success,Restaurant,Delhi,Delhi,0
3792,64,2025-10-11,17:35:30.0000000,Purchase,4140.00,6,NULL,Success,Grocery,Chennai,Tamil Nadu,0
3793,64,2026-01-13,08:21:56.0000000,Deposit,17018.00,4,NULL,Success,Travel,Hyderabad,Telangana,0
3794,64,2026-04-17,23:08:22.0000000,Payment,10146.00,2,2,Success,Restaurant,Coimbatore,Tamil Nadu,0
3795,64,2026-07-20,13:54:48.0000000,Withdrawal,3274.00,8,NULL,Success,Grocery,Mumbai,Maharashtra,0
3796,64,2025-10-22,04:41:14.0000000,Transfer,16152.00,6,NULL,Reversed,Travel,Pune,Maharashtra,0
3797,64,2026-01-24,19:27:40.0000000,Purchase,151940.00,4,NULL,Success,Restaurant,Bengaluru,Karnataka,0
3798,64,2026-04-28,10:14:06.0000000,Deposit,2408.00,2,6,Success,Grocery,Delhi,Delhi,1
3799,64,2026-07-31,01:00:32.0000000,Payment,15286.00,8,NULL,Success,Travel,Chennai,Tamil Nadu,0
3800,64,2025-11-02,15:46:58.0000000,Withdrawal,8414.00,6,NULL,Success,Restaurant,Hyderabad,Telangana,0
3801,64,2026-02-04,06:33:24.0000000,Transfer,1542.00,4,NULL,Success,Grocery,Coimbatore,Tamil Nadu,0
3802,64,2026-05-09,21:19:50.0000000,Purchase,14420.00,2,10,Success,Travel,Mumbai,Maharashtra,0
3803,64,2026-08-11,12:06:16.0000000,Deposit,7548.00,8,NULL,Success,Restaurant,Pune,Maharashtra,0
3804,64,2025-11-13,02:52:42.0000000,Payment,676.00,6,NULL,Success,Grocery,Bengaluru,Karnataka,0
3805,64,2026-02-15,17:39:08.0000000,Withdrawal,13554.00,4,NULL,Success,Travel,Delhi,Delhi,0
3806,64,2026-05-20,08:25:34.0000000,Transfer,6682.00,2,2,Success,Restaurant,Chennai,Tamil Nadu,0
3807,64,2026-08-22,23:12:00.0000000,Purchase,19560.00,8,NULL,Success,Grocery,Hyderabad,Telangana,0
3808,64,2025-11-24,13:58:26.0000000,Deposit,12688.00,6,NULL,Success,Travel,Coimbatore,Tamil Nadu,0
3809,64,2026-02-26,04:44:52.0000000,Payment,5816.00,4,NULL,Success,Restaurant,Mumbai,Maharashtra,0
3810,64,2026-05-31,19:31:18.0000000,Withdrawal,18694.00,2,6,Success,Grocery,Pune,Maharashtra,0
3811,64,2026-09-02,10:17:44.0000000,Transfer,11822.00,8,NULL,Success,Travel,Bengaluru,Karnataka,0
3812,64,2025-12-05,01:04:10.0000000,Purchase,4950.00,6,NULL,Success,Restaurant,Delhi,Delhi,0
3813,64,2026-03-09,15:50:36.0000000,Deposit,78444.00,4,NULL,Success,Grocery,Chennai,Tamil Nadu,0
3814,64,2026-06-11,06:37:02.0000000,Payment,10956.00,2,10,Failed,Travel,Hyderabad,Telangana,0
3815,64,2026-09-13,21:23:28.0000000,Withdrawal,4084.00,8,NULL,Success,Restaurant,Coimbatore,Tamil Nadu,0
3816,64,2025-12-16,12:09:54.0000000,Transfer,16962.00,6,NULL,Success,Grocery,Mumbai,Maharashtra,0
3817,64,2026-03-20,02:56:20.0000000,Purchase,10090.00,4,NULL,Success,Travel,Pune,Maharashtra,0
3818,64,2026-06-22,17:42:46.0000000,Deposit,3218.00,2,2,Success,Restaurant,Bengaluru,Karnataka,0
3819,64,2026-09-24,08:29:12.0000000,Payment,16096.00,8,NULL,Success,Grocery,Delhi,Delhi,0
3820,64,2025-12-27,23:15:38.0000000,Withdrawal,9224.00,6,NULL,Success,Travel,Chennai,Tamil Nadu,0
3821,64,2026-03-31,14:02:04.0000000,Transfer,2352.00,4,NULL,Success,Restaurant,Hyderabad,Telangana,0
3822,64,2026-07-03,04:48:30.0000000,Purchase,15230.00,2,6,Success,Grocery,Coimbatore,Tamil Nadu,0
3823,64,2025-10-05,19:34:56.0000000,Deposit,8358.00,8,NULL,Success,Travel,Mumbai,Maharashtra,0
3824,64,2026-01-07,10:21:22.0000000,Payment,1486.00,6,NULL,Success,Restaurant,Pune,Maharashtra,0
3825,64,2026-04-11,01:07:48.0000000,Withdrawal,14364.00,4,NULL,Success,Grocery,Bengaluru,Karnataka,0
3826,64,2026-07-14,15:54:14.0000000,Transfer,7492.00,2,10,Success,Travel,Delhi,Delhi,0
3827,64,2025-10-16,06:40:40.0000000,Purchase,620.00,8,NULL,Success,Restaurant,Chennai,Tamil Nadu,0
3828,64,2026-01-18,21:27:06.0000000,Deposit,13498.00,6,NULL,Success,Grocery,Hyderabad,Telangana,0
3829,64,2026-04-22,12:13:32.0000000,Payment,6626.00,4,NULL,Success,Travel,Coimbatore,Tamil Nadu,0
3830,64,2026-07-25,02:59:58.0000000,Withdrawal,19504.00,2,2,Success,Restaurant,Mumbai,Maharashtra,0
3831,64,2025-10-27,17:46:24.0000000,Transfer,12632.00,8,NULL,Success,Grocery,Pune,Maharashtra,0
3832,64,2026-01-29,08:32:50.0000000,Purchase,5760.00,6,NULL,Success,Travel,Bengaluru,Karnataka,0
3833,64,2026-05-03,23:19:16.0000000,Deposit,18638.00,4,NULL,Success,Restaurant,Delhi,Delhi,0
3834,64,2026-08-05,14:05:42.0000000,Payment,11766.00,2,6,Success,Grocery,Chennai,Tamil Nadu,0
3835,64,2025-11-07,04:52:08.0000000,Withdrawal,4894.00,8,NULL,Pending,Travel,Hyderabad,Telangana,0
3836,64,2026-02-09,19:38:34.0000000,Transfer,17772.00,6,NULL,Success,Restaurant,Coimbatore,Tamil Nadu,0
3837,64,2026-05-14,10:25:00.0000000,Purchase,10900.00,4,NULL,Success,Grocery,Mumbai,Maharashtra,0
3838,64,2026-08-16,01:11:26.0000000,Deposit,4028.00,2,10,Success,Travel,Pune,Maharashtra,0
3839,64,2025-11-18,15:57:52.0000000,Payment,16906.00,8,NULL,Success,Restaurant,Bengaluru,Karnataka,0
3840,64,2026-02-20,06:44:18.0000000,Withdrawal,10034.00,6,NULL,Success,Grocery,Delhi,Delhi,0
3841,66,2025-12-01,14:10:59.0000000,Withdrawal,8607.00,5,NULL,Success,Fuel,Pune,Maharashtra,0
3842,66,2026-03-05,04:57:25.0000000,Transfer,1735.00,3,11,Success,Healthcare,Bengaluru,Karnataka,0
3843,66,2026-06-07,19:43:51.0000000,Purchase,14613.00,1,9,Success,Electronics,Delhi,Delhi,0
3844,66,2026-09-09,10:30:17.0000000,Deposit,7741.00,7,NULL,Success,Fuel,Chennai,Tamil Nadu,0
3845,66,2025-12-12,01:16:43.0000000,Payment,869.00,5,NULL,Success,Healthcare,Hyderabad,Telangana,0
3846,66,2026-03-16,16:03:09.0000000,Withdrawal,13747.00,3,3,Success,Electronics,Coimbatore,Tamil Nadu,0
3847,66,2026-06-18,06:49:35.0000000,Transfer,6875.00,1,1,Success,Fuel,Mumbai,Maharashtra,0
3848,66,2026-09-20,21:36:01.0000000,Purchase,19753.00,7,NULL,Success,Healthcare,Pune,Maharashtra,0
3849,66,2025-12-23,12:22:27.0000000,Deposit,12881.00,5,NULL,Success,Electronics,Bengaluru,Karnataka,0
3850,66,2026-03-27,03:08:53.0000000,Payment,6009.00,3,7,Success,Fuel,Delhi,Delhi,0
3851,66,2026-06-29,17:55:19.0000000,Withdrawal,18887.00,1,5,Success,Healthcare,Chennai,Tamil Nadu,0
3852,66,2025-10-01,08:41:45.0000000,Transfer,12015.00,7,NULL,Success,Electronics,Hyderabad,Telangana,0
3853,66,2026-01-03,23:28:11.0000000,Purchase,76189.00,5,NULL,Failed,Fuel,Coimbatore,Tamil Nadu,0
3854,66,2026-04-07,14:14:37.0000000,Deposit,18021.00,3,11,Success,Healthcare,Mumbai,Maharashtra,0
3855,66,2026-07-10,05:01:03.0000000,Payment,11149.00,1,9,Success,Electronics,Pune,Maharashtra,0
3856,66,2025-10-12,19:47:29.0000000,Withdrawal,4277.00,7,NULL,Success,Fuel,Bengaluru,Karnataka,0
3857,66,2026-01-14,10:33:55.0000000,Transfer,17155.00,5,NULL,Success,Healthcare,Delhi,Delhi,0
3858,66,2026-04-18,01:20:21.0000000,Purchase,10283.00,3,3,Success,Electronics,Chennai,Tamil Nadu,0
3859,66,2026-07-21,16:06:47.0000000,Deposit,3411.00,1,1,Success,Fuel,Hyderabad,Telangana,0
3860,66,2025-10-23,06:53:13.0000000,Payment,16289.00,7,NULL,Success,Healthcare,Coimbatore,Tamil Nadu,0
3861,66,2026-01-25,21:39:39.0000000,Withdrawal,9417.00,5,NULL,Success,Electronics,Mumbai,Maharashtra,0
3862,66,2026-04-29,12:26:05.0000000,Transfer,2545.00,3,7,Success,Fuel,Pune,Maharashtra,0
3863,66,2026-08-01,03:12:31.0000000,Purchase,15423.00,1,5,Success,Healthcare,Bengaluru,Karnataka,0
3864,66,2025-11-03,17:58:57.0000000,Deposit,8551.00,7,NULL,Success,Electronics,Delhi,Delhi,0
3865,66,2026-02-05,08:45:23.0000000,Payment,1679.00,5,NULL,Success,Fuel,Chennai,Tamil Nadu,0
3866,66,2026-05-10,23:31:49.0000000,Withdrawal,14557.00,3,11,Success,Healthcare,Hyderabad,Telangana,0
3867,66,2026-08-12,14:18:15.0000000,Transfer,7685.00,1,9,Success,Electronics,Coimbatore,Tamil Nadu,0
3868,66,2025-11-14,05:04:41.0000000,Purchase,813.00,7,NULL,Success,Fuel,Mumbai,Maharashtra,1
3869,66,2026-02-16,19:51:07.0000000,Deposit,13691.00,5,NULL,Success,Healthcare,Pune,Maharashtra,0
3870,66,2026-05-21,10:37:33.0000000,Payment,6819.00,3,3,Success,Electronics,Bengaluru,Karnataka,0
3871,66,2026-08-23,01:23:59.0000000,Withdrawal,19697.00,1,1,Success,Fuel,Delhi,Delhi,0
3872,66,2025-11-25,16:10:25.0000000,Transfer,12825.00,7,NULL,Success,Healthcare,Chennai,Tamil Nadu,0
3873,66,2026-02-27,06:56:51.0000000,Purchase,5953.00,5,NULL,Success,Electronics,Hyderabad,Telangana,0
3874,66,2026-06-01,21:43:17.0000000,Deposit,18831.00,3,7,Success,Fuel,Coimbatore,Tamil Nadu,0
3875,66,2026-09-03,12:29:43.0000000,Payment,11959.00,1,5,Success,Healthcare,Mumbai,Maharashtra,0
3876,66,2025-12-06,03:16:09.0000000,Withdrawal,5087.00,7,NULL,Success,Electronics,Pune,Maharashtra,0
3877,66,2026-03-10,18:02:35.0000000,Transfer,17965.00,5,NULL,Pending,Fuel,Bengaluru,Karnataka,0
3878,66,2026-06-12,08:49:01.0000000,Purchase,11093.00,3,11,Success,Healthcare,Delhi,Delhi,0
3879,66,2026-09-14,23:35:27.0000000,Deposit,4221.00,1,9,Success,Electronics,Chennai,Tamil Nadu,0
3880,66,2025-12-17,14:21:53.0000000,Payment,17099.00,7,NULL,Success,Fuel,Hyderabad,Telangana,0
3881,66,2026-03-21,05:08:19.0000000,Withdrawal,10227.00,5,NULL,Success,Healthcare,Coimbatore,Tamil Nadu,0
3882,66,2026-06-23,19:54:45.0000000,Transfer,3355.00,3,3,Failed,Electronics,Mumbai,Maharashtra,0
3883,66,2026-09-25,10:41:11.0000000,Purchase,16233.00,1,1,Success,Fuel,Pune,Maharashtra,0
3884,66,2025-12-28,01:27:37.0000000,Deposit,9361.00,7,NULL,Success,Healthcare,Bengaluru,Karnataka,0
3885,66,2026-04-01,16:14:03.0000000,Payment,2489.00,5,NULL,Success,Electronics,Delhi,Delhi,0
3886,66,2026-07-04,07:00:29.0000000,Withdrawal,15367.00,3,7,Success,Fuel,Chennai,Tamil Nadu,0
3887,66,2025-10-06,21:46:55.0000000,Transfer,8495.00,1,5,Success,Healthcare,Hyderabad,Telangana,0
3888,66,2026-01-08,12:33:21.0000000,Purchase,1623.00,7,NULL,Success,Electronics,Coimbatore,Tamil Nadu,0
3889,66,2026-04-12,03:19:47.0000000,Deposit,14501.00,5,NULL,Success,Fuel,Mumbai,Maharashtra,0
3890,66,2026-07-15,18:06:13.0000000,Payment,7629.00,3,11,Success,Healthcare,Pune,Maharashtra,0
3891,66,2025-10-17,08:52:39.0000000,Withdrawal,757.00,1,9,Success,Electronics,Bengaluru,Karnataka,0
3892,66,2026-01-19,23:39:05.0000000,Transfer,13635.00,7,NULL,Success,Fuel,Delhi,Delhi,0
3893,66,2026-04-23,14:25:31.0000000,Purchase,6763.00,5,NULL,Success,Healthcare,Chennai,Tamil Nadu,0
3894,66,2026-07-26,05:11:57.0000000,Deposit,80043.00,3,3,Success,Electronics,Hyderabad,Telangana,0
3895,66,2025-10-28,19:58:23.0000000,Payment,12769.00,1,1,Success,Fuel,Coimbatore,Tamil Nadu,0
3896,66,2026-01-30,10:44:49.0000000,Withdrawal,5897.00,7,NULL,Success,Healthcare,Mumbai,Maharashtra,0
3897,66,2026-05-04,01:31:15.0000000,Transfer,18775.00,5,NULL,Reversed,Electronics,Pune,Maharashtra,0
3898,66,2026-08-06,16:17:41.0000000,Purchase,11903.00,3,7,Success,Fuel,Bengaluru,Karnataka,0
3899,66,2025-11-08,07:04:07.0000000,Deposit,5031.00,1,5,Success,Healthcare,Delhi,Delhi,0
3900,66,2026-02-10,21:50:33.0000000,Payment,17909.00,7,NULL,Success,Electronics,Chennai,Tamil Nadu,0
3901,66,2026-05-15,12:36:59.0000000,Withdrawal,11037.00,5,NULL,Success,Fuel,Hyderabad,Telangana,0
3902,66,2026-08-17,03:23:25.0000000,Transfer,4165.00,3,11,Success,Healthcare,Coimbatore,Tamil Nadu,0
3903,66,2025-11-19,18:09:51.0000000,Purchase,17043.00,1,9,Success,Electronics,Mumbai,Maharashtra,0
3904,66,2026-02-21,08:56:17.0000000,Deposit,10171.00,7,NULL,Success,Fuel,Pune,Maharashtra,0
3905,67,2025-12-02,16:22:58.0000000,Withdrawal,8744.00,6,NULL,Success,Restaurant,Coimbatore,Tamil Nadu,0
3906,67,2026-03-06,07:09:24.0000000,Transfer,1872.00,4,NULL,Success,Grocery,Mumbai,Maharashtra,0
3907,67,2026-06-08,21:55:50.0000000,Purchase,14750.00,2,10,Success,Travel,Pune,Maharashtra,0
3908,67,2026-09-10,12:42:16.0000000,Deposit,7878.00,8,NULL,Success,Restaurant,Bengaluru,Karnataka,0
3909,67,2025-12-13,03:28:42.0000000,Payment,1006.00,6,NULL,Success,Grocery,Delhi,Delhi,0
3910,67,2026-03-17,18:15:08.0000000,Withdrawal,13884.00,4,NULL,Success,Travel,Chennai,Tamil Nadu,0
3911,67,2026-06-19,09:01:34.0000000,Transfer,7012.00,2,2,Success,Restaurant,Hyderabad,Telangana,0
3912,67,2026-09-21,23:48:00.0000000,Purchase,19890.00,8,NULL,Success,Grocery,Coimbatore,Tamil Nadu,0
3913,67,2025-12-24,14:34:26.0000000,Deposit,13018.00,6,NULL,Success,Travel,Mumbai,Maharashtra,0
3914,67,2026-03-28,05:20:52.0000000,Payment,6146.00,4,NULL,Success,Restaurant,Pune,Maharashtra,0
3915,67,2026-06-30,20:07:18.0000000,Withdrawal,19024.00,2,6,Success,Grocery,Bengaluru,Karnataka,0
3916,67,2025-10-02,10:53:44.0000000,Transfer,12152.00,8,NULL,Success,Travel,Delhi,Delhi,0
3917,67,2026-01-04,01:40:10.0000000,Purchase,5280.00,6,NULL,Success,Restaurant,Chennai,Tamil Nadu,0
3918,67,2026-04-08,16:26:36.0000000,Deposit,18158.00,4,NULL,Success,Grocery,Hyderabad,Telangana,0
3919,67,2026-07-11,07:13:02.0000000,Payment,11286.00,2,10,Pending,Travel,Coimbatore,Tamil Nadu,0
3920,67,2025-10-13,21:59:28.0000000,Withdrawal,4414.00,8,NULL,Success,Restaurant,Mumbai,Maharashtra,0
3921,67,2026-01-15,12:45:54.0000000,Transfer,17292.00,6,NULL,Failed,Grocery,Pune,Maharashtra,0
3922,67,2026-04-19,03:32:20.0000000,Purchase,10420.00,4,NULL,Success,Travel,Bengaluru,Karnataka,0
3923,67,2026-07-22,18:18:46.0000000,Deposit,3548.00,2,2,Success,Restaurant,Delhi,Delhi,0
3924,67,2025-10-24,09:05:12.0000000,Payment,16426.00,8,NULL,Success,Grocery,Chennai,Tamil Nadu,0
3925,67,2026-01-26,23:51:38.0000000,Withdrawal,9554.00,6,NULL,Success,Travel,Hyderabad,Telangana,0
3926,67,2026-04-30,14:38:04.0000000,Transfer,2682.00,4,NULL,Success,Restaurant,Coimbatore,Tamil Nadu,0
3927,67,2026-08-02,05:24:30.0000000,Purchase,15560.00,2,6,Reversed,Grocery,Mumbai,Maharashtra,0
3928,67,2025-11-04,20:10:56.0000000,Deposit,8688.00,8,NULL,Success,Travel,Pune,Maharashtra,0
3929,67,2026-02-06,10:57:22.0000000,Payment,1816.00,6,NULL,Success,Restaurant,Bengaluru,Karnataka,0
3930,67,2026-05-11,01:43:48.0000000,Withdrawal,14694.00,4,NULL,Success,Grocery,Delhi,Delhi,0
3931,67,2026-08-13,16:30:14.0000000,Transfer,7822.00,2,10,Success,Travel,Chennai,Tamil Nadu,0
3932,67,2025-11-15,07:16:40.0000000,Purchase,950.00,8,NULL,Success,Restaurant,Hyderabad,Telangana,0
3933,67,2026-02-17,22:03:06.0000000,Deposit,13828.00,6,NULL,Success,Grocery,Coimbatore,Tamil Nadu,0
3934,67,2026-05-22,12:49:32.0000000,Payment,77788.00,4,NULL,Success,Travel,Mumbai,Maharashtra,0
3935,67,2026-08-24,03:35:58.0000000,Withdrawal,19834.00,2,2,Success,Restaurant,Pune,Maharashtra,0
3936,67,2025-11-26,18:22:24.0000000,Transfer,12962.00,8,NULL,Success,Grocery,Bengaluru,Karnataka,0
3937,67,2026-02-28,09:08:50.0000000,Purchase,6090.00,6,NULL,Success,Travel,Delhi,Delhi,0
3938,67,2026-06-02,23:55:16.0000000,Deposit,18968.00,4,NULL,Success,Restaurant,Chennai,Tamil Nadu,1
3939,67,2026-09-04,14:41:42.0000000,Payment,12096.00,2,6,Success,Grocery,Hyderabad,Telangana,0
3940,67,2025-12-07,05:28:08.0000000,Withdrawal,5224.00,8,NULL,Success,Travel,Coimbatore,Tamil Nadu,0
3941,67,2026-03-11,20:14:34.0000000,Transfer,18102.00,6,NULL,Success,Restaurant,Mumbai,Maharashtra,0
3942,67,2026-06-13,11:01:00.0000000,Purchase,11230.00,4,NULL,Success,Grocery,Pune,Maharashtra,0
3943,67,2026-09-15,01:47:26.0000000,Deposit,4358.00,2,10,Success,Travel,Bengaluru,Karnataka,0
3944,67,2025-12-18,16:33:52.0000000,Payment,17236.00,8,NULL,Success,Restaurant,Delhi,Delhi,0
3945,67,2026-03-22,07:20:18.0000000,Withdrawal,10364.00,6,NULL,Success,Grocery,Chennai,Tamil Nadu,0
3946,67,2026-06-24,22:06:44.0000000,Transfer,3492.00,4,NULL,Success,Travel,Hyderabad,Telangana,0
3947,67,2026-09-26,12:53:10.0000000,Purchase,16370.00,2,2,Success,Restaurant,Coimbatore,Tamil Nadu,0
3948,67,2025-12-29,03:39:36.0000000,Deposit,9498.00,8,NULL,Success,Grocery,Mumbai,Maharashtra,0
3949,67,2026-04-02,18:26:02.0000000,Payment,2626.00,6,NULL,Success,Travel,Pune,Maharashtra,0
3950,67,2026-07-05,09:12:28.0000000,Withdrawal,15504.00,4,NULL,Failed,Restaurant,Bengaluru,Karnataka,0
3951,67,2025-10-07,23:58:54.0000000,Transfer,8632.00,2,6,Success,Grocery,Delhi,Delhi,0
3952,67,2026-01-09,14:45:20.0000000,Purchase,1760.00,8,NULL,Success,Travel,Chennai,Tamil Nadu,0
3953,67,2026-04-13,05:31:46.0000000,Deposit,14638.00,6,NULL,Success,Restaurant,Hyderabad,Telangana,0
3954,67,2026-07-16,20:18:12.0000000,Payment,7766.00,4,NULL,Success,Grocery,Coimbatore,Tamil Nadu,0
3955,67,2025-10-18,11:04:38.0000000,Withdrawal,894.00,2,10,Success,Travel,Mumbai,Maharashtra,0
3956,67,2026-01-20,01:51:04.0000000,Transfer,13772.00,8,NULL,Success,Restaurant,Pune,Maharashtra,0
3957,67,2026-04-24,16:37:30.0000000,Purchase,6900.00,6,NULL,Success,Grocery,Bengaluru,Karnataka,0
3958,67,2026-07-27,07:23:56.0000000,Deposit,155044.00,4,NULL,Success,Travel,Delhi,Delhi,0
3959,67,2025-10-29,22:10:22.0000000,Payment,12906.00,2,2,Success,Restaurant,Chennai,Tamil Nadu,0
3960,67,2026-01-31,12:56:48.0000000,Withdrawal,6034.00,8,NULL,Success,Grocery,Hyderabad,Telangana,0
3961,67,2026-05-05,03:43:14.0000000,Transfer,18912.00,6,NULL,Success,Travel,Coimbatore,Tamil Nadu,0
3962,67,2026-08-07,18:29:40.0000000,Purchase,12040.00,4,NULL,Success,Restaurant,Mumbai,Maharashtra,0
3963,67,2025-11-09,09:16:06.0000000,Deposit,5168.00,2,6,Success,Grocery,Pune,Maharashtra,0
3964,67,2026-02-11,00:02:32.0000000,Payment,18046.00,8,NULL,Success,Travel,Bengaluru,Karnataka,0
3965,67,2026-05-16,14:48:58.0000000,Withdrawal,11174.00,6,NULL,Success,Restaurant,Delhi,Delhi,0
3966,67,2026-08-18,05:35:24.0000000,Transfer,4302.00,4,NULL,Success,Grocery,Chennai,Tamil Nadu,0
3967,67,2025-11-20,20:21:50.0000000,Purchase,17180.00,2,10,Success,Travel,Hyderabad,Telangana,0
3968,67,2026-02-22,11:08:16.0000000,Deposit,10308.00,8,NULL,Success,Restaurant,Coimbatore,Tamil Nadu,0
3969,68,2025-12-03,18:34:57.0000000,Deposit,8881.00,7,NULL,Success,Electronics,Chennai,Tamil Nadu,0
3970,68,2026-03-07,09:21:23.0000000,Payment,2009.00,5,NULL,Success,Fuel,Hyderabad,Telangana,0
3971,68,2026-06-09,00:07:49.0000000,Withdrawal,14887.00,3,11,Success,Healthcare,Coimbatore,Tamil Nadu,0
3972,68,2026-09-11,14:54:15.0000000,Transfer,8015.00,1,9,Success,Electronics,Mumbai,Maharashtra,0
3973,68,2025-12-14,05:40:41.0000000,Purchase,1143.00,7,NULL,Success,Fuel,Pune,Maharashtra,0
3974,68,2026-03-18,20:27:07.0000000,Deposit,75533.00,5,NULL,Success,Healthcare,Bengaluru,Karnataka,0
3975,68,2026-06-20,11:13:33.0000000,Payment,7149.00,3,3,Success,Electronics,Delhi,Delhi,0
3976,68,2026-09-22,01:59:59.0000000,Withdrawal,277.00,1,1,Success,Fuel,Chennai,Tamil Nadu,0
3977,68,2025-12-25,16:46:25.0000000,Transfer,13155.00,7,NULL,Success,Healthcare,Hyderabad,Telangana,0
3978,68,2026-03-29,07:32:51.0000000,Purchase,6283.00,5,NULL,Success,Electronics,Coimbatore,Tamil Nadu,0
3979,68,2026-07-01,22:19:17.0000000,Deposit,19161.00,3,7,Success,Fuel,Mumbai,Maharashtra,0
3980,68,2025-10-03,13:05:43.0000000,Payment,12289.00,1,5,Success,Healthcare,Pune,Maharashtra,0
3981,68,2026-01-05,03:52:09.0000000,Withdrawal,5417.00,7,NULL,Success,Electronics,Bengaluru,Karnataka,0
3982,68,2026-04-09,18:38:35.0000000,Transfer,18295.00,5,NULL,Success,Fuel,Delhi,Delhi,0
3983,68,2026-07-12,09:25:01.0000000,Purchase,11423.00,3,11,Success,Healthcare,Chennai,Tamil Nadu,0
3984,68,2025-10-14,00:11:27.0000000,Deposit,4551.00,1,9,Success,Electronics,Hyderabad,Telangana,0
3985,68,2026-01-16,14:57:53.0000000,Payment,17429.00,7,NULL,Success,Fuel,Coimbatore,Tamil Nadu,0
3986,68,2026-04-20,05:44:19.0000000,Withdrawal,10557.00,5,NULL,Success,Healthcare,Mumbai,Maharashtra,0
3987,68,2026-07-23,20:30:45.0000000,Transfer,3685.00,3,3,Success,Electronics,Pune,Maharashtra,0
3988,68,2025-10-25,11:17:11.0000000,Purchase,16563.00,1,1,Success,Fuel,Bengaluru,Karnataka,0
3989,68,2026-01-27,02:03:37.0000000,Deposit,9691.00,7,NULL,Failed,Healthcare,Delhi,Delhi,0
3990,68,2026-05-01,16:50:03.0000000,Payment,152037.00,5,NULL,Success,Electronics,Chennai,Tamil Nadu,0
3991,68,2026-08-03,07:36:29.0000000,Withdrawal,15697.00,3,7,Success,Fuel,Hyderabad,Telangana,0
3992,68,2025-11-05,22:22:55.0000000,Transfer,8825.00,1,5,Success,Healthcare,Coimbatore,Tamil Nadu,0
3993,68,2026-02-07,13:09:21.0000000,Purchase,1953.00,7,NULL,Success,Electronics,Mumbai,Maharashtra,0
3994,68,2026-05-12,03:55:47.0000000,Deposit,14831.00,5,NULL,Success,Fuel,Pune,Maharashtra,0
3995,68,2026-08-14,18:42:13.0000000,Payment,7959.00,3,11,Success,Healthcare,Bengaluru,Karnataka,0
3996,68,2025-11-16,09:28:39.0000000,Withdrawal,1087.00,1,9,Success,Electronics,Delhi,Delhi,0
3997,68,2026-02-18,00:15:05.0000000,Transfer,13965.00,7,NULL,Success,Fuel,Chennai,Tamil Nadu,0
3998,68,2026-05-23,15:01:31.0000000,Purchase,7093.00,5,NULL,Success,Healthcare,Hyderabad,Telangana,0
3999,68,2026-08-25,05:47:57.0000000,Deposit,19971.00,3,3,Success,Electronics,Coimbatore,Tamil Nadu,0
4000,68,2025-11-27,20:34:23.0000000,Payment,13099.00,1,1,Success,Fuel,Mumbai,Maharashtra,0
4001,68,2026-03-01,11:20:49.0000000,Withdrawal,6227.00,7,NULL,Success,Healthcare,Pune,Maharashtra,0
4002,68,2026-06-03,02:07:15.0000000,Transfer,19105.00,5,NULL,Success,Electronics,Bengaluru,Karnataka,0
4003,68,2026-09-05,16:53:41.0000000,Purchase,12233.00,3,7,Success,Fuel,Delhi,Delhi,0
4004,68,2025-12-08,07:40:07.0000000,Deposit,5361.00,1,5,Success,Healthcare,Chennai,Tamil Nadu,0
4005,68,2026-03-12,22:26:33.0000000,Payment,18239.00,7,NULL,Success,Electronics,Hyderabad,Telangana,0
4006,68,2026-06-14,13:12:59.0000000,Withdrawal,11367.00,5,NULL,Success,Fuel,Coimbatore,Tamil Nadu,0
4007,68,2026-09-16,03:59:25.0000000,Transfer,4495.00,3,11,Success,Healthcare,Mumbai,Maharashtra,0
4008,68,2025-12-19,18:45:51.0000000,Purchase,17373.00,1,9,Success,Electronics,Pune,Maharashtra,1
4009,68,2026-03-23,09:32:17.0000000,Deposit,10501.00,7,NULL,Success,Fuel,Bengaluru,Karnataka,0
4010,68,2026-06-25,00:18:43.0000000,Payment,3629.00,5,NULL,Success,Healthcare,Delhi,Delhi,0
4011,68,2026-09-27,15:05:09.0000000,Withdrawal,16507.00,3,3,Success,Electronics,Chennai,Tamil Nadu,0
4012,68,2025-12-30,05:51:35.0000000,Transfer,9635.00,1,1,Success,Fuel,Hyderabad,Telangana,0
4013,68,2026-04-03,20:38:01.0000000,Purchase,2763.00,7,NULL,Success,Healthcare,Coimbatore,Tamil Nadu,0
4014,68,2026-07-06,11:24:27.0000000,Deposit,15641.00,5,NULL,Pending,Electronics,Mumbai,Maharashtra,0
4015,68,2025-10-08,02:10:53.0000000,Payment,79387.00,3,7,Success,Fuel,Pune,Maharashtra,0
4016,68,2026-01-10,16:57:19.0000000,Withdrawal,1897.00,1,5,Success,Healthcare,Bengaluru,Karnataka,0
4017,68,2026-04-14,07:43:45.0000000,Transfer,14775.00,7,NULL,Success,Electronics,Delhi,Delhi,0
4018,68,2026-07-17,22:30:11.0000000,Purchase,7903.00,5,NULL,Failed,Fuel,Chennai,Tamil Nadu,0
4019,68,2025-10-19,13:16:37.0000000,Deposit,1031.00,3,11,Success,Healthcare,Hyderabad,Telangana,0
4020,68,2026-01-21,04:03:03.0000000,Payment,13909.00,1,9,Success,Electronics,Coimbatore,Tamil Nadu,0
4021,68,2026-04-25,18:49:29.0000000,Withdrawal,7037.00,7,NULL,Success,Fuel,Mumbai,Maharashtra,0
4022,68,2026-07-28,09:35:55.0000000,Transfer,19915.00,5,NULL,Success,Healthcare,Pune,Maharashtra,0
4023,68,2025-10-30,00:22:21.0000000,Purchase,13043.00,3,3,Success,Electronics,Bengaluru,Karnataka,0
4024,68,2026-02-01,15:08:47.0000000,Deposit,6171.00,1,1,Success,Fuel,Delhi,Delhi,0
4025,68,2026-05-06,05:55:13.0000000,Payment,19049.00,7,NULL,Success,Healthcare,Chennai,Tamil Nadu,0
4026,68,2026-08-08,20:41:39.0000000,Withdrawal,12177.00,5,NULL,Success,Electronics,Hyderabad,Telangana,0
4027,68,2025-11-10,11:28:05.0000000,Transfer,5305.00,3,7,Success,Fuel,Coimbatore,Tamil Nadu,0
4028,68,2026-02-12,02:14:31.0000000,Purchase,18183.00,1,5,Reversed,Healthcare,Mumbai,Maharashtra,0
4029,68,2026-05-17,17:00:57.0000000,Deposit,11311.00,7,NULL,Success,Electronics,Pune,Maharashtra,0
4030,68,2026-08-19,07:47:23.0000000,Payment,4439.00,5,NULL,Success,Fuel,Bengaluru,Karnataka,0
4031,68,2025-11-21,22:33:49.0000000,Withdrawal,17317.00,3,11,Success,Healthcare,Delhi,Delhi,0
4032,68,2026-02-23,13:20:15.0000000,Transfer,10445.00,1,9,Success,Electronics,Chennai,Tamil Nadu,0
4033,69,2025-12-04,20:46:56.0000000,Deposit,9018.00,8,NULL,Success,Travel,Bengaluru,Karnataka,0
4034,69,2026-03-08,11:33:22.0000000,Payment,2146.00,6,NULL,Success,Restaurant,Delhi,Delhi,0
4035,69,2026-06-10,02:19:48.0000000,Withdrawal,15024.00,4,NULL,Success,Grocery,Chennai,Tamil Nadu,0
4036,69,2026-09-12,17:06:14.0000000,Transfer,8152.00,2,10,Success,Travel,Hyderabad,Telangana,0
4037,69,2025-12-15,07:52:40.0000000,Purchase,1280.00,8,NULL,Success,Restaurant,Coimbatore,Tamil Nadu,0
4038,69,2026-03-19,22:39:06.0000000,Deposit,14158.00,6,NULL,Success,Grocery,Mumbai,Maharashtra,0
4039,69,2026-06-21,13:25:32.0000000,Payment,7286.00,4,NULL,Success,Travel,Pune,Maharashtra,0
4040,69,2026-09-23,04:11:58.0000000,Withdrawal,414.00,2,2,Success,Restaurant,Bengaluru,Karnataka,0
4041,69,2025-12-26,18:58:24.0000000,Transfer,13292.00,8,NULL,Success,Grocery,Delhi,Delhi,0
4042,69,2026-03-30,09:44:50.0000000,Purchase,6420.00,6,NULL,Success,Travel,Chennai,Tamil Nadu,0
4043,69,2026-07-02,00:31:16.0000000,Deposit,19298.00,4,NULL,Success,Restaurant,Hyderabad,Telangana,0
4044,69,2025-10-04,15:17:42.0000000,Payment,12426.00,2,6,Success,Grocery,Coimbatore,Tamil Nadu,0
4045,69,2026-01-06,06:04:08.0000000,Withdrawal,5554.00,8,NULL,Success,Travel,Mumbai,Maharashtra,0
4046,69,2026-04-10,20:50:34.0000000,Transfer,18432.00,6,NULL,Success,Restaurant,Pune,Maharashtra,0
4047,69,2026-07-13,11:37:00.0000000,Purchase,11560.00,4,NULL,Success,Grocery,Bengaluru,Karnataka,0
4048,69,2025-10-15,02:23:26.0000000,Deposit,4688.00,2,10,Success,Travel,Delhi,Delhi,0
4049,69,2026-01-17,17:09:52.0000000,Payment,17566.00,8,NULL,Success,Restaurant,Chennai,Tamil Nadu,0
4050,69,2026-04-21,07:56:18.0000000,Withdrawal,10694.00,6,NULL,Success,Grocery,Hyderabad,Telangana,0
4051,69,2026-07-24,22:42:44.0000000,Transfer,3822.00,4,NULL,Success,Travel,Coimbatore,Tamil Nadu,0
4052,69,2025-10-26,13:29:10.0000000,Purchase,16700.00,2,2,Success,Restaurant,Mumbai,Maharashtra,0
4053,69,2026-01-28,04:15:36.0000000,Deposit,9828.00,8,NULL,Success,Grocery,Pune,Maharashtra,0
4054,69,2026-05-02,19:02:02.0000000,Payment,2956.00,6,NULL,Success,Travel,Bengaluru,Karnataka,0
4055,69,2026-08-04,09:48:28.0000000,Withdrawal,77132.00,4,NULL,Success,Restaurant,Delhi,Delhi,0
4056,69,2025-11-06,00:34:54.0000000,Transfer,8962.00,2,6,Pending,Grocery,Chennai,Tamil Nadu,0
4057,69,2026-02-08,15:21:20.0000000,Purchase,2090.00,8,NULL,Failed,Travel,Hyderabad,Telangana,0
4058,69,2026-05-13,06:07:46.0000000,Deposit,14968.00,6,NULL,Reversed,Restaurant,Coimbatore,Tamil Nadu,0
4059,69,2026-08-15,20:54:12.0000000,Payment,8096.00,4,NULL,Success,Grocery,Mumbai,Maharashtra,0
4060,69,2025-11-17,11:40:38.0000000,Withdrawal,1224.00,2,10,Success,Travel,Pune,Maharashtra,0
4061,69,2026-02-19,02:27:04.0000000,Transfer,14102.00,8,NULL,Success,Restaurant,Bengaluru,Karnataka,0
4062,69,2026-05-24,17:13:30.0000000,Purchase,7230.00,6,NULL,Success,Grocery,Delhi,Delhi,0
4063,69,2026-08-26,07:59:56.0000000,Deposit,358.00,4,NULL,Success,Travel,Chennai,Tamil Nadu,0
4064,69,2025-11-28,22:46:22.0000000,Payment,13236.00,2,2,Success,Restaurant,Hyderabad,Telangana,0
4065,69,2026-03-02,13:32:48.0000000,Withdrawal,6364.00,8,NULL,Success,Grocery,Coimbatore,Tamil Nadu,0
4066,69,2026-06-04,04:19:14.0000000,Transfer,19242.00,6,NULL,Success,Travel,Mumbai,Maharashtra,0
4067,69,2026-09-06,19:05:40.0000000,Purchase,12370.00,4,NULL,Success,Restaurant,Pune,Maharashtra,0
4068,69,2025-12-09,09:52:06.0000000,Deposit,5498.00,2,6,Success,Grocery,Bengaluru,Karnataka,0
4069,69,2026-03-13,00:38:32.0000000,Payment,18376.00,8,NULL,Success,Travel,Delhi,Delhi,0
4070,69,2026-06-15,15:24:58.0000000,Withdrawal,11504.00,6,NULL,Success,Restaurant,Chennai,Tamil Nadu,0
4071,69,2026-09-17,06:11:24.0000000,Transfer,4632.00,4,NULL,Success,Grocery,Hyderabad,Telangana,0
4072,69,2025-12-20,20:57:50.0000000,Purchase,17510.00,2,10,Success,Travel,Coimbatore,Tamil Nadu,0
4073,69,2026-03-24,11:44:16.0000000,Deposit,10638.00,8,NULL,Success,Restaurant,Mumbai,Maharashtra,0
4074,69,2026-06-26,02:30:42.0000000,Payment,3766.00,6,NULL,Success,Grocery,Pune,Maharashtra,0
4075,69,2026-09-28,17:17:08.0000000,Withdrawal,16644.00,4,NULL,Success,Travel,Bengaluru,Karnataka,0
4076,69,2025-12-31,08:03:34.0000000,Transfer,9772.00,2,2,Success,Restaurant,Delhi,Delhi,0
4077,69,2026-04-04,22:50:00.0000000,Purchase,2900.00,8,NULL,Success,Grocery,Chennai,Tamil Nadu,0
4078,69,2026-07-07,13:36:26.0000000,Deposit,15778.00,6,NULL,Success,Travel,Hyderabad,Telangana,1
4079,69,2025-10-09,04:22:52.0000000,Payment,8906.00,4,NULL,Success,Restaurant,Coimbatore,Tamil Nadu,0
4080,69,2026-01-11,19:09:18.0000000,Withdrawal,2034.00,2,6,Success,Grocery,Mumbai,Maharashtra,0
4081,69,2026-04-15,09:55:44.0000000,Transfer,14912.00,8,NULL,Success,Travel,Pune,Maharashtra,0
4082,69,2026-07-18,00:42:10.0000000,Purchase,8040.00,6,NULL,Success,Restaurant,Bengaluru,Karnataka,0
4083,69,2025-10-20,15:28:36.0000000,Deposit,1168.00,4,NULL,Success,Grocery,Delhi,Delhi,0
4084,69,2026-01-22,06:15:02.0000000,Payment,14046.00,2,10,Success,Travel,Chennai,Tamil Nadu,0
4085,69,2026-04-26,21:01:28.0000000,Withdrawal,7174.00,8,NULL,Success,Restaurant,Hyderabad,Telangana,0
4086,69,2026-07-29,11:47:54.0000000,Transfer,302.00,6,NULL,Failed,Grocery,Coimbatore,Tamil Nadu,0
4087,69,2025-10-31,02:34:20.0000000,Purchase,13180.00,4,NULL,Success,Travel,Mumbai,Maharashtra,0
4088,69,2026-02-02,17:20:46.0000000,Deposit,6308.00,2,2,Success,Restaurant,Pune,Maharashtra,0
4089,69,2026-05-07,08:07:12.0000000,Payment,19186.00,8,NULL,Success,Grocery,Bengaluru,Karnataka,0
4090,69,2026-08-09,22:53:38.0000000,Withdrawal,12314.00,6,NULL,Success,Travel,Delhi,Delhi,0
4091,69,2025-11-11,13:40:04.0000000,Transfer,5442.00,4,NULL,Success,Restaurant,Chennai,Tamil Nadu,0
4092,69,2026-02-13,04:26:30.0000000,Purchase,18320.00,2,6,Success,Grocery,Hyderabad,Telangana,0
4093,69,2026-05-18,19:12:56.0000000,Deposit,11448.00,8,NULL,Success,Travel,Coimbatore,Tamil Nadu,0
4094,69,2026-08-20,09:59:22.0000000,Payment,4576.00,6,NULL,Success,Restaurant,Mumbai,Maharashtra,0
4095,69,2025-11-22,00:45:48.0000000,Withdrawal,17454.00,4,NULL,Success,Grocery,Pune,Maharashtra,0
4096,69,2026-02-24,15:32:14.0000000,Transfer,80986.00,2,10,Success,Travel,Bengaluru,Karnataka,0
4097,70,2025-12-05,22:58:55.0000000,Transfer,9155.00,1,5,Success,Healthcare,Mumbai,Maharashtra,0
4098,70,2026-03-09,13:45:21.0000000,Purchase,2283.00,7,NULL,Pending,Electronics,Pune,Maharashtra,0
4099,70,2026-06-11,04:31:47.0000000,Deposit,15161.00,5,NULL,Success,Fuel,Bengaluru,Karnataka,0
4100,70,2026-09-13,19:18:13.0000000,Payment,8289.00,3,11,Success,Healthcare,Delhi,Delhi,0
4101,70,2025-12-16,10:04:39.0000000,Withdrawal,1417.00,1,9,Success,Electronics,Chennai,Tamil Nadu,0
4102,70,2026-03-20,00:51:05.0000000,Transfer,14295.00,7,NULL,Success,Fuel,Hyderabad,Telangana,0
4103,70,2026-06-22,15:37:31.0000000,Purchase,7423.00,5,NULL,Success,Healthcare,Coimbatore,Tamil Nadu,0
4104,70,2026-09-24,06:23:57.0000000,Deposit,551.00,3,3,Success,Electronics,Mumbai,Maharashtra,0
4105,70,2025-12-27,21:10:23.0000000,Payment,13429.00,1,1,Success,Fuel,Pune,Maharashtra,0
4106,70,2026-03-31,11:56:49.0000000,Withdrawal,6557.00,7,NULL,Success,Healthcare,Bengaluru,Karnataka,0
4107,70,2026-07-03,02:43:15.0000000,Transfer,19435.00,5,NULL,Success,Electronics,Delhi,Delhi,0
4108,70,2025-10-05,17:29:41.0000000,Purchase,12563.00,3,7,Success,Fuel,Chennai,Tamil Nadu,0
4109,70,2026-01-07,08:16:07.0000000,Deposit,5691.00,1,5,Success,Healthcare,Hyderabad,Telangana,0
4110,70,2026-04-11,23:02:33.0000000,Payment,18569.00,7,NULL,Success,Electronics,Coimbatore,Tamil Nadu,0
4111,70,2026-07-14,13:48:59.0000000,Withdrawal,11697.00,5,NULL,Success,Fuel,Mumbai,Maharashtra,0
4112,70,2025-10-16,04:35:25.0000000,Transfer,4825.00,3,11,Success,Healthcare,Pune,Maharashtra,0
4113,70,2026-01-18,19:21:51.0000000,Purchase,17703.00,1,9,Success,Electronics,Bengaluru,Karnataka,0
4114,70,2026-04-22,10:08:17.0000000,Deposit,10831.00,7,NULL,Success,Fuel,Delhi,Delhi,0
4115,70,2026-07-25,00:54:43.0000000,Payment,3959.00,5,NULL,Success,Healthcare,Chennai,Tamil Nadu,0
4116,70,2025-10-27,15:41:09.0000000,Withdrawal,16837.00,3,3,Success,Electronics,Hyderabad,Telangana,0
4117,70,2026-01-29,06:27:35.0000000,Transfer,9965.00,1,1,Success,Fuel,Coimbatore,Tamil Nadu,0
4118,70,2026-05-03,21:14:01.0000000,Purchase,3093.00,7,NULL,Success,Healthcare,Mumbai,Maharashtra,0
4119,70,2026-08-05,12:00:27.0000000,Deposit,15971.00,5,NULL,Success,Electronics,Pune,Maharashtra,0
4120,70,2025-11-07,02:46:53.0000000,Payment,9099.00,3,7,Success,Fuel,Bengaluru,Karnataka,0
4121,70,2026-02-09,17:33:19.0000000,Withdrawal,2227.00,1,5,Success,Healthcare,Delhi,Delhi,0
4122,70,2026-05-14,08:19:45.0000000,Transfer,15105.00,7,NULL,Success,Electronics,Chennai,Tamil Nadu,0
4123,70,2026-08-16,23:06:11.0000000,Purchase,8233.00,5,NULL,Success,Fuel,Hyderabad,Telangana,0
4124,70,2025-11-18,13:52:37.0000000,Deposit,1361.00,3,11,Success,Healthcare,Coimbatore,Tamil Nadu,0
4125,70,2026-02-20,04:39:03.0000000,Payment,14239.00,1,9,Failed,Electronics,Mumbai,Maharashtra,0
4126,70,2026-05-25,19:25:29.0000000,Withdrawal,7367.00,7,NULL,Success,Fuel,Pune,Maharashtra,0
4127,70,2026-08-27,10:11:55.0000000,Transfer,495.00,5,NULL,Success,Healthcare,Bengaluru,Karnataka,0
4128,70,2025-11-29,00:58:21.0000000,Purchase,13373.00,3,3,Success,Electronics,Delhi,Delhi,0
4129,70,2026-03-03,15:44:47.0000000,Deposit,6501.00,1,1,Success,Fuel,Chennai,Tamil Nadu,0
4130,70,2026-06-05,06:31:13.0000000,Payment,19379.00,7,NULL,Success,Healthcare,Hyderabad,Telangana,0
4131,70,2026-09-07,21:17:39.0000000,Withdrawal,12507.00,5,NULL,Success,Electronics,Coimbatore,Tamil Nadu,0
4132,70,2025-12-10,12:04:05.0000000,Transfer,5635.00,3,7,Success,Fuel,Mumbai,Maharashtra,0
4133,70,2026-03-14,02:50:31.0000000,Purchase,18513.00,1,5,Success,Healthcare,Pune,Maharashtra,0
4134,70,2026-06-16,17:36:57.0000000,Deposit,11641.00,7,NULL,Success,Electronics,Bengaluru,Karnataka,0
4135,70,2026-09-18,08:23:23.0000000,Payment,4769.00,5,NULL,Success,Fuel,Delhi,Delhi,0
4136,70,2025-12-21,23:09:49.0000000,Withdrawal,78731.00,3,11,Success,Healthcare,Chennai,Tamil Nadu,0
4137,70,2026-03-25,13:56:15.0000000,Transfer,10775.00,1,9,Success,Electronics,Hyderabad,Telangana,0
4138,70,2026-06-27,04:42:41.0000000,Purchase,3903.00,7,NULL,Success,Fuel,Coimbatore,Tamil Nadu,0
4139,70,2026-09-29,19:29:07.0000000,Deposit,16781.00,5,NULL,Success,Healthcare,Mumbai,Maharashtra,0
4140,70,2026-01-01,10:15:33.0000000,Payment,9909.00,3,3,Success,Electronics,Pune,Maharashtra,0
4141,70,2026-04-05,01:01:59.0000000,Withdrawal,3037.00,1,1,Success,Fuel,Bengaluru,Karnataka,0
4142,70,2026-07-08,15:48:25.0000000,Transfer,15915.00,7,NULL,Success,Healthcare,Delhi,Delhi,0
4143,70,2025-10-10,06:34:51.0000000,Purchase,9043.00,5,NULL,Success,Electronics,Chennai,Tamil Nadu,0
4144,70,2026-01-12,21:21:17.0000000,Deposit,2171.00,3,7,Success,Fuel,Hyderabad,Telangana,0
4145,70,2026-04-16,12:07:43.0000000,Payment,15049.00,1,5,Success,Healthcare,Coimbatore,Tamil Nadu,0
4146,70,2026-07-19,02:54:09.0000000,Withdrawal,8177.00,7,NULL,Success,Electronics,Mumbai,Maharashtra,0
4147,70,2025-10-21,17:40:35.0000000,Transfer,1305.00,5,NULL,Success,Fuel,Pune,Maharashtra,0
4148,70,2026-01-23,08:27:01.0000000,Purchase,14183.00,3,11,Success,Healthcare,Bengaluru,Karnataka,1
4149,70,2026-04-27,23:13:27.0000000,Deposit,7311.00,1,9,Success,Electronics,Delhi,Delhi,0
4150,70,2026-07-30,13:59:53.0000000,Payment,439.00,7,NULL,Success,Fuel,Chennai,Tamil Nadu,0
4151,70,2025-11-01,04:46:19.0000000,Withdrawal,155141.00,5,NULL,Pending,Healthcare,Hyderabad,Telangana,0
4152,70,2026-02-03,19:32:45.0000000,Transfer,6445.00,3,3,Success,Electronics,Coimbatore,Tamil Nadu,0
4153,70,2026-05-08,10:19:11.0000000,Purchase,19323.00,1,1,Success,Fuel,Mumbai,Maharashtra,0
4154,70,2026-08-10,01:05:37.0000000,Deposit,12451.00,7,NULL,Failed,Healthcare,Pune,Maharashtra,0
4155,70,2025-11-12,15:52:03.0000000,Payment,5579.00,5,NULL,Success,Electronics,Bengaluru,Karnataka,0
4156,70,2026-02-14,06:38:29.0000000,Withdrawal,18457.00,3,7,Success,Fuel,Delhi,Delhi,0
4157,70,2026-05-19,21:24:55.0000000,Transfer,11585.00,1,5,Success,Healthcare,Chennai,Tamil Nadu,0
4158,70,2026-08-21,12:11:21.0000000,Purchase,4713.00,7,NULL,Success,Electronics,Hyderabad,Telangana,0
4159,70,2025-11-23,02:57:47.0000000,Deposit,17591.00,5,NULL,Reversed,Fuel,Coimbatore,Tamil Nadu,0
4160,70,2026-02-25,17:44:13.0000000,Payment,10719.00,3,11,Success,Healthcare,Mumbai,Maharashtra,0
4161,71,2025-12-06,01:10:54.0000000,Transfer,9292.00,2,6,Success,Grocery,Hyderabad,Telangana,0
4162,71,2026-03-10,15:57:20.0000000,Purchase,2420.00,8,NULL,Success,Travel,Coimbatore,Tamil Nadu,0
4163,71,2026-06-12,06:43:46.0000000,Deposit,15298.00,6,NULL,Success,Restaurant,Mumbai,Maharashtra,0
4164,71,2026-09-14,21:30:12.0000000,Payment,8426.00,4,NULL,Failed,Grocery,Pune,Maharashtra,0
4165,71,2025-12-17,12:16:38.0000000,Withdrawal,1554.00,2,10,Success,Travel,Bengaluru,Karnataka,0
4166,71,2026-03-21,03:03:04.0000000,Transfer,14432.00,8,NULL,Success,Restaurant,Delhi,Delhi,0
4167,71,2026-06-23,17:49:30.0000000,Purchase,7560.00,6,NULL,Success,Grocery,Chennai,Tamil Nadu,0
4168,71,2026-09-25,08:35:56.0000000,Deposit,688.00,4,NULL,Success,Travel,Hyderabad,Telangana,0
4169,71,2025-12-28,23:22:22.0000000,Payment,13566.00,2,2,Success,Restaurant,Coimbatore,Tamil Nadu,0
4170,71,2026-04-01,14:08:48.0000000,Withdrawal,6694.00,8,NULL,Success,Grocery,Mumbai,Maharashtra,0
4171,71,2026-07-04,04:55:14.0000000,Transfer,19572.00,6,NULL,Success,Travel,Pune,Maharashtra,0
4172,71,2025-10-06,19:41:40.0000000,Purchase,12700.00,4,NULL,Success,Restaurant,Bengaluru,Karnataka,0
4173,71,2026-01-08,10:28:06.0000000,Deposit,5828.00,2,6,Success,Grocery,Delhi,Delhi,0
4174,71,2026-04-12,01:14:32.0000000,Payment,18706.00,8,NULL,Success,Travel,Chennai,Tamil Nadu,0
4175,71,2026-07-15,16:00:58.0000000,Withdrawal,11834.00,6,NULL,Success,Restaurant,Hyderabad,Telangana,0
4176,71,2025-10-17,06:47:24.0000000,Transfer,76476.00,4,NULL,Success,Grocery,Coimbatore,Tamil Nadu,0
4177,71,2026-01-19,21:33:50.0000000,Purchase,17840.00,2,10,Success,Travel,Mumbai,Maharashtra,0
4178,71,2026-04-23,12:20:16.0000000,Deposit,10968.00,8,NULL,Success,Restaurant,Pune,Maharashtra,0
4179,71,2026-07-26,03:06:42.0000000,Payment,4096.00,6,NULL,Success,Grocery,Bengaluru,Karnataka,0
4180,71,2025-10-28,17:53:08.0000000,Withdrawal,16974.00,4,NULL,Success,Travel,Delhi,Delhi,0
4181,71,2026-01-30,08:39:34.0000000,Transfer,10102.00,2,2,Success,Restaurant,Chennai,Tamil Nadu,0
4182,71,2026-05-04,23:26:00.0000000,Purchase,3230.00,8,NULL,Success,Grocery,Hyderabad,Telangana,0
4183,71,2026-08-06,14:12:26.0000000,Deposit,152134.00,6,NULL,Success,Travel,Coimbatore,Tamil Nadu,0
4184,71,2025-11-08,04:58:52.0000000,Payment,9236.00,4,NULL,Success,Restaurant,Mumbai,Maharashtra,0
4185,71,2026-02-10,19:45:18.0000000,Withdrawal,2364.00,2,6,Success,Grocery,Pune,Maharashtra,0
4186,71,2026-05-15,10:31:44.0000000,Transfer,15242.00,8,NULL,Success,Travel,Bengaluru,Karnataka,0
4187,71,2026-08-17,01:18:10.0000000,Purchase,8370.00,6,NULL,Success,Restaurant,Delhi,Delhi,0
4188,71,2025-11-19,16:04:36.0000000,Deposit,1498.00,4,NULL,Success,Grocery,Chennai,Tamil Nadu,0
4189,71,2026-02-21,06:51:02.0000000,Payment,14376.00,2,10,Reversed,Travel,Hyderabad,Telangana,0
4190,71,2026-05-26,21:37:28.0000000,Withdrawal,7504.00,8,NULL,Success,Restaurant,Coimbatore,Tamil Nadu,0
4191,71,2026-08-28,12:23:54.0000000,Transfer,632.00,6,NULL,Success,Grocery,Mumbai,Maharashtra,0
4192,71,2025-11-30,03:10:20.0000000,Purchase,13510.00,4,NULL,Success,Travel,Pune,Maharashtra,0
4193,71,2026-03-04,17:56:46.0000000,Deposit,6638.00,2,2,Failed,Restaurant,Bengaluru,Karnataka,0
4194,71,2026-06-06,08:43:12.0000000,Payment,19516.00,8,NULL,Success,Grocery,Delhi,Delhi,0
4195,71,2026-09-08,23:29:38.0000000,Withdrawal,12644.00,6,NULL,Success,Travel,Chennai,Tamil Nadu,0
4196,71,2025-12-11,14:16:04.0000000,Transfer,5772.00,4,NULL,Success,Restaurant,Hyderabad,Telangana,0
4197,71,2026-03-15,05:02:30.0000000,Purchase,18650.00,2,6,Success,Grocery,Coimbatore,Tamil Nadu,0
4198,71,2026-06-17,19:48:56.0000000,Deposit,11778.00,8,NULL,Success,Travel,Mumbai,Maharashtra,0
4199,71,2026-09-19,10:35:22.0000000,Payment,4906.00,6,NULL,Success,Restaurant,Pune,Maharashtra,0
4200,71,2025-12-22,01:21:48.0000000,Withdrawal,17784.00,4,NULL,Success,Grocery,Bengaluru,Karnataka,0
4201,71,2026-03-26,16:08:14.0000000,Transfer,10912.00,2,10,Success,Travel,Delhi,Delhi,0
4202,71,2026-06-28,06:54:40.0000000,Purchase,4040.00,8,NULL,Success,Restaurant,Chennai,Tamil Nadu,0
4203,71,2026-09-30,21:41:06.0000000,Deposit,16918.00,6,NULL,Success,Grocery,Hyderabad,Telangana,0
4204,71,2026-01-02,12:27:32.0000000,Payment,10046.00,4,NULL,Success,Travel,Coimbatore,Tamil Nadu,0
4205,71,2026-04-06,03:13:58.0000000,Withdrawal,3174.00,2,2,Success,Restaurant,Mumbai,Maharashtra,0
4206,71,2026-07-09,18:00:24.0000000,Transfer,16052.00,8,NULL,Success,Grocery,Pune,Maharashtra,0
4207,71,2025-10-11,08:46:50.0000000,Purchase,9180.00,6,NULL,Success,Travel,Bengaluru,Karnataka,0
4208,71,2026-01-13,23:33:16.0000000,Deposit,2308.00,4,NULL,Success,Restaurant,Delhi,Delhi,0
4209,71,2026-04-17,14:19:42.0000000,Payment,15186.00,2,6,Success,Grocery,Chennai,Tamil Nadu,0
4210,71,2026-07-20,05:06:08.0000000,Withdrawal,8314.00,8,NULL,Success,Travel,Hyderabad,Telangana,0
4211,71,2025-10-22,19:52:34.0000000,Transfer,1442.00,6,NULL,Success,Restaurant,Coimbatore,Tamil Nadu,0
4212,71,2026-01-24,10:39:00.0000000,Purchase,14320.00,4,NULL,Success,Grocery,Mumbai,Maharashtra,0
4213,71,2026-04-28,01:25:26.0000000,Deposit,7448.00,2,10,Success,Travel,Pune,Maharashtra,0
4214,71,2026-07-31,16:11:52.0000000,Payment,576.00,8,NULL,Success,Restaurant,Bengaluru,Karnataka,0
4215,71,2025-11-02,06:58:18.0000000,Withdrawal,13454.00,6,NULL,Success,Grocery,Delhi,Delhi,0
4216,71,2026-02-04,21:44:44.0000000,Transfer,6582.00,4,NULL,Success,Travel,Chennai,Tamil Nadu,0
4217,71,2026-05-09,12:31:10.0000000,Purchase,80330.00,2,2,Success,Restaurant,Hyderabad,Telangana,0
4218,71,2026-08-11,03:17:36.0000000,Deposit,12588.00,8,NULL,Success,Grocery,Coimbatore,Tamil Nadu,1
4219,71,2025-11-13,18:04:02.0000000,Payment,5716.00,6,NULL,Success,Travel,Mumbai,Maharashtra,0
4220,71,2026-02-15,08:50:28.0000000,Withdrawal,18594.00,4,NULL,Success,Restaurant,Pune,Maharashtra,0
4221,71,2026-05-20,23:36:54.0000000,Transfer,11722.00,2,6,Success,Grocery,Bengaluru,Karnataka,0
4222,71,2026-08-22,14:23:20.0000000,Purchase,4850.00,8,NULL,Failed,Travel,Delhi,Delhi,0
4223,71,2025-11-24,05:09:46.0000000,Deposit,17728.00,6,NULL,Success,Restaurant,Chennai,Tamil Nadu,0
4224,71,2026-02-26,19:56:12.0000000,Payment,10856.00,4,NULL,Success,Grocery,Hyderabad,Telangana,0
4225,72,2025-12-07,03:22:53.0000000,Payment,9429.00,3,7,Success,Fuel,Delhi,Delhi,0
4226,72,2026-03-11,18:09:19.0000000,Withdrawal,2557.00,1,5,Success,Healthcare,Chennai,Tamil Nadu,0
4227,72,2026-06-13,08:55:45.0000000,Transfer,15435.00,7,NULL,Success,Electronics,Hyderabad,Telangana,0
4228,72,2026-09-15,23:42:11.0000000,Purchase,8563.00,5,NULL,Success,Fuel,Coimbatore,Tamil Nadu,0
4229,72,2025-12-18,14:28:37.0000000,Deposit,1691.00,3,11,Success,Healthcare,Mumbai,Maharashtra,0
4230,72,2026-03-22,05:15:03.0000000,Payment,14569.00,1,9,Success,Electronics,Pune,Maharashtra,0
4231,72,2026-06-24,20:01:29.0000000,Withdrawal,7697.00,7,NULL,Success,Fuel,Bengaluru,Karnataka,0
4232,72,2026-09-26,10:47:55.0000000,Transfer,825.00,5,NULL,Failed,Healthcare,Delhi,Delhi,0
4233,72,2025-12-29,01:34:21.0000000,Purchase,13703.00,3,3,Success,Electronics,Chennai,Tamil Nadu,0
4234,72,2026-04-02,16:20:47.0000000,Deposit,6831.00,1,1,Success,Fuel,Hyderabad,Telangana,0
4235,72,2026-07-05,07:07:13.0000000,Payment,19709.00,7,NULL,Pending,Healthcare,Coimbatore,Tamil Nadu,0
4236,72,2025-10-07,21:53:39.0000000,Withdrawal,12837.00,5,NULL,Success,Electronics,Mumbai,Maharashtra,0
4237,72,2026-01-09,12:40:05.0000000,Transfer,5965.00,3,7,Success,Fuel,Pune,Maharashtra,0
4238,72,2026-04-13,03:26:31.0000000,Purchase,18843.00,1,5,Success,Healthcare,Bengaluru,Karnataka,0
4239,72,2026-07-16,18:12:57.0000000,Deposit,11971.00,7,NULL,Success,Electronics,Delhi,Delhi,0
4240,72,2025-10-18,08:59:23.0000000,Payment,5099.00,5,NULL,Success,Fuel,Chennai,Tamil Nadu,0
4241,72,2026-01-20,23:45:49.0000000,Withdrawal,17977.00,3,11,Success,Healthcare,Hyderabad,Telangana,0
4242,72,2026-04-24,14:32:15.0000000,Transfer,11105.00,1,9,Success,Electronics,Coimbatore,Tamil Nadu,0
4243,72,2026-07-27,05:18:41.0000000,Purchase,4233.00,7,NULL,Success,Fuel,Mumbai,Maharashtra,0
4244,72,2025-10-29,20:05:07.0000000,Deposit,17111.00,5,NULL,Success,Healthcare,Pune,Maharashtra,0
4245,72,2026-01-31,10:51:33.0000000,Payment,10239.00,3,3,Success,Electronics,Bengaluru,Karnataka,0
4246,72,2026-05-05,01:37:59.0000000,Withdrawal,3367.00,1,1,Success,Fuel,Delhi,Delhi,0
4247,72,2026-08-07,16:24:25.0000000,Transfer,16245.00,7,NULL,Success,Healthcare,Chennai,Tamil Nadu,0
4248,72,2025-11-09,07:10:51.0000000,Purchase,9373.00,5,NULL,Success,Electronics,Hyderabad,Telangana,0
4249,72,2026-02-11,21:57:17.0000000,Deposit,2501.00,3,7,Success,Fuel,Coimbatore,Tamil Nadu,0
4250,72,2026-05-16,12:43:43.0000000,Payment,15379.00,1,5,Success,Healthcare,Mumbai,Maharashtra,0
4251,72,2026-08-18,03:30:09.0000000,Withdrawal,8507.00,7,NULL,Success,Electronics,Pune,Maharashtra,0
4252,72,2025-11-20,18:16:35.0000000,Transfer,1635.00,5,NULL,Success,Fuel,Bengaluru,Karnataka,0
4253,72,2026-02-22,09:03:01.0000000,Purchase,14513.00,3,11,Success,Healthcare,Delhi,Delhi,0
4254,72,2026-05-27,23:49:27.0000000,Deposit,7641.00,1,9,Success,Electronics,Chennai,Tamil Nadu,0
4255,72,2026-08-29,14:35:53.0000000,Payment,769.00,7,NULL,Success,Fuel,Hyderabad,Telangana,0
4256,72,2025-12-01,05:22:19.0000000,Withdrawal,13647.00,5,NULL,Success,Healthcare,Coimbatore,Tamil Nadu,0
4257,72,2026-03-05,20:08:45.0000000,Transfer,78075.00,3,3,Success,Electronics,Mumbai,Maharashtra,0
4258,72,2026-06-07,10:55:11.0000000,Purchase,19653.00,1,1,Success,Fuel,Pune,Maharashtra,0
4259,72,2026-09-09,01:41:37.0000000,Deposit,12781.00,7,NULL,Success,Healthcare,Bengaluru,Karnataka,0
4260,72,2025-12-12,16:28:03.0000000,Payment,5909.00,5,NULL,Success,Electronics,Delhi,Delhi,0
4261,72,2026-03-16,07:14:29.0000000,Withdrawal,18787.00,3,7,Failed,Fuel,Chennai,Tamil Nadu,0
4262,72,2026-06-18,22:00:55.0000000,Transfer,11915.00,1,5,Success,Healthcare,Hyderabad,Telangana,0
4263,72,2026-09-20,12:47:21.0000000,Purchase,5043.00,7,NULL,Success,Electronics,Coimbatore,Tamil Nadu,0
4264,72,2025-12-23,03:33:47.0000000,Deposit,17921.00,5,NULL,Success,Fuel,Mumbai,Maharashtra,0
4265,72,2026-03-27,18:20:13.0000000,Payment,11049.00,3,11,Success,Healthcare,Pune,Maharashtra,0
4266,72,2026-06-29,09:06:39.0000000,Withdrawal,4177.00,1,9,Success,Electronics,Bengaluru,Karnataka,0
4267,72,2025-10-01,23:53:05.0000000,Transfer,17055.00,7,NULL,Success,Fuel,Delhi,Delhi,0
4268,72,2026-01-03,14:39:31.0000000,Purchase,10183.00,5,NULL,Success,Healthcare,Chennai,Tamil Nadu,0
4269,72,2026-04-07,05:25:57.0000000,Deposit,3311.00,3,3,Success,Electronics,Hyderabad,Telangana,0
4270,72,2026-07-10,20:12:23.0000000,Payment,16189.00,1,1,Success,Fuel,Coimbatore,Tamil Nadu,0
4271,72,2025-10-12,10:58:49.0000000,Withdrawal,9317.00,7,NULL,Success,Healthcare,Mumbai,Maharashtra,0
4272,72,2026-01-14,01:45:15.0000000,Transfer,2445.00,5,NULL,Success,Electronics,Pune,Maharashtra,0
4273,72,2026-04-18,16:31:41.0000000,Purchase,15323.00,3,7,Success,Fuel,Bengaluru,Karnataka,0
4274,72,2026-07-21,07:18:07.0000000,Deposit,8451.00,1,5,Success,Healthcare,Delhi,Delhi,0
4275,72,2025-10-23,22:04:33.0000000,Payment,1579.00,7,NULL,Success,Electronics,Chennai,Tamil Nadu,0
4276,72,2026-01-25,12:50:59.0000000,Withdrawal,14457.00,5,NULL,Success,Fuel,Hyderabad,Telangana,0
4277,72,2026-04-29,03:37:25.0000000,Transfer,7585.00,3,11,Success,Healthcare,Coimbatore,Tamil Nadu,0
4278,72,2026-08-01,18:23:51.0000000,Purchase,713.00,1,9,Success,Electronics,Mumbai,Maharashtra,0
4279,72,2025-11-03,09:10:17.0000000,Deposit,13591.00,7,NULL,Success,Fuel,Pune,Maharashtra,0
4280,72,2026-02-05,23:56:43.0000000,Payment,6719.00,5,NULL,Success,Healthcare,Bengaluru,Karnataka,0
4281,72,2026-05-10,14:43:09.0000000,Withdrawal,19597.00,3,3,Success,Electronics,Delhi,Delhi,0
4282,72,2026-08-12,05:29:35.0000000,Transfer,12725.00,1,1,Success,Fuel,Chennai,Tamil Nadu,0
4283,72,2025-11-14,20:16:01.0000000,Purchase,5853.00,7,NULL,Success,Healthcare,Hyderabad,Telangana,0
4284,72,2026-02-16,11:02:27.0000000,Deposit,18731.00,5,NULL,Success,Electronics,Coimbatore,Tamil Nadu,0
4285,72,2026-05-21,01:48:53.0000000,Payment,11859.00,3,7,Success,Fuel,Mumbai,Maharashtra,0
4286,72,2026-08-23,16:35:19.0000000,Withdrawal,4987.00,1,5,Success,Healthcare,Pune,Maharashtra,0
4287,72,2025-11-25,07:21:45.0000000,Transfer,17865.00,7,NULL,Success,Electronics,Bengaluru,Karnataka,0
4288,72,2026-02-27,22:08:11.0000000,Purchase,10993.00,5,NULL,Pending,Fuel,Delhi,Delhi,1
4289,73,2025-12-08,05:34:52.0000000,Payment,9566.00,4,NULL,Success,Restaurant,Pune,Maharashtra,0
4290,73,2026-03-12,20:21:18.0000000,Withdrawal,2694.00,2,6,Success,Grocery,Bengaluru,Karnataka,0
4291,73,2026-06-14,11:07:44.0000000,Transfer,15572.00,8,NULL,Success,Travel,Delhi,Delhi,0
4292,73,2026-09-16,01:54:10.0000000,Purchase,8700.00,6,NULL,Success,Restaurant,Chennai,Tamil Nadu,0
4293,73,2025-12-19,16:40:36.0000000,Deposit,1828.00,4,NULL,Success,Grocery,Hyderabad,Telangana,0
4294,73,2026-03-23,07:27:02.0000000,Payment,14706.00,2,10,Success,Travel,Coimbatore,Tamil Nadu,0
4295,73,2026-06-25,22:13:28.0000000,Withdrawal,7834.00,8,NULL,Success,Restaurant,Mumbai,Maharashtra,0
4296,73,2026-09-27,12:59:54.0000000,Transfer,962.00,6,NULL,Success,Grocery,Pune,Maharashtra,0
4297,73,2025-12-30,03:46:20.0000000,Purchase,75820.00,4,NULL,Success,Travel,Bengaluru,Karnataka,0
4298,73,2026-04-03,18:32:46.0000000,Deposit,6968.00,2,2,Success,Restaurant,Delhi,Delhi,0
4299,73,2026-07-06,09:19:12.0000000,Payment,19846.00,8,NULL,Success,Grocery,Chennai,Tamil Nadu,0
4300,73,2025-10-08,00:05:38.0000000,Withdrawal,12974.00,6,NULL,Failed,Travel,Hyderabad,Telangana,0
4301,73,2026-01-10,14:52:04.0000000,Transfer,6102.00,4,NULL,Success,Restaurant,Coimbatore,Tamil Nadu,0
4302,73,2026-04-14,05:38:30.0000000,Purchase,18980.00,2,6,Success,Grocery,Mumbai,Maharashtra,0
4303,73,2026-07-17,20:24:56.0000000,Deposit,12108.00,8,NULL,Success,Travel,Pune,Maharashtra,0
4304,73,2025-10-19,11:11:22.0000000,Payment,5236.00,6,NULL,Success,Restaurant,Bengaluru,Karnataka,0
4305,73,2026-01-21,01:57:48.0000000,Withdrawal,18114.00,4,NULL,Success,Grocery,Delhi,Delhi,0
4306,73,2026-04-25,16:44:14.0000000,Transfer,11242.00,2,10,Success,Travel,Chennai,Tamil Nadu,0
4307,73,2026-07-28,07:30:40.0000000,Purchase,4370.00,8,NULL,Success,Restaurant,Hyderabad,Telangana,0
4308,73,2025-10-30,22:17:06.0000000,Deposit,17248.00,6,NULL,Success,Grocery,Coimbatore,Tamil Nadu,0
4309,73,2026-02-01,13:03:32.0000000,Payment,10376.00,4,NULL,Success,Travel,Mumbai,Maharashtra,0
4310,73,2026-05-06,03:49:58.0000000,Withdrawal,3504.00,2,2,Success,Restaurant,Pune,Maharashtra,0
4311,73,2026-08-08,18:36:24.0000000,Transfer,16382.00,8,NULL,Success,Grocery,Bengaluru,Karnataka,0
4312,73,2025-11-10,09:22:50.0000000,Purchase,9510.00,6,NULL,Success,Travel,Delhi,Delhi,0
4313,73,2026-02-12,00:09:16.0000000,Deposit,2638.00,4,NULL,Success,Restaurant,Chennai,Tamil Nadu,0
4314,73,2026-05-17,14:55:42.0000000,Payment,15516.00,2,6,Success,Grocery,Hyderabad,Telangana,0
4315,73,2026-08-19,05:42:08.0000000,Withdrawal,8644.00,8,NULL,Success,Travel,Coimbatore,Tamil Nadu,0
4316,73,2025-11-21,20:28:34.0000000,Transfer,1772.00,6,NULL,Success,Restaurant,Mumbai,Maharashtra,0
4317,73,2026-02-23,11:15:00.0000000,Purchase,14650.00,4,NULL,Success,Grocery,Pune,Maharashtra,0
4318,73,2026-05-28,02:01:26.0000000,Deposit,7778.00,2,10,Success,Travel,Bengaluru,Karnataka,0
4319,73,2026-08-30,16:47:52.0000000,Payment,906.00,8,NULL,Success,Restaurant,Delhi,Delhi,0
4320,73,2025-12-02,07:34:18.0000000,Withdrawal,13784.00,6,NULL,Reversed,Grocery,Chennai,Tamil Nadu,0
4321,73,2026-03-06,22:20:44.0000000,Transfer,6912.00,4,NULL,Success,Travel,Hyderabad,Telangana,0
4322,73,2026-06-08,13:07:10.0000000,Purchase,19790.00,2,2,Success,Restaurant,Coimbatore,Tamil Nadu,0
4323,73,2026-09-10,03:53:36.0000000,Deposit,12918.00,8,NULL,Success,Grocery,Mumbai,Maharashtra,0
4324,73,2025-12-13,18:40:02.0000000,Payment,6046.00,6,NULL,Success,Travel,Pune,Maharashtra,0
4325,73,2026-03-17,09:26:28.0000000,Withdrawal,18924.00,4,NULL,Success,Restaurant,Bengaluru,Karnataka,0
4326,73,2026-06-19,00:12:54.0000000,Transfer,12052.00,2,6,Success,Grocery,Delhi,Delhi,0
4327,73,2026-09-21,14:59:20.0000000,Purchase,5180.00,8,NULL,Success,Travel,Chennai,Tamil Nadu,0
4328,73,2025-12-24,05:45:46.0000000,Deposit,18058.00,6,NULL,Success,Restaurant,Hyderabad,Telangana,0
4329,73,2026-03-28,20:32:12.0000000,Payment,11186.00,4,NULL,Failed,Grocery,Coimbatore,Tamil Nadu,0
4330,73,2026-06-30,11:18:38.0000000,Withdrawal,4314.00,2,10,Pending,Travel,Mumbai,Maharashtra,0
4331,73,2025-10-02,02:05:04.0000000,Transfer,17192.00,8,NULL,Success,Restaurant,Pune,Maharashtra,0
4332,73,2026-01-04,16:51:30.0000000,Purchase,10320.00,6,NULL,Success,Grocery,Bengaluru,Karnataka,0
4333,73,2026-04-08,07:37:56.0000000,Deposit,3448.00,4,NULL,Success,Travel,Delhi,Delhi,0
4334,73,2026-07-11,22:24:22.0000000,Payment,16326.00,2,2,Success,Restaurant,Chennai,Tamil Nadu,0
4335,73,2025-10-13,13:10:48.0000000,Withdrawal,9454.00,8,NULL,Success,Grocery,Hyderabad,Telangana,0
4336,73,2026-01-15,03:57:14.0000000,Transfer,2582.00,6,NULL,Success,Travel,Coimbatore,Tamil Nadu,0
4337,73,2026-04-19,18:43:40.0000000,Purchase,15460.00,4,NULL,Success,Restaurant,Mumbai,Maharashtra,0
4338,73,2026-07-22,09:30:06.0000000,Deposit,79674.00,2,6,Success,Grocery,Pune,Maharashtra,0
4339,73,2025-10-24,00:16:32.0000000,Payment,1716.00,8,NULL,Success,Travel,Bengaluru,Karnataka,0
4340,73,2026-01-26,15:02:58.0000000,Withdrawal,14594.00,6,NULL,Success,Restaurant,Delhi,Delhi,0
4341,73,2026-04-30,05:49:24.0000000,Transfer,7722.00,4,NULL,Success,Grocery,Chennai,Tamil Nadu,0
4342,73,2026-08-02,20:35:50.0000000,Purchase,850.00,2,10,Success,Travel,Hyderabad,Telangana,0
4343,73,2025-11-04,11:22:16.0000000,Deposit,13728.00,8,NULL,Success,Restaurant,Coimbatore,Tamil Nadu,0
4344,73,2026-02-06,02:08:42.0000000,Payment,155238.00,6,NULL,Success,Grocery,Mumbai,Maharashtra,0
4345,73,2026-05-11,16:55:08.0000000,Withdrawal,19734.00,4,NULL,Success,Travel,Pune,Maharashtra,0
4346,73,2026-08-13,07:41:34.0000000,Transfer,12862.00,2,2,Success,Restaurant,Bengaluru,Karnataka,0
4347,73,2025-11-15,22:28:00.0000000,Purchase,5990.00,8,NULL,Success,Grocery,Delhi,Delhi,0
4348,73,2026-02-17,13:14:26.0000000,Deposit,18868.00,6,NULL,Success,Travel,Chennai,Tamil Nadu,0
4349,73,2026-05-22,04:00:52.0000000,Payment,11996.00,4,NULL,Success,Restaurant,Hyderabad,Telangana,0
4350,73,2026-08-24,18:47:18.0000000,Withdrawal,5124.00,2,6,Success,Grocery,Coimbatore,Tamil Nadu,0
4351,73,2025-11-26,09:33:44.0000000,Transfer,18002.00,8,NULL,Success,Travel,Mumbai,Maharashtra,0
4352,73,2026-02-28,00:20:10.0000000,Purchase,11130.00,6,NULL,Success,Restaurant,Pune,Maharashtra,0
4353,74,2025-12-09,07:46:51.0000000,Purchase,9703.00,5,NULL,Success,Electronics,Coimbatore,Tamil Nadu,0
4354,74,2026-03-13,22:33:17.0000000,Deposit,2831.00,3,7,Success,Fuel,Mumbai,Maharashtra,0
4355,74,2026-06-15,13:19:43.0000000,Payment,15709.00,1,5,Success,Healthcare,Pune,Maharashtra,0
4356,74,2026-09-17,04:06:09.0000000,Withdrawal,8837.00,7,NULL,Success,Electronics,Bengaluru,Karnataka,0
4357,74,2025-12-20,18:52:35.0000000,Transfer,1965.00,5,NULL,Success,Fuel,Delhi,Delhi,0
4358,74,2026-03-24,09:39:01.0000000,Purchase,14843.00,3,11,Success,Healthcare,Chennai,Tamil Nadu,0
4359,74,2026-06-26,00:25:27.0000000,Deposit,7971.00,1,9,Success,Electronics,Hyderabad,Telangana,0
4360,74,2026-09-28,15:11:53.0000000,Payment,1099.00,7,NULL,Success,Fuel,Coimbatore,Tamil Nadu,0
4361,74,2025-12-31,05:58:19.0000000,Withdrawal,13977.00,5,NULL,Success,Healthcare,Mumbai,Maharashtra,0
4362,74,2026-04-04,20:44:45.0000000,Transfer,7105.00,3,3,Success,Electronics,Pune,Maharashtra,0
4363,74,2026-07-07,11:31:11.0000000,Purchase,19983.00,1,1,Success,Fuel,Bengaluru,Karnataka,0
4364,74,2025-10-09,02:17:37.0000000,Deposit,13111.00,7,NULL,Success,Healthcare,Delhi,Delhi,0
4365,74,2026-01-11,17:04:03.0000000,Payment,6239.00,5,NULL,Success,Electronics,Chennai,Tamil Nadu,0
4366,74,2026-04-15,07:50:29.0000000,Withdrawal,19117.00,3,7,Success,Fuel,Hyderabad,Telangana,0
4367,74,2026-07-18,22:36:55.0000000,Transfer,12245.00,1,5,Success,Healthcare,Coimbatore,Tamil Nadu,0
4368,74,2025-10-20,13:23:21.0000000,Purchase,5373.00,7,NULL,Failed,Electronics,Mumbai,Maharashtra,0
4369,74,2026-01-22,04:09:47.0000000,Deposit,18251.00,5,NULL,Success,Fuel,Pune,Maharashtra,0
4370,74,2026-04-26,18:56:13.0000000,Payment,11379.00,3,11,Success,Healthcare,Bengaluru,Karnataka,0
4371,74,2026-07-29,09:42:39.0000000,Withdrawal,4507.00,1,9,Success,Electronics,Delhi,Delhi,0
4372,74,2025-10-31,00:29:05.0000000,Transfer,17385.00,7,NULL,Pending,Fuel,Chennai,Tamil Nadu,0
4373,74,2026-02-02,15:15:31.0000000,Purchase,10513.00,5,NULL,Success,Healthcare,Hyderabad,Telangana,0
4374,74,2026-05-07,06:01:57.0000000,Deposit,3641.00,3,3,Success,Electronics,Coimbatore,Tamil Nadu,0
4375,74,2026-08-09,20:48:23.0000000,Payment,16519.00,1,1,Success,Fuel,Mumbai,Maharashtra,0
4376,74,2025-11-11,11:34:49.0000000,Withdrawal,152231.00,7,NULL,Success,Healthcare,Pune,Maharashtra,0
4377,74,2026-02-13,02:21:15.0000000,Transfer,2775.00,5,NULL,Success,Electronics,Bengaluru,Karnataka,0
4378,74,2026-05-18,17:07:41.0000000,Purchase,77419.00,3,7,Success,Fuel,Delhi,Delhi,0
4379,74,2026-08-20,07:54:07.0000000,Deposit,8781.00,1,5,Success,Healthcare,Chennai,Tamil Nadu,0
4380,74,2025-11-22,22:40:33.0000000,Payment,1909.00,7,NULL,Success,Electronics,Hyderabad,Telangana,0
4381,74,2026-02-24,13:26:59.0000000,Withdrawal,14787.00,5,NULL,Success,Fuel,Coimbatore,Tamil Nadu,0
4382,74,2026-05-29,04:13:25.0000000,Transfer,7915.00,3,11,Success,Healthcare,Mumbai,Maharashtra,0
4383,74,2026-08-31,18:59:51.0000000,Purchase,1043.00,1,9,Success,Electronics,Pune,Maharashtra,0
4384,74,2025-12-03,09:46:17.0000000,Deposit,13921.00,7,NULL,Success,Fuel,Bengaluru,Karnataka,0
4385,74,2026-03-07,00:32:43.0000000,Payment,7049.00,5,NULL,Success,Healthcare,Delhi,Delhi,0
4386,74,2026-06-09,15:19:09.0000000,Withdrawal,19927.00,3,3,Success,Electronics,Chennai,Tamil Nadu,0
4387,74,2026-09-11,06:05:35.0000000,Transfer,13055.00,1,1,Success,Fuel,Hyderabad,Telangana,0
4388,74,2025-12-14,20:52:01.0000000,Purchase,6183.00,7,NULL,Success,Healthcare,Coimbatore,Tamil Nadu,0
4389,74,2026-03-18,11:38:27.0000000,Deposit,19061.00,5,NULL,Success,Electronics,Mumbai,Maharashtra,0
4390,74,2026-06-20,02:24:53.0000000,Payment,12189.00,3,7,Success,Fuel,Pune,Maharashtra,0
4391,74,2026-09-22,17:11:19.0000000,Withdrawal,5317.00,1,5,Success,Healthcare,Bengaluru,Karnataka,0
4392,74,2025-12-25,07:57:45.0000000,Transfer,18195.00,7,NULL,Success,Electronics,Delhi,Delhi,0
4393,74,2026-03-29,22:44:11.0000000,Purchase,11323.00,5,NULL,Success,Fuel,Chennai,Tamil Nadu,0
4394,74,2026-07-01,13:30:37.0000000,Deposit,4451.00,3,11,Success,Healthcare,Hyderabad,Telangana,0
4395,74,2025-10-03,04:17:03.0000000,Payment,17329.00,1,9,Success,Electronics,Coimbatore,Tamil Nadu,0
4396,74,2026-01-05,19:03:29.0000000,Withdrawal,10457.00,7,NULL,Success,Fuel,Mumbai,Maharashtra,0
4397,74,2026-04-09,09:49:55.0000000,Transfer,3585.00,5,NULL,Failed,Healthcare,Pune,Maharashtra,0
4398,74,2026-07-12,00:36:21.0000000,Purchase,16463.00,3,3,Success,Electronics,Bengaluru,Karnataka,0
4399,74,2025-10-14,15:22:47.0000000,Deposit,9591.00,1,1,Success,Fuel,Delhi,Delhi,0
4400,74,2026-01-16,06:09:13.0000000,Payment,2719.00,7,NULL,Success,Healthcare,Chennai,Tamil Nadu,0
4401,74,2026-04-20,20:55:39.0000000,Withdrawal,15597.00,5,NULL,Success,Electronics,Hyderabad,Telangana,0
4402,74,2026-07-23,11:42:05.0000000,Transfer,8725.00,3,7,Success,Fuel,Coimbatore,Tamil Nadu,0
4403,74,2025-10-25,02:28:31.0000000,Purchase,1853.00,1,5,Success,Healthcare,Mumbai,Maharashtra,0
4404,74,2026-01-27,17:14:57.0000000,Deposit,14731.00,7,NULL,Success,Electronics,Pune,Maharashtra,0
4405,74,2026-05-01,08:01:23.0000000,Payment,7859.00,5,NULL,Success,Fuel,Bengaluru,Karnataka,0
4406,74,2026-08-03,22:47:49.0000000,Withdrawal,987.00,3,11,Success,Healthcare,Delhi,Delhi,0
4407,74,2025-11-05,13:34:15.0000000,Transfer,13865.00,1,9,Success,Electronics,Chennai,Tamil Nadu,0
4408,74,2026-02-07,04:20:41.0000000,Purchase,6993.00,7,NULL,Success,Fuel,Hyderabad,Telangana,0
4409,74,2026-05-12,19:07:07.0000000,Deposit,19871.00,5,NULL,Success,Healthcare,Coimbatore,Tamil Nadu,0
4410,74,2026-08-14,09:53:33.0000000,Payment,12999.00,3,3,Success,Electronics,Mumbai,Maharashtra,0
4411,74,2025-11-16,00:39:59.0000000,Withdrawal,6127.00,1,1,Success,Fuel,Pune,Maharashtra,0
4412,74,2026-02-18,15:26:25.0000000,Transfer,19005.00,7,NULL,Success,Healthcare,Bengaluru,Karnataka,0
4413,74,2026-05-23,06:12:51.0000000,Purchase,12133.00,5,NULL,Success,Electronics,Delhi,Delhi,0
4414,74,2026-08-25,20:59:17.0000000,Deposit,5261.00,3,7,Success,Fuel,Chennai,Tamil Nadu,0
4415,74,2025-11-27,11:45:43.0000000,Payment,18139.00,1,5,Success,Healthcare,Hyderabad,Telangana,0
4416,74,2026-03-01,02:32:09.0000000,Withdrawal,11267.00,7,NULL,Success,Electronics,Coimbatore,Tamil Nadu,0
4417,75,2025-12-10,09:58:50.0000000,Purchase,9840.00,6,NULL,Success,Travel,Chennai,Tamil Nadu,0
4418,75,2026-03-14,00:45:16.0000000,Deposit,75164.00,4,NULL,Success,Restaurant,Hyderabad,Telangana,0
4419,75,2026-06-16,15:31:42.0000000,Payment,15846.00,2,6,Success,Grocery,Coimbatore,Tamil Nadu,0
4420,75,2026-09-18,06:18:08.0000000,Withdrawal,8974.00,8,NULL,Success,Travel,Mumbai,Maharashtra,0
4421,75,2025-12-21,21:04:34.0000000,Transfer,2102.00,6,NULL,Success,Restaurant,Pune,Maharashtra,0
4422,75,2026-03-25,11:51:00.0000000,Purchase,14980.00,4,NULL,Success,Grocery,Bengaluru,Karnataka,0
4423,75,2026-06-27,02:37:26.0000000,Deposit,8108.00,2,10,Success,Travel,Delhi,Delhi,0
4424,75,2026-09-29,17:23:52.0000000,Payment,1236.00,8,NULL,Success,Restaurant,Chennai,Tamil Nadu,0
4425,75,2026-01-01,08:10:18.0000000,Withdrawal,14114.00,6,NULL,Success,Grocery,Hyderabad,Telangana,0
4426,75,2026-04-05,22:56:44.0000000,Transfer,7242.00,4,NULL,Success,Travel,Coimbatore,Tamil Nadu,0
4427,75,2026-07-08,13:43:10.0000000,Purchase,370.00,2,2,Success,Restaurant,Mumbai,Maharashtra,0
4428,75,2025-10-10,04:29:36.0000000,Deposit,13248.00,8,NULL,Success,Grocery,Pune,Maharashtra,0
4429,75,2026-01-12,19:16:02.0000000,Payment,6376.00,6,NULL,Success,Travel,Bengaluru,Karnataka,0
4430,75,2026-04-16,10:02:28.0000000,Withdrawal,19254.00,4,NULL,Success,Restaurant,Delhi,Delhi,0
4431,75,2026-07-19,00:48:54.0000000,Transfer,12382.00,2,6,Success,Grocery,Chennai,Tamil Nadu,0
4432,75,2025-10-21,15:35:20.0000000,Purchase,5510.00,8,NULL,Success,Travel,Hyderabad,Telangana,0
4433,75,2026-01-23,06:21:46.0000000,Deposit,18388.00,6,NULL,Success,Restaurant,Coimbatore,Tamil Nadu,0
4434,75,2026-04-27,21:08:12.0000000,Payment,11516.00,4,NULL,Success,Grocery,Mumbai,Maharashtra,0
4435,75,2026-07-30,11:54:38.0000000,Withdrawal,4644.00,2,10,Success,Travel,Pune,Maharashtra,0
4436,75,2025-11-01,02:41:04.0000000,Transfer,17522.00,8,NULL,Failed,Restaurant,Bengaluru,Karnataka,0
4437,75,2026-02-03,17:27:30.0000000,Purchase,10650.00,6,NULL,Success,Grocery,Delhi,Delhi,0
4438,75,2026-05-08,08:13:56.0000000,Deposit,3778.00,4,NULL,Success,Travel,Chennai,Tamil Nadu,0
4439,75,2026-08-10,23:00:22.0000000,Payment,16656.00,2,2,Success,Restaurant,Hyderabad,Telangana,0
4440,75,2025-11-12,13:46:48.0000000,Withdrawal,9784.00,8,NULL,Success,Grocery,Coimbatore,Tamil Nadu,0
4441,75,2026-02-14,04:33:14.0000000,Transfer,2912.00,6,NULL,Success,Travel,Mumbai,Maharashtra,0
4442,75,2026-05-19,19:19:40.0000000,Purchase,15790.00,4,NULL,Success,Restaurant,Pune,Maharashtra,0
4443,75,2026-08-21,10:06:06.0000000,Deposit,8918.00,2,6,Success,Grocery,Bengaluru,Karnataka,0
4444,75,2025-11-23,00:52:32.0000000,Payment,2046.00,8,NULL,Success,Travel,Delhi,Delhi,0
4445,75,2026-02-25,15:38:58.0000000,Withdrawal,14924.00,6,NULL,Success,Restaurant,Chennai,Tamil Nadu,0
4446,75,2026-05-30,06:25:24.0000000,Transfer,8052.00,4,NULL,Success,Grocery,Hyderabad,Telangana,0
4447,75,2026-09-01,21:11:50.0000000,Purchase,1180.00,2,10,Success,Travel,Coimbatore,Tamil Nadu,0
4448,75,2025-12-04,11:58:16.0000000,Deposit,14058.00,8,NULL,Success,Restaurant,Mumbai,Maharashtra,0
4449,75,2026-03-08,02:44:42.0000000,Payment,7186.00,6,NULL,Success,Grocery,Pune,Maharashtra,0
4450,75,2026-06-10,17:31:08.0000000,Withdrawal,314.00,4,NULL,Success,Travel,Bengaluru,Karnataka,0
4451,75,2026-09-12,08:17:34.0000000,Transfer,13192.00,2,2,Reversed,Restaurant,Delhi,Delhi,0
4452,75,2025-12-15,23:04:00.0000000,Purchase,6320.00,8,NULL,Success,Grocery,Chennai,Tamil Nadu,0
4453,75,2026-03-19,13:50:26.0000000,Deposit,19198.00,6,NULL,Success,Travel,Hyderabad,Telangana,0
4454,75,2026-06-21,04:36:52.0000000,Payment,12326.00,4,NULL,Success,Restaurant,Coimbatore,Tamil Nadu,0
4455,75,2026-09-23,19:23:18.0000000,Withdrawal,5454.00,2,6,Success,Grocery,Mumbai,Maharashtra,0
4456,75,2025-12-26,10:09:44.0000000,Transfer,18332.00,8,NULL,Success,Travel,Pune,Maharashtra,0
4457,75,2026-03-30,00:56:10.0000000,Purchase,11460.00,6,NULL,Success,Restaurant,Bengaluru,Karnataka,0
4458,75,2026-07-02,15:42:36.0000000,Deposit,4588.00,4,NULL,Success,Grocery,Delhi,Delhi,0
4459,75,2025-10-04,06:29:02.0000000,Payment,79018.00,2,10,Success,Travel,Chennai,Tamil Nadu,0
4460,75,2026-01-06,21:15:28.0000000,Withdrawal,10594.00,8,NULL,Success,Restaurant,Hyderabad,Telangana,0
4461,75,2026-04-10,12:01:54.0000000,Transfer,3722.00,6,NULL,Success,Grocery,Coimbatore,Tamil Nadu,0
4462,75,2026-07-13,02:48:20.0000000,Purchase,16600.00,4,NULL,Success,Travel,Mumbai,Maharashtra,0
4463,75,2025-10-15,17:34:46.0000000,Deposit,9728.00,2,2,Success,Restaurant,Pune,Maharashtra,0
4464,75,2026-01-17,08:21:12.0000000,Payment,2856.00,8,NULL,Success,Grocery,Bengaluru,Karnataka,0
4465,75,2026-04-21,23:07:38.0000000,Withdrawal,15734.00,6,NULL,Failed,Travel,Delhi,Delhi,0
4466,75,2026-07-24,13:54:04.0000000,Transfer,8862.00,4,NULL,Success,Restaurant,Chennai,Tamil Nadu,0
4467,75,2025-10-26,04:40:30.0000000,Purchase,1990.00,2,6,Pending,Grocery,Hyderabad,Telangana,0
4468,75,2026-01-28,19:26:56.0000000,Deposit,14868.00,8,NULL,Success,Travel,Coimbatore,Tamil Nadu,0
4469,75,2026-05-02,10:13:22.0000000,Payment,7996.00,6,NULL,Success,Restaurant,Mumbai,Maharashtra,0
4470,75,2026-08-04,00:59:48.0000000,Withdrawal,1124.00,4,NULL,Success,Grocery,Pune,Maharashtra,0
4471,75,2025-11-06,15:46:14.0000000,Transfer,14002.00,2,10,Success,Travel,Bengaluru,Karnataka,0
4472,75,2026-02-08,06:32:40.0000000,Purchase,7130.00,8,NULL,Success,Restaurant,Delhi,Delhi,0
4473,75,2026-05-13,21:19:06.0000000,Deposit,258.00,6,NULL,Success,Grocery,Chennai,Tamil Nadu,0
4474,75,2026-08-15,12:05:32.0000000,Payment,13136.00,4,NULL,Success,Travel,Hyderabad,Telangana,0
4475,75,2025-11-17,02:51:58.0000000,Withdrawal,6264.00,2,2,Success,Restaurant,Coimbatore,Tamil Nadu,0
4476,75,2026-02-19,17:38:24.0000000,Transfer,19142.00,8,NULL,Success,Grocery,Mumbai,Maharashtra,0
4477,75,2026-05-24,08:24:50.0000000,Purchase,12270.00,6,NULL,Success,Travel,Pune,Maharashtra,0
4478,75,2026-08-26,23:11:16.0000000,Deposit,5398.00,4,NULL,Success,Restaurant,Bengaluru,Karnataka,0
4479,75,2025-11-28,13:57:42.0000000,Payment,18276.00,2,6,Success,Grocery,Delhi,Delhi,0
4480,75,2026-03-02,04:44:08.0000000,Withdrawal,11404.00,8,NULL,Success,Travel,Chennai,Tamil Nadu,0
4481,76,2025-12-11,12:10:49.0000000,Withdrawal,9977.00,7,NULL,Reversed,Healthcare,Bengaluru,Karnataka,0
4482,76,2026-03-15,02:57:15.0000000,Transfer,3105.00,5,NULL,Success,Electronics,Delhi,Delhi,0
4483,76,2026-06-17,17:43:41.0000000,Purchase,15983.00,3,7,Success,Fuel,Chennai,Tamil Nadu,0
4484,76,2026-09-19,08:30:07.0000000,Deposit,9111.00,1,5,Success,Healthcare,Hyderabad,Telangana,0
4485,76,2025-12-22,23:16:33.0000000,Payment,2239.00,7,NULL,Success,Electronics,Coimbatore,Tamil Nadu,0
4486,76,2026-03-26,14:02:59.0000000,Withdrawal,15117.00,5,NULL,Success,Fuel,Mumbai,Maharashtra,0
4487,76,2026-06-28,04:49:25.0000000,Transfer,8245.00,3,11,Success,Healthcare,Pune,Maharashtra,0
4488,76,2026-09-30,19:35:51.0000000,Purchase,1373.00,1,9,Success,Electronics,Bengaluru,Karnataka,0
4489,76,2026-01-02,10:22:17.0000000,Deposit,14251.00,7,NULL,Success,Fuel,Delhi,Delhi,0
4490,76,2026-04-06,01:08:43.0000000,Payment,7379.00,5,NULL,Success,Healthcare,Chennai,Tamil Nadu,0
4491,76,2026-07-09,15:55:09.0000000,Withdrawal,507.00,3,3,Success,Electronics,Hyderabad,Telangana,0
4492,76,2025-10-11,06:41:35.0000000,Transfer,13385.00,1,1,Success,Fuel,Coimbatore,Tamil Nadu,0
4493,76,2026-01-13,21:28:01.0000000,Purchase,6513.00,7,NULL,Success,Healthcare,Mumbai,Maharashtra,0
4494,76,2026-04-17,12:14:27.0000000,Deposit,19391.00,5,NULL,Success,Electronics,Pune,Maharashtra,0
4495,76,2026-07-20,03:00:53.0000000,Payment,12519.00,3,7,Success,Fuel,Bengaluru,Karnataka,0
4496,76,2025-10-22,17:47:19.0000000,Withdrawal,5647.00,1,5,Success,Healthcare,Delhi,Delhi,0
4497,76,2026-01-24,08:33:45.0000000,Transfer,18525.00,7,NULL,Success,Electronics,Chennai,Tamil Nadu,0
4498,76,2026-04-28,23:20:11.0000000,Purchase,11653.00,5,NULL,Success,Fuel,Hyderabad,Telangana,0
4499,76,2026-07-31,14:06:37.0000000,Deposit,76763.00,3,11,Success,Healthcare,Coimbatore,Tamil Nadu,0
4500,76,2025-11-02,04:53:03.0000000,Payment,17659.00,1,9,Success,Electronics,Mumbai,Maharashtra,0
4501,76,2026-02-04,19:39:29.0000000,Withdrawal,10787.00,7,NULL,Success,Fuel,Pune,Maharashtra,0
4502,76,2026-05-09,10:25:55.0000000,Transfer,3915.00,5,NULL,Success,Healthcare,Bengaluru,Karnataka,0
4503,76,2026-08-11,01:12:21.0000000,Purchase,16793.00,3,3,Success,Electronics,Delhi,Delhi,0
4504,76,2025-11-13,15:58:47.0000000,Deposit,9921.00,1,1,Failed,Fuel,Chennai,Tamil Nadu,0
4505,76,2026-02-15,06:45:13.0000000,Payment,3049.00,7,NULL,Success,Healthcare,Hyderabad,Telangana,0
4506,76,2026-05-20,21:31:39.0000000,Withdrawal,15927.00,5,NULL,Success,Electronics,Coimbatore,Tamil Nadu,0
4507,76,2026-08-22,12:18:05.0000000,Transfer,9055.00,3,7,Success,Fuel,Mumbai,Maharashtra,0
4508,76,2025-11-24,03:04:31.0000000,Purchase,2183.00,1,5,Success,Healthcare,Pune,Maharashtra,0
4509,76,2026-02-26,17:50:57.0000000,Deposit,15061.00,7,NULL,Pending,Electronics,Bengaluru,Karnataka,0
4510,76,2026-05-31,08:37:23.0000000,Payment,8189.00,5,NULL,Success,Fuel,Delhi,Delhi,0
4511,76,2026-09-02,23:23:49.0000000,Withdrawal,1317.00,3,11,Success,Healthcare,Chennai,Tamil Nadu,0
4512,76,2025-12-05,14:10:15.0000000,Transfer,14195.00,1,9,Success,Electronics,Hyderabad,Telangana,0
4513,76,2026-03-09,04:56:41.0000000,Purchase,7323.00,7,NULL,Success,Fuel,Coimbatore,Tamil Nadu,0
4514,76,2026-06-11,19:43:07.0000000,Deposit,451.00,5,NULL,Success,Healthcare,Mumbai,Maharashtra,0
4515,76,2026-09-13,10:29:33.0000000,Payment,13329.00,3,3,Success,Electronics,Pune,Maharashtra,0
4516,76,2025-12-16,01:15:59.0000000,Withdrawal,6457.00,1,1,Success,Fuel,Bengaluru,Karnataka,0
4517,76,2026-03-20,16:02:25.0000000,Transfer,19335.00,7,NULL,Success,Healthcare,Delhi,Delhi,0
4518,76,2026-06-22,06:48:51.0000000,Purchase,12463.00,5,NULL,Success,Electronics,Chennai,Tamil Nadu,0
4519,76,2026-09-24,21:35:17.0000000,Deposit,5591.00,3,7,Success,Fuel,Hyderabad,Telangana,0
4520,76,2025-12-27,12:21:43.0000000,Payment,18469.00,1,5,Success,Healthcare,Coimbatore,Tamil Nadu,0
4521,76,2026-03-31,03:08:09.0000000,Withdrawal,11597.00,7,NULL,Success,Electronics,Mumbai,Maharashtra,0
4522,76,2026-07-03,17:54:35.0000000,Transfer,4725.00,5,NULL,Success,Fuel,Pune,Maharashtra,0
4523,76,2025-10-05,08:41:01.0000000,Purchase,17603.00,3,11,Success,Healthcare,Bengaluru,Karnataka,0
4524,76,2026-01-07,23:27:27.0000000,Deposit,10731.00,1,9,Success,Electronics,Delhi,Delhi,0
4525,76,2026-04-11,14:13:53.0000000,Payment,3859.00,7,NULL,Success,Fuel,Chennai,Tamil Nadu,0
4526,76,2026-07-14,05:00:19.0000000,Withdrawal,16737.00,5,NULL,Success,Healthcare,Hyderabad,Telangana,0
4527,76,2025-10-16,19:46:45.0000000,Transfer,9865.00,3,3,Success,Electronics,Coimbatore,Tamil Nadu,0
4528,76,2026-01-18,10:33:11.0000000,Purchase,2993.00,1,1,Success,Fuel,Mumbai,Maharashtra,0
4529,76,2026-04-22,01:19:37.0000000,Deposit,15871.00,7,NULL,Success,Healthcare,Pune,Maharashtra,0
4530,76,2026-07-25,16:06:03.0000000,Payment,8999.00,5,NULL,Success,Electronics,Bengaluru,Karnataka,0
4531,76,2025-10-27,06:52:29.0000000,Withdrawal,2127.00,3,7,Success,Fuel,Delhi,Delhi,0
4532,76,2026-01-29,21:38:55.0000000,Transfer,15005.00,1,5,Success,Healthcare,Chennai,Tamil Nadu,0
4533,76,2026-05-03,12:25:21.0000000,Purchase,8133.00,7,NULL,Failed,Electronics,Hyderabad,Telangana,0
4534,76,2026-08-05,03:11:47.0000000,Deposit,1261.00,5,NULL,Success,Fuel,Coimbatore,Tamil Nadu,0
4535,76,2025-11-07,17:58:13.0000000,Payment,14139.00,3,11,Success,Healthcare,Mumbai,Maharashtra,0
4536,76,2026-02-09,08:44:39.0000000,Withdrawal,7267.00,1,9,Success,Electronics,Pune,Maharashtra,0
4537,76,2026-05-14,23:31:05.0000000,Transfer,155335.00,7,NULL,Success,Fuel,Bengaluru,Karnataka,0
4538,76,2026-08-16,14:17:31.0000000,Purchase,13273.00,5,NULL,Success,Healthcare,Delhi,Delhi,0
4539,76,2025-11-18,05:03:57.0000000,Deposit,6401.00,3,3,Success,Electronics,Chennai,Tamil Nadu,0
4540,76,2026-02-20,19:50:23.0000000,Payment,80617.00,1,1,Success,Fuel,Hyderabad,Telangana,0
4541,76,2026-05-25,10:36:49.0000000,Withdrawal,12407.00,7,NULL,Success,Healthcare,Coimbatore,Tamil Nadu,0
4542,76,2026-08-27,01:23:15.0000000,Transfer,5535.00,5,NULL,Success,Electronics,Mumbai,Maharashtra,0
4543,76,2025-11-29,16:09:41.0000000,Purchase,18413.00,3,7,Success,Fuel,Pune,Maharashtra,0
4544,76,2026-03-03,06:56:07.0000000,Deposit,11541.00,1,5,Success,Healthcare,Bengaluru,Karnataka,0
4545,77,2025-12-12,14:22:48.0000000,Withdrawal,10114.00,8,NULL,Success,Grocery,Mumbai,Maharashtra,0
4546,77,2026-03-16,05:09:14.0000000,Transfer,3242.00,6,NULL,Success,Travel,Pune,Maharashtra,0
4547,77,2026-06-18,19:55:40.0000000,Purchase,16120.00,4,NULL,Success,Restaurant,Bengaluru,Karnataka,0
4548,77,2026-09-20,10:42:06.0000000,Deposit,9248.00,2,6,Success,Grocery,Delhi,Delhi,0
4549,77,2025-12-23,01:28:32.0000000,Payment,2376.00,8,NULL,Success,Travel,Chennai,Tamil Nadu,0
4550,77,2026-03-27,16:14:58.0000000,Withdrawal,15254.00,6,NULL,Success,Restaurant,Hyderabad,Telangana,0
4551,77,2026-06-29,07:01:24.0000000,Transfer,8382.00,4,NULL,Pending,Grocery,Coimbatore,Tamil Nadu,0
4552,77,2025-10-01,21:47:50.0000000,Purchase,1510.00,2,10,Success,Travel,Mumbai,Maharashtra,0
4553,77,2026-01-03,12:34:16.0000000,Deposit,14388.00,8,NULL,Success,Restaurant,Pune,Maharashtra,0
4554,77,2026-04-07,03:20:42.0000000,Payment,7516.00,6,NULL,Success,Grocery,Bengaluru,Karnataka,0
4555,77,2026-07-10,18:07:08.0000000,Withdrawal,644.00,4,NULL,Success,Travel,Delhi,Delhi,0
4556,77,2025-10-12,08:53:34.0000000,Transfer,13522.00,2,2,Success,Restaurant,Chennai,Tamil Nadu,0
4557,77,2026-01-14,23:40:00.0000000,Purchase,6650.00,8,NULL,Success,Grocery,Hyderabad,Telangana,0
4558,77,2026-04-18,14:26:26.0000000,Deposit,19528.00,6,NULL,Success,Travel,Coimbatore,Tamil Nadu,0
4559,77,2026-07-21,05:12:52.0000000,Payment,12656.00,4,NULL,Success,Restaurant,Mumbai,Maharashtra,0
4560,77,2025-10-23,19:59:18.0000000,Withdrawal,5784.00,2,6,Success,Grocery,Pune,Maharashtra,0
4561,77,2026-01-25,10:45:44.0000000,Transfer,18662.00,8,NULL,Success,Travel,Bengaluru,Karnataka,0
4562,77,2026-04-29,01:32:10.0000000,Purchase,11790.00,6,NULL,Success,Restaurant,Delhi,Delhi,0
4563,77,2026-08-01,16:18:36.0000000,Deposit,4918.00,4,NULL,Success,Grocery,Chennai,Tamil Nadu,0
4564,77,2025-11-03,07:05:02.0000000,Payment,17796.00,2,10,Success,Travel,Hyderabad,Telangana,0
4565,77,2026-02-05,21:51:28.0000000,Withdrawal,10924.00,8,NULL,Success,Restaurant,Coimbatore,Tamil Nadu,0
4566,77,2026-05-10,12:37:54.0000000,Transfer,4052.00,6,NULL,Success,Grocery,Mumbai,Maharashtra,0
4567,77,2026-08-12,03:24:20.0000000,Purchase,16930.00,4,NULL,Success,Travel,Pune,Maharashtra,0
4568,77,2025-11-14,18:10:46.0000000,Deposit,10058.00,2,2,Success,Restaurant,Bengaluru,Karnataka,0
4569,77,2026-02-16,08:57:12.0000000,Payment,152328.00,8,NULL,Success,Grocery,Delhi,Delhi,0
4570,77,2026-05-21,23:43:38.0000000,Withdrawal,16064.00,6,NULL,Success,Travel,Chennai,Tamil Nadu,0
4571,77,2026-08-23,14:30:04.0000000,Transfer,9192.00,4,NULL,Success,Restaurant,Hyderabad,Telangana,0
4572,77,2025-11-25,05:16:30.0000000,Purchase,2320.00,2,6,Failed,Grocery,Coimbatore,Tamil Nadu,0
4573,77,2026-02-27,20:02:56.0000000,Deposit,15198.00,8,NULL,Success,Travel,Mumbai,Maharashtra,0
4574,77,2026-06-01,10:49:22.0000000,Payment,8326.00,6,NULL,Success,Restaurant,Pune,Maharashtra,0
4575,77,2026-09-03,01:35:48.0000000,Withdrawal,1454.00,4,NULL,Success,Grocery,Bengaluru,Karnataka,0
4576,77,2025-12-06,16:22:14.0000000,Transfer,14332.00,2,10,Success,Travel,Delhi,Delhi,0
4577,77,2026-03-10,07:08:40.0000000,Purchase,7460.00,8,NULL,Success,Restaurant,Chennai,Tamil Nadu,0
4578,77,2026-06-12,21:55:06.0000000,Deposit,588.00,6,NULL,Success,Grocery,Hyderabad,Telangana,0
4579,77,2026-09-14,12:41:32.0000000,Payment,13466.00,4,NULL,Success,Travel,Coimbatore,Tamil Nadu,0
4580,77,2025-12-17,03:27:58.0000000,Withdrawal,78362.00,2,2,Success,Restaurant,Mumbai,Maharashtra,0
4581,77,2026-03-21,18:14:24.0000000,Transfer,19472.00,8,NULL,Success,Grocery,Pune,Maharashtra,0
4582,77,2026-06-23,09:00:50.0000000,Purchase,12600.00,6,NULL,Reversed,Travel,Bengaluru,Karnataka,0
4583,77,2026-09-25,23:47:16.0000000,Deposit,5728.00,4,NULL,Success,Restaurant,Delhi,Delhi,0
4584,77,2025-12-28,14:33:42.0000000,Payment,18606.00,2,6,Success,Grocery,Chennai,Tamil Nadu,0
4585,77,2026-04-01,05:20:08.0000000,Withdrawal,11734.00,8,NULL,Success,Travel,Hyderabad,Telangana,0
4586,77,2026-07-04,20:06:34.0000000,Transfer,4862.00,6,NULL,Success,Restaurant,Coimbatore,Tamil Nadu,0
4587,77,2025-10-06,10:53:00.0000000,Purchase,17740.00,4,NULL,Success,Grocery,Mumbai,Maharashtra,0
4588,77,2026-01-08,01:39:26.0000000,Deposit,10868.00,2,10,Success,Travel,Pune,Maharashtra,0
4589,77,2026-04-12,16:25:52.0000000,Payment,3996.00,8,NULL,Success,Restaurant,Bengaluru,Karnataka,0
4590,77,2026-07-15,07:12:18.0000000,Withdrawal,16874.00,6,NULL,Success,Grocery,Delhi,Delhi,0
4591,77,2025-10-17,21:58:44.0000000,Transfer,10002.00,4,NULL,Success,Travel,Chennai,Tamil Nadu,0
4592,77,2026-01-19,12:45:10.0000000,Purchase,3130.00,2,2,Success,Restaurant,Hyderabad,Telangana,0
4593,77,2026-04-23,03:31:36.0000000,Deposit,16008.00,8,NULL,Success,Grocery,Coimbatore,Tamil Nadu,0
4594,77,2026-07-26,18:18:02.0000000,Payment,9136.00,6,NULL,Success,Travel,Mumbai,Maharashtra,0
4595,77,2025-10-28,09:04:28.0000000,Withdrawal,2264.00,4,NULL,Success,Restaurant,Pune,Maharashtra,0
4596,77,2026-01-30,23:50:54.0000000,Transfer,15142.00,2,6,Success,Grocery,Bengaluru,Karnataka,0
4597,77,2026-05-04,14:37:20.0000000,Purchase,8270.00,8,NULL,Success,Travel,Delhi,Delhi,0
4598,77,2026-08-06,05:23:46.0000000,Deposit,1398.00,6,NULL,Success,Restaurant,Chennai,Tamil Nadu,0
4599,77,2025-11-08,20:10:12.0000000,Payment,14276.00,4,NULL,Success,Grocery,Hyderabad,Telangana,0
4600,77,2026-02-10,10:56:38.0000000,Withdrawal,7404.00,2,10,Success,Travel,Coimbatore,Tamil Nadu,0
4601,77,2026-05-15,01:43:04.0000000,Transfer,532.00,8,NULL,Failed,Restaurant,Mumbai,Maharashtra,0
4602,77,2026-08-17,16:29:30.0000000,Purchase,13410.00,6,NULL,Success,Grocery,Pune,Maharashtra,0
4603,77,2025-11-19,07:15:56.0000000,Deposit,6538.00,4,NULL,Success,Travel,Bengaluru,Karnataka,0
4604,77,2026-02-21,22:02:22.0000000,Payment,19416.00,2,2,Pending,Restaurant,Delhi,Delhi,0
4605,77,2026-05-26,12:48:48.0000000,Withdrawal,12544.00,8,NULL,Success,Grocery,Chennai,Tamil Nadu,0
4606,77,2026-08-28,03:35:14.0000000,Transfer,5672.00,6,NULL,Success,Travel,Hyderabad,Telangana,0
4607,77,2025-11-30,18:21:40.0000000,Purchase,18550.00,4,NULL,Success,Restaurant,Coimbatore,Tamil Nadu,0
4608,77,2026-03-04,09:08:06.0000000,Deposit,11678.00,2,6,Success,Grocery,Mumbai,Maharashtra,0
4609,79,2025-12-13,16:34:47.0000000,Deposit,10251.00,1,1,Success,Fuel,Hyderabad,Telangana,0
4610,79,2026-03-17,07:21:13.0000000,Payment,3379.00,7,NULL,Success,Healthcare,Coimbatore,Tamil Nadu,0
4611,79,2026-06-19,22:07:39.0000000,Withdrawal,16257.00,5,NULL,Failed,Electronics,Mumbai,Maharashtra,0
4612,79,2026-09-21,12:54:05.0000000,Transfer,9385.00,3,7,Reversed,Fuel,Pune,Maharashtra,0
4613,79,2025-12-24,03:40:31.0000000,Purchase,2513.00,1,5,Success,Healthcare,Bengaluru,Karnataka,0
4614,79,2026-03-28,18:26:57.0000000,Deposit,15391.00,7,NULL,Success,Electronics,Delhi,Delhi,0
4615,79,2026-06-30,09:13:23.0000000,Payment,8519.00,5,NULL,Success,Fuel,Chennai,Tamil Nadu,0
4616,79,2025-10-02,23:59:49.0000000,Withdrawal,1647.00,3,11,Success,Healthcare,Hyderabad,Telangana,0
4617,79,2026-01-04,14:46:15.0000000,Transfer,14525.00,1,9,Success,Electronics,Coimbatore,Tamil Nadu,0
4618,79,2026-04-08,05:32:41.0000000,Purchase,7653.00,7,NULL,Success,Fuel,Mumbai,Maharashtra,0
4619,79,2026-07-11,20:19:07.0000000,Deposit,781.00,5,NULL,Success,Healthcare,Pune,Maharashtra,0
4620,79,2025-10-13,11:05:33.0000000,Payment,76107.00,3,3,Success,Electronics,Bengaluru,Karnataka,0
4621,79,2026-01-15,01:51:59.0000000,Withdrawal,6787.00,1,1,Success,Fuel,Delhi,Delhi,0
4622,79,2026-04-19,16:38:25.0000000,Transfer,19665.00,7,NULL,Success,Healthcare,Chennai,Tamil Nadu,0
4623,79,2026-07-22,07:24:51.0000000,Purchase,12793.00,5,NULL,Success,Electronics,Hyderabad,Telangana,0
4624,79,2025-10-24,22:11:17.0000000,Deposit,5921.00,3,7,Success,Fuel,Coimbatore,Tamil Nadu,0
4625,79,2026-01-26,12:57:43.0000000,Payment,18799.00,1,5,Success,Healthcare,Mumbai,Maharashtra,0
4626,79,2026-04-30,03:44:09.0000000,Withdrawal,11927.00,7,NULL,Success,Electronics,Pune,Maharashtra,0
4627,79,2026-08-02,18:30:35.0000000,Transfer,5055.00,5,NULL,Success,Fuel,Bengaluru,Karnataka,0
4628,79,2025-11-04,09:17:01.0000000,Purchase,17933.00,3,11,Success,Healthcare,Delhi,Delhi,0
4629,79,2026-02-06,00:03:27.0000000,Deposit,11061.00,1,9,Success,Electronics,Chennai,Tamil Nadu,0
4630,79,2026-05-11,14:49:53.0000000,Payment,4189.00,7,NULL,Success,Fuel,Hyderabad,Telangana,0
4631,79,2026-08-13,05:36:19.0000000,Withdrawal,17067.00,5,NULL,Success,Healthcare,Coimbatore,Tamil Nadu,0
4632,79,2025-11-15,20:22:45.0000000,Transfer,10195.00,3,3,Success,Electronics,Mumbai,Maharashtra,0
4633,79,2026-02-17,11:09:11.0000000,Purchase,3323.00,1,1,Success,Fuel,Pune,Maharashtra,0
4634,79,2026-05-22,01:55:37.0000000,Deposit,16201.00,7,NULL,Success,Healthcare,Bengaluru,Karnataka,0
4635,79,2026-08-24,16:42:03.0000000,Payment,9329.00,5,NULL,Success,Electronics,Delhi,Delhi,0
4636,79,2025-11-26,07:28:29.0000000,Withdrawal,2457.00,3,7,Success,Fuel,Chennai,Tamil Nadu,0
4637,79,2026-02-28,22:14:55.0000000,Transfer,15335.00,1,5,Success,Healthcare,Hyderabad,Telangana,0
4638,79,2026-06-02,13:01:21.0000000,Purchase,8463.00,7,NULL,Success,Electronics,Coimbatore,Tamil Nadu,0
4639,79,2026-09-04,03:47:47.0000000,Deposit,1591.00,5,NULL,Success,Fuel,Mumbai,Maharashtra,0
4640,79,2025-12-07,18:34:13.0000000,Payment,14469.00,3,11,Failed,Healthcare,Pune,Maharashtra,0
4641,79,2026-03-11,09:20:39.0000000,Withdrawal,7597.00,1,9,Success,Electronics,Bengaluru,Karnataka,0
4642,79,2026-06-13,00:07:05.0000000,Transfer,725.00,7,NULL,Success,Fuel,Delhi,Delhi,0
4643,79,2026-09-15,14:53:31.0000000,Purchase,13603.00,5,NULL,Success,Healthcare,Chennai,Tamil Nadu,0
4644,79,2025-12-18,05:39:57.0000000,Deposit,6731.00,3,3,Success,Electronics,Hyderabad,Telangana,0
4645,79,2026-03-22,20:26:23.0000000,Payment,19609.00,1,1,Success,Fuel,Coimbatore,Tamil Nadu,0
4646,79,2026-06-24,11:12:49.0000000,Withdrawal,12737.00,7,NULL,Pending,Healthcare,Mumbai,Maharashtra,0
4647,79,2026-09-26,01:59:15.0000000,Transfer,5865.00,5,NULL,Success,Electronics,Pune,Maharashtra,0
4648,79,2025-12-29,16:45:41.0000000,Purchase,18743.00,3,7,Success,Fuel,Bengaluru,Karnataka,0
4649,79,2026-04-02,07:32:07.0000000,Deposit,11871.00,1,5,Success,Healthcare,Delhi,Delhi,0
4650,79,2026-07-05,22:18:33.0000000,Payment,4999.00,7,NULL,Success,Electronics,Chennai,Tamil Nadu,0
4651,79,2025-10-07,13:04:59.0000000,Withdrawal,17877.00,5,NULL,Success,Fuel,Hyderabad,Telangana,0
4652,79,2026-01-09,03:51:25.0000000,Transfer,11005.00,3,11,Success,Healthcare,Coimbatore,Tamil Nadu,0
4653,79,2026-04-13,18:37:51.0000000,Purchase,4133.00,1,9,Success,Electronics,Mumbai,Maharashtra,0
4654,79,2026-07-16,09:24:17.0000000,Deposit,17011.00,7,NULL,Success,Fuel,Pune,Maharashtra,0
4655,79,2025-10-18,00:10:43.0000000,Payment,10139.00,5,NULL,Success,Healthcare,Bengaluru,Karnataka,0
4656,79,2026-01-20,14:57:09.0000000,Withdrawal,3267.00,3,3,Success,Electronics,Delhi,Delhi,0
4657,79,2026-04-24,05:43:35.0000000,Transfer,16145.00,1,1,Success,Fuel,Chennai,Tamil Nadu,0
4658,79,2026-07-27,20:30:01.0000000,Purchase,9273.00,7,NULL,Success,Healthcare,Hyderabad,Telangana,0
4659,79,2025-10-29,11:16:27.0000000,Deposit,2401.00,5,NULL,Success,Electronics,Coimbatore,Tamil Nadu,0
4660,79,2026-01-31,02:02:53.0000000,Payment,15279.00,3,7,Success,Fuel,Mumbai,Maharashtra,0
4661,79,2026-05-05,16:49:19.0000000,Withdrawal,79961.00,1,5,Success,Healthcare,Pune,Maharashtra,0
4662,79,2026-08-07,07:35:45.0000000,Transfer,1535.00,7,NULL,Success,Electronics,Bengaluru,Karnataka,0
4663,79,2025-11-09,22:22:11.0000000,Purchase,14413.00,5,NULL,Success,Fuel,Delhi,Delhi,0
4664,79,2026-02-11,13:08:37.0000000,Deposit,7541.00,3,11,Success,Healthcare,Chennai,Tamil Nadu,0
4665,79,2026-05-16,03:55:03.0000000,Payment,669.00,1,9,Success,Electronics,Hyderabad,Telangana,0
4666,79,2026-08-18,18:41:29.0000000,Withdrawal,13547.00,7,NULL,Success,Fuel,Coimbatore,Tamil Nadu,0
4667,79,2025-11-20,09:27:55.0000000,Transfer,6675.00,5,NULL,Success,Healthcare,Mumbai,Maharashtra,0
4668,79,2026-02-22,00:14:21.0000000,Purchase,19553.00,3,3,Success,Electronics,Pune,Maharashtra,0
4669,79,2026-05-27,15:00:47.0000000,Deposit,12681.00,1,1,Failed,Fuel,Bengaluru,Karnataka,0
4670,79,2026-08-29,05:47:13.0000000,Payment,5809.00,7,NULL,Success,Healthcare,Delhi,Delhi,0
4671,79,2025-12-01,20:33:39.0000000,Withdrawal,18687.00,5,NULL,Success,Electronics,Chennai,Tamil Nadu,0
4672,79,2026-03-05,11:20:05.0000000,Transfer,11815.00,3,7,Success,Fuel,Hyderabad,Telangana,0
4673,80,2025-12-14,18:46:46.0000000,Deposit,10388.00,2,2,Success,Restaurant,Delhi,Delhi,0
4674,80,2026-03-18,09:33:12.0000000,Payment,3516.00,8,NULL,Success,Grocery,Chennai,Tamil Nadu,0
4675,80,2026-06-20,00:19:38.0000000,Withdrawal,16394.00,6,NULL,Success,Travel,Hyderabad,Telangana,0
4676,80,2026-09-22,15:06:04.0000000,Transfer,9522.00,4,NULL,Success,Restaurant,Coimbatore,Tamil Nadu,0
4677,80,2025-12-25,05:52:30.0000000,Purchase,2650.00,2,6,Success,Grocery,Mumbai,Maharashtra,0
4678,80,2026-03-29,20:38:56.0000000,Deposit,15528.00,8,NULL,Success,Travel,Pune,Maharashtra,0
4679,80,2026-07-01,11:25:22.0000000,Payment,8656.00,6,NULL,Failed,Restaurant,Bengaluru,Karnataka,0
4680,80,2025-10-03,02:11:48.0000000,Withdrawal,1784.00,4,NULL,Success,Grocery,Delhi,Delhi,0
4681,80,2026-01-05,16:58:14.0000000,Transfer,14662.00,2,10,Success,Travel,Chennai,Tamil Nadu,0
4682,80,2026-04-09,07:44:40.0000000,Purchase,7790.00,8,NULL,Success,Restaurant,Hyderabad,Telangana,0
4683,80,2026-07-12,22:31:06.0000000,Deposit,918.00,6,NULL,Success,Grocery,Coimbatore,Tamil Nadu,0
4684,80,2025-10-14,13:17:32.0000000,Payment,13796.00,4,NULL,Success,Travel,Mumbai,Maharashtra,0
4685,80,2026-01-16,04:03:58.0000000,Withdrawal,6924.00,2,2,Success,Restaurant,Pune,Maharashtra,0
4686,80,2026-04-20,18:50:24.0000000,Transfer,19802.00,8,NULL,Success,Grocery,Bengaluru,Karnataka,0
4687,80,2026-07-23,09:36:50.0000000,Purchase,12930.00,6,NULL,Success,Travel,Delhi,Delhi,0
4688,80,2025-10-25,00:23:16.0000000,Deposit,6058.00,4,NULL,Pending,Restaurant,Chennai,Tamil Nadu,0
4689,80,2026-01-27,15:09:42.0000000,Payment,18936.00,2,6,Success,Grocery,Hyderabad,Telangana,0
4690,80,2026-05-01,05:56:08.0000000,Withdrawal,12064.00,8,NULL,Success,Travel,Coimbatore,Tamil Nadu,0
4691,80,2026-08-03,20:42:34.0000000,Transfer,5192.00,6,NULL,Success,Restaurant,Mumbai,Maharashtra,0
4692,80,2025-11-05,11:29:00.0000000,Purchase,18070.00,4,NULL,Success,Grocery,Pune,Maharashtra,0
4693,80,2026-02-07,02:15:26.0000000,Deposit,11198.00,2,10,Success,Travel,Bengaluru,Karnataka,0
4694,80,2026-05-12,17:01:52.0000000,Payment,4326.00,8,NULL,Success,Restaurant,Delhi,Delhi,0
4695,80,2026-08-14,07:48:18.0000000,Withdrawal,17204.00,6,NULL,Success,Grocery,Chennai,Tamil Nadu,0
4696,80,2025-11-16,22:34:44.0000000,Transfer,10332.00,4,NULL,Success,Travel,Hyderabad,Telangana,0
4697,80,2026-02-18,13:21:10.0000000,Purchase,3460.00,2,2,Success,Restaurant,Coimbatore,Tamil Nadu,0
4698,80,2026-05-23,04:07:36.0000000,Deposit,16338.00,8,NULL,Success,Grocery,Mumbai,Maharashtra,0
4699,80,2026-08-25,18:54:02.0000000,Payment,9466.00,6,NULL,Success,Travel,Pune,Maharashtra,0
4700,80,2025-11-27,09:40:28.0000000,Withdrawal,2594.00,4,NULL,Success,Restaurant,Bengaluru,Karnataka,0
4701,80,2026-03-01,00:26:54.0000000,Transfer,77706.00,2,6,Success,Grocery,Delhi,Delhi,0
4702,80,2026-06-03,15:13:20.0000000,Purchase,8600.00,8,NULL,Success,Travel,Chennai,Tamil Nadu,0
4703,80,2026-09-05,05:59:46.0000000,Deposit,1728.00,6,NULL,Success,Restaurant,Hyderabad,Telangana,0
4704,80,2025-12-08,20:46:12.0000000,Payment,14606.00,4,NULL,Success,Grocery,Coimbatore,Tamil Nadu,0
4705,80,2026-03-12,11:32:38.0000000,Withdrawal,7734.00,2,10,Success,Travel,Mumbai,Maharashtra,0
4706,80,2026-06-14,02:19:04.0000000,Transfer,862.00,8,NULL,Success,Restaurant,Pune,Maharashtra,0
4707,80,2026-09-16,17:05:30.0000000,Purchase,13740.00,6,NULL,Success,Grocery,Bengaluru,Karnataka,0
4708,80,2025-12-19,07:51:56.0000000,Deposit,6868.00,4,NULL,Failed,Travel,Delhi,Delhi,0
4709,80,2026-03-23,22:38:22.0000000,Payment,19746.00,2,2,Success,Restaurant,Chennai,Tamil Nadu,0
4710,80,2026-06-25,13:24:48.0000000,Withdrawal,12874.00,8,NULL,Success,Grocery,Hyderabad,Telangana,0
4711,80,2026-09-27,04:11:14.0000000,Transfer,6002.00,6,NULL,Success,Travel,Coimbatore,Tamil Nadu,0
4712,80,2025-12-30,18:57:40.0000000,Purchase,18880.00,4,NULL,Success,Restaurant,Mumbai,Maharashtra,0
4713,80,2026-04-03,09:44:06.0000000,Deposit,12008.00,2,6,Reversed,Grocery,Pune,Maharashtra,0
4714,80,2026-07-06,00:30:32.0000000,Payment,5136.00,8,NULL,Success,Travel,Bengaluru,Karnataka,0
4715,80,2025-10-08,15:16:58.0000000,Withdrawal,18014.00,6,NULL,Success,Restaurant,Delhi,Delhi,0
4716,80,2026-01-10,06:03:24.0000000,Transfer,11142.00,4,NULL,Success,Grocery,Chennai,Tamil Nadu,0
4717,80,2026-04-14,20:49:50.0000000,Purchase,4270.00,2,10,Success,Travel,Hyderabad,Telangana,0
4718,80,2026-07-17,11:36:16.0000000,Deposit,17148.00,8,NULL,Success,Restaurant,Coimbatore,Tamil Nadu,0
4719,80,2025-10-19,02:22:42.0000000,Payment,10276.00,6,NULL,Success,Grocery,Mumbai,Maharashtra,0
4720,80,2026-01-21,17:09:08.0000000,Withdrawal,3404.00,4,NULL,Success,Travel,Pune,Maharashtra,0
4721,80,2026-04-25,07:55:34.0000000,Transfer,16282.00,2,2,Success,Restaurant,Bengaluru,Karnataka,0
4722,80,2026-07-28,22:42:00.0000000,Purchase,9410.00,8,NULL,Success,Grocery,Delhi,Delhi,0
4723,80,2025-10-30,13:28:26.0000000,Deposit,2538.00,6,NULL,Success,Travel,Chennai,Tamil Nadu,0
4724,80,2026-02-01,04:14:52.0000000,Payment,15416.00,4,NULL,Success,Restaurant,Hyderabad,Telangana,0
4725,80,2026-05-06,19:01:18.0000000,Withdrawal,8544.00,2,6,Success,Grocery,Coimbatore,Tamil Nadu,0
4726,80,2026-08-08,09:47:44.0000000,Transfer,1672.00,8,NULL,Success,Travel,Mumbai,Maharashtra,0
4727,80,2025-11-10,00:34:10.0000000,Purchase,14550.00,6,NULL,Success,Restaurant,Pune,Maharashtra,0
4728,80,2026-02-12,15:20:36.0000000,Deposit,7678.00,4,NULL,Success,Grocery,Bengaluru,Karnataka,0
4729,80,2026-05-17,06:07:02.0000000,Payment,806.00,2,10,Success,Travel,Delhi,Delhi,0
4730,80,2026-08-19,20:53:28.0000000,Withdrawal,155432.00,8,NULL,Success,Restaurant,Chennai,Tamil Nadu,0
4731,80,2025-11-21,11:39:54.0000000,Transfer,6812.00,6,NULL,Success,Grocery,Hyderabad,Telangana,0
4732,80,2026-02-23,02:26:20.0000000,Purchase,19690.00,4,NULL,Success,Travel,Coimbatore,Tamil Nadu,0
4733,80,2026-05-28,17:12:46.0000000,Deposit,12818.00,2,2,Success,Restaurant,Mumbai,Maharashtra,0
4734,80,2026-08-30,07:59:12.0000000,Payment,5946.00,8,NULL,Success,Grocery,Pune,Maharashtra,0
4735,80,2025-12-02,22:45:38.0000000,Withdrawal,18824.00,6,NULL,Success,Travel,Bengaluru,Karnataka,0
4736,80,2026-03-06,13:32:04.0000000,Transfer,11952.00,4,NULL,Success,Restaurant,Delhi,Delhi,0
4737,81,2025-12-15,20:58:45.0000000,Transfer,10525.00,3,3,Success,Electronics,Pune,Maharashtra,0
4738,81,2026-03-19,11:45:11.0000000,Purchase,3653.00,1,1,Success,Fuel,Bengaluru,Karnataka,0
4739,81,2026-06-21,02:31:37.0000000,Deposit,16531.00,7,NULL,Success,Healthcare,Delhi,Delhi,0
4740,81,2026-09-23,17:18:03.0000000,Payment,9659.00,5,NULL,Success,Electronics,Chennai,Tamil Nadu,0
4741,81,2025-12-26,08:04:29.0000000,Withdrawal,75451.00,3,7,Success,Fuel,Hyderabad,Telangana,0
4742,81,2026-03-30,22:50:55.0000000,Transfer,15665.00,1,5,Success,Healthcare,Coimbatore,Tamil Nadu,0
4743,81,2026-07-02,13:37:21.0000000,Purchase,8793.00,7,NULL,Reversed,Electronics,Mumbai,Maharashtra,0
4744,81,2025-10-04,04:23:47.0000000,Deposit,1921.00,5,NULL,Success,Fuel,Pune,Maharashtra,0
4745,81,2026-01-06,19:10:13.0000000,Payment,14799.00,3,11,Success,Healthcare,Bengaluru,Karnataka,0
4746,81,2026-04-10,09:56:39.0000000,Withdrawal,7927.00,1,9,Success,Electronics,Delhi,Delhi,0
4747,81,2026-07-13,00:43:05.0000000,Transfer,1055.00,7,NULL,Failed,Fuel,Chennai,Tamil Nadu,0
4748,81,2025-10-15,15:29:31.0000000,Purchase,13933.00,5,NULL,Success,Healthcare,Hyderabad,Telangana,0
4749,81,2026-01-17,06:15:57.0000000,Deposit,7061.00,3,3,Success,Electronics,Coimbatore,Tamil Nadu,0
4750,81,2026-04-21,21:02:23.0000000,Payment,19939.00,1,1,Success,Fuel,Mumbai,Maharashtra,0
4751,81,2026-07-24,11:48:49.0000000,Withdrawal,13067.00,7,NULL,Success,Healthcare,Pune,Maharashtra,0
4752,81,2025-10-26,02:35:15.0000000,Transfer,6195.00,5,NULL,Success,Electronics,Bengaluru,Karnataka,0
4753,81,2026-01-28,17:21:41.0000000,Purchase,19073.00,3,7,Success,Fuel,Delhi,Delhi,0
4754,81,2026-05-02,08:08:07.0000000,Deposit,12201.00,1,5,Success,Healthcare,Chennai,Tamil Nadu,0
4755,81,2026-08-04,22:54:33.0000000,Payment,5329.00,7,NULL,Success,Electronics,Hyderabad,Telangana,0
4756,81,2025-11-06,13:40:59.0000000,Withdrawal,18207.00,5,NULL,Success,Fuel,Coimbatore,Tamil Nadu,0
4757,81,2026-02-08,04:27:25.0000000,Transfer,11335.00,3,11,Success,Healthcare,Mumbai,Maharashtra,0
4758,81,2026-05-13,19:13:51.0000000,Purchase,4463.00,1,9,Success,Electronics,Pune,Maharashtra,0
4759,81,2026-08-15,10:00:17.0000000,Deposit,17341.00,7,NULL,Success,Fuel,Bengaluru,Karnataka,0
4760,81,2025-11-17,00:46:43.0000000,Payment,10469.00,5,NULL,Success,Healthcare,Delhi,Delhi,0
4761,81,2026-02-19,15:33:09.0000000,Withdrawal,3597.00,3,3,Success,Electronics,Chennai,Tamil Nadu,0
4762,81,2026-05-24,06:19:35.0000000,Transfer,152425.00,1,1,Success,Fuel,Hyderabad,Telangana,0
4763,81,2026-08-26,21:06:01.0000000,Purchase,9603.00,7,NULL,Success,Healthcare,Coimbatore,Tamil Nadu,0
4764,81,2025-11-28,11:52:27.0000000,Deposit,2731.00,5,NULL,Success,Electronics,Mumbai,Maharashtra,0
4765,81,2026-03-02,02:38:53.0000000,Payment,15609.00,3,7,Success,Fuel,Pune,Maharashtra,0
4766,81,2026-06-04,17:25:19.0000000,Withdrawal,8737.00,1,5,Success,Healthcare,Bengaluru,Karnataka,0
4767,81,2026-09-06,08:11:45.0000000,Transfer,1865.00,7,NULL,Success,Electronics,Delhi,Delhi,0
4768,81,2025-12-09,22:58:11.0000000,Purchase,14743.00,5,NULL,Success,Fuel,Chennai,Tamil Nadu,0
4769,81,2026-03-13,13:44:37.0000000,Deposit,7871.00,3,11,Success,Healthcare,Hyderabad,Telangana,0
4770,81,2026-06-15,04:31:03.0000000,Payment,999.00,1,9,Success,Electronics,Coimbatore,Tamil Nadu,0
4771,81,2026-09-17,19:17:29.0000000,Withdrawal,13877.00,7,NULL,Success,Fuel,Mumbai,Maharashtra,0
4772,81,2025-12-20,10:03:55.0000000,Transfer,7005.00,5,NULL,Success,Healthcare,Pune,Maharashtra,0
4773,81,2026-03-24,00:50:21.0000000,Purchase,19883.00,3,3,Success,Electronics,Bengaluru,Karnataka,0
4774,81,2026-06-26,15:36:47.0000000,Deposit,13011.00,1,1,Success,Fuel,Delhi,Delhi,0
4775,81,2026-09-28,06:23:13.0000000,Payment,6139.00,7,NULL,Success,Healthcare,Chennai,Tamil Nadu,0
4776,81,2025-12-31,21:09:39.0000000,Withdrawal,19017.00,5,NULL,Failed,Electronics,Hyderabad,Telangana,0
4777,81,2026-04-04,11:56:05.0000000,Transfer,12145.00,3,7,Success,Fuel,Coimbatore,Tamil Nadu,0
4778,81,2026-07-07,02:42:31.0000000,Purchase,5273.00,1,5,Success,Healthcare,Mumbai,Maharashtra,0
4779,81,2025-10-09,17:28:57.0000000,Deposit,18151.00,7,NULL,Success,Electronics,Pune,Maharashtra,0
4780,81,2026-01-11,08:15:23.0000000,Payment,11279.00,5,NULL,Success,Fuel,Bengaluru,Karnataka,0
4781,81,2026-04-15,23:01:49.0000000,Withdrawal,4407.00,3,11,Success,Healthcare,Delhi,Delhi,0
4782,81,2026-07-18,13:48:15.0000000,Transfer,79305.00,1,9,Success,Electronics,Chennai,Tamil Nadu,0
4783,81,2025-10-20,04:34:41.0000000,Purchase,10413.00,7,NULL,Pending,Fuel,Hyderabad,Telangana,0
4784,81,2026-01-22,19:21:07.0000000,Deposit,3541.00,5,NULL,Success,Healthcare,Coimbatore,Tamil Nadu,0
4785,81,2026-04-26,10:07:33.0000000,Payment,16419.00,3,3,Success,Electronics,Mumbai,Maharashtra,0
4786,81,2026-07-29,00:53:59.0000000,Withdrawal,9547.00,1,1,Success,Fuel,Pune,Maharashtra,0
4787,81,2025-10-31,15:40:25.0000000,Transfer,2675.00,7,NULL,Success,Healthcare,Bengaluru,Karnataka,0
4788,81,2026-02-02,06:26:51.0000000,Purchase,15553.00,5,NULL,Success,Electronics,Delhi,Delhi,0
4789,81,2026-05-07,21:13:17.0000000,Deposit,8681.00,3,7,Success,Fuel,Chennai,Tamil Nadu,0
4790,81,2026-08-09,11:59:43.0000000,Payment,1809.00,1,5,Success,Healthcare,Hyderabad,Telangana,0
4791,81,2025-11-11,02:46:09.0000000,Withdrawal,14687.00,7,NULL,Success,Electronics,Coimbatore,Tamil Nadu,0
4792,81,2026-02-13,17:32:35.0000000,Transfer,7815.00,5,NULL,Success,Fuel,Mumbai,Maharashtra,0
4793,81,2026-05-18,08:19:01.0000000,Purchase,943.00,3,11,Success,Healthcare,Pune,Maharashtra,0
4794,81,2026-08-20,23:05:27.0000000,Deposit,13821.00,1,9,Success,Electronics,Bengaluru,Karnataka,0
4795,81,2025-11-22,13:51:53.0000000,Payment,6949.00,7,NULL,Success,Fuel,Delhi,Delhi,0
4796,81,2026-02-24,04:38:19.0000000,Withdrawal,19827.00,5,NULL,Success,Healthcare,Chennai,Tamil Nadu,0
4797,81,2026-05-29,19:24:45.0000000,Transfer,12955.00,3,3,Success,Electronics,Hyderabad,Telangana,0
4798,81,2026-08-31,10:11:11.0000000,Purchase,6083.00,1,1,Success,Fuel,Coimbatore,Tamil Nadu,0
4799,81,2025-12-03,00:57:37.0000000,Deposit,18961.00,7,NULL,Success,Healthcare,Mumbai,Maharashtra,0
4800,81,2026-03-07,15:44:03.0000000,Payment,12089.00,5,NULL,Success,Electronics,Pune,Maharashtra,0
4801,82,2025-12-16,23:10:44.0000000,Transfer,10662.00,4,NULL,Success,Travel,Coimbatore,Tamil Nadu,0
4802,82,2026-03-20,13:57:10.0000000,Purchase,3790.00,2,2,Success,Restaurant,Mumbai,Maharashtra,0
4803,82,2026-06-22,04:43:36.0000000,Deposit,16668.00,8,NULL,Success,Grocery,Pune,Maharashtra,0
4804,82,2026-09-24,19:30:02.0000000,Payment,9796.00,6,NULL,Success,Travel,Bengaluru,Karnataka,0
4805,82,2025-12-27,10:16:28.0000000,Withdrawal,2924.00,4,NULL,Success,Restaurant,Delhi,Delhi,1
4806,82,2026-03-31,01:02:54.0000000,Transfer,15802.00,2,6,Success,Grocery,Chennai,Tamil Nadu,0
4807,82,2026-07-03,15:49:20.0000000,Purchase,8930.00,8,NULL,Success,Travel,Hyderabad,Telangana,0
4808,82,2025-10-05,06:35:46.0000000,Deposit,2058.00,6,NULL,Success,Restaurant,Coimbatore,Tamil Nadu,0
4809,82,2026-01-07,21:22:12.0000000,Payment,14936.00,4,NULL,Success,Grocery,Mumbai,Maharashtra,0
4810,82,2026-04-11,12:08:38.0000000,Withdrawal,8064.00,2,10,Success,Travel,Pune,Maharashtra,0
4811,82,2026-07-14,02:55:04.0000000,Transfer,1192.00,8,NULL,Success,Restaurant,Bengaluru,Karnataka,0
4812,82,2025-10-16,17:41:30.0000000,Purchase,14070.00,6,NULL,Success,Grocery,Delhi,Delhi,0
4813,82,2026-01-18,08:27:56.0000000,Deposit,7198.00,4,NULL,Success,Travel,Chennai,Tamil Nadu,0
4814,82,2026-04-22,23:14:22.0000000,Payment,326.00,2,2,Success,Restaurant,Hyderabad,Telangana,0
4815,82,2026-07-25,14:00:48.0000000,Withdrawal,13204.00,8,NULL,Failed,Grocery,Coimbatore,Tamil Nadu,0
4816,82,2025-10-27,04:47:14.0000000,Transfer,6332.00,6,NULL,Success,Travel,Mumbai,Maharashtra,0
4817,82,2026-01-29,19:33:40.0000000,Purchase,19210.00,4,NULL,Success,Restaurant,Pune,Maharashtra,0
4818,82,2026-05-03,10:20:06.0000000,Deposit,12338.00,2,6,Success,Grocery,Bengaluru,Karnataka,0
4819,82,2026-08-05,01:06:32.0000000,Payment,5466.00,8,NULL,Success,Travel,Delhi,Delhi,0
4820,82,2025-11-07,15:52:58.0000000,Withdrawal,18344.00,6,NULL,Success,Restaurant,Chennai,Tamil Nadu,0
4821,82,2026-02-09,06:39:24.0000000,Transfer,11472.00,4,NULL,Success,Grocery,Hyderabad,Telangana,0
4822,82,2026-05-14,21:25:50.0000000,Purchase,77050.00,2,10,Success,Travel,Coimbatore,Tamil Nadu,0
4823,82,2026-08-16,12:12:16.0000000,Deposit,17478.00,8,NULL,Success,Restaurant,Mumbai,Maharashtra,0
4824,82,2025-11-18,02:58:42.0000000,Payment,10606.00,6,NULL,Success,Grocery,Pune,Maharashtra,0
4825,82,2026-02-20,17:45:08.0000000,Withdrawal,3734.00,4,NULL,Pending,Travel,Bengaluru,Karnataka,0
4826,82,2026-05-25,08:31:34.0000000,Transfer,16612.00,2,2,Success,Restaurant,Delhi,Delhi,0
4827,82,2026-08-27,23:18:00.0000000,Purchase,9740.00,8,NULL,Success,Grocery,Chennai,Tamil Nadu,0
4828,82,2025-11-29,14:04:26.0000000,Deposit,2868.00,6,NULL,Success,Travel,Hyderabad,Telangana,0
4829,82,2026-03-03,04:50:52.0000000,Payment,15746.00,4,NULL,Success,Restaurant,Coimbatore,Tamil Nadu,0
4830,82,2026-06-05,19:37:18.0000000,Withdrawal,8874.00,2,6,Success,Grocery,Mumbai,Maharashtra,0
4831,82,2026-09-07,10:23:44.0000000,Transfer,2002.00,8,NULL,Success,Travel,Pune,Maharashtra,0
4832,82,2025-12-10,01:10:10.0000000,Purchase,14880.00,6,NULL,Success,Restaurant,Bengaluru,Karnataka,0
4833,82,2026-03-14,15:56:36.0000000,Deposit,8008.00,4,NULL,Success,Grocery,Delhi,Delhi,0
4834,82,2026-06-16,06:43:02.0000000,Payment,1136.00,2,10,Success,Travel,Chennai,Tamil Nadu,0
4835,82,2026-09-18,21:29:28.0000000,Withdrawal,14014.00,8,NULL,Success,Restaurant,Hyderabad,Telangana,0
4836,82,2025-12-21,12:15:54.0000000,Transfer,7142.00,6,NULL,Success,Grocery,Coimbatore,Tamil Nadu,0
4837,82,2026-03-25,03:02:20.0000000,Purchase,270.00,4,NULL,Success,Travel,Mumbai,Maharashtra,0
4838,82,2026-06-27,17:48:46.0000000,Deposit,13148.00,2,2,Success,Restaurant,Pune,Maharashtra,0
4839,82,2026-09-29,08:35:12.0000000,Payment,6276.00,8,NULL,Success,Grocery,Bengaluru,Karnataka,0
4840,82,2026-01-01,23:21:38.0000000,Withdrawal,19154.00,6,NULL,Success,Travel,Delhi,Delhi,0
4841,82,2026-04-05,14:08:04.0000000,Transfer,12282.00,4,NULL,Success,Restaurant,Chennai,Tamil Nadu,0
4842,82,2026-07-08,04:54:30.0000000,Purchase,5410.00,2,6,Success,Grocery,Hyderabad,Telangana,0
4843,82,2025-10-10,19:40:56.0000000,Deposit,18288.00,8,NULL,Success,Travel,Coimbatore,Tamil Nadu,0
4844,82,2026-01-12,10:27:22.0000000,Payment,11416.00,6,NULL,Failed,Restaurant,Mumbai,Maharashtra,0
4845,82,2026-04-16,01:13:48.0000000,Withdrawal,4544.00,4,NULL,Success,Grocery,Pune,Maharashtra,0
4846,82,2026-07-19,16:00:14.0000000,Transfer,17422.00,2,10,Success,Travel,Bengaluru,Karnataka,0
4847,82,2025-10-21,06:46:40.0000000,Purchase,10550.00,8,NULL,Success,Restaurant,Delhi,Delhi,0
4848,82,2026-01-23,21:33:06.0000000,Deposit,3678.00,6,NULL,Success,Grocery,Chennai,Tamil Nadu,0
4849,82,2026-04-27,12:19:32.0000000,Payment,16556.00,4,NULL,Success,Travel,Hyderabad,Telangana,0
4850,82,2026-07-30,03:05:58.0000000,Withdrawal,9684.00,2,2,Success,Restaurant,Coimbatore,Tamil Nadu,0
4851,82,2025-11-01,17:52:24.0000000,Transfer,2812.00,8,NULL,Success,Grocery,Mumbai,Maharashtra,0
4852,82,2026-02-03,08:38:50.0000000,Purchase,15690.00,6,NULL,Success,Travel,Pune,Maharashtra,0
4853,82,2026-05-08,23:25:16.0000000,Deposit,8818.00,4,NULL,Success,Restaurant,Bengaluru,Karnataka,0
4854,82,2026-08-10,14:11:42.0000000,Payment,1946.00,2,6,Success,Grocery,Delhi,Delhi,0
4855,82,2025-11-12,04:58:08.0000000,Withdrawal,14824.00,8,NULL,Success,Travel,Chennai,Tamil Nadu,0
4856,82,2026-02-14,19:44:34.0000000,Transfer,7952.00,6,NULL,Success,Restaurant,Hyderabad,Telangana,0
4857,82,2026-05-19,10:31:00.0000000,Purchase,1080.00,4,NULL,Success,Grocery,Coimbatore,Tamil Nadu,0
4858,82,2026-08-21,01:17:26.0000000,Deposit,13958.00,2,10,Success,Travel,Mumbai,Maharashtra,0
4859,82,2025-11-23,16:03:52.0000000,Payment,7086.00,8,NULL,Success,Restaurant,Pune,Maharashtra,0
4860,82,2026-02-25,06:50:18.0000000,Withdrawal,19964.00,6,NULL,Success,Grocery,Bengaluru,Karnataka,0
4861,82,2026-05-30,21:36:44.0000000,Transfer,13092.00,4,NULL,Success,Travel,Delhi,Delhi,0
4862,82,2026-09-01,12:23:10.0000000,Purchase,6220.00,2,2,Success,Restaurant,Chennai,Tamil Nadu,0
4863,82,2025-12-04,03:09:36.0000000,Deposit,80904.00,8,NULL,Success,Grocery,Hyderabad,Telangana,0
4864,82,2026-03-08,17:56:02.0000000,Payment,12226.00,6,NULL,Success,Travel,Coimbatore,Tamil Nadu,0
4865,83,2025-12-17,01:22:43.0000000,Payment,10799.00,5,NULL,Success,Healthcare,Chennai,Tamil Nadu,0
4866,83,2026-03-21,16:09:09.0000000,Withdrawal,3927.00,3,3,Success,Electronics,Hyderabad,Telangana,0
4867,83,2026-06-23,06:55:35.0000000,Transfer,16805.00,1,1,Pending,Fuel,Coimbatore,Tamil Nadu,0
4868,83,2026-09-25,21:42:01.0000000,Purchase,9933.00,7,NULL,Success,Healthcare,Mumbai,Maharashtra,0
4869,83,2025-12-28,12:28:27.0000000,Deposit,3061.00,5,NULL,Success,Electronics,Pune,Maharashtra,0
4870,83,2026-04-01,03:14:53.0000000,Payment,15939.00,3,7,Success,Fuel,Bengaluru,Karnataka,0
4871,83,2026-07-04,18:01:19.0000000,Withdrawal,9067.00,1,5,Success,Healthcare,Delhi,Delhi,0
4872,83,2025-10-06,08:47:45.0000000,Transfer,2195.00,7,NULL,Success,Electronics,Chennai,Tamil Nadu,0
4873,83,2026-01-08,23:34:11.0000000,Purchase,15073.00,5,NULL,Success,Fuel,Hyderabad,Telangana,0
4874,83,2026-04-12,14:20:37.0000000,Deposit,8201.00,3,11,Reversed,Healthcare,Coimbatore,Tamil Nadu,0
4875,83,2026-07-15,05:07:03.0000000,Payment,1329.00,1,9,Success,Electronics,Mumbai,Maharashtra,1
4876,83,2025-10-17,19:53:29.0000000,Withdrawal,14207.00,7,NULL,Success,Fuel,Pune,Maharashtra,0
4877,83,2026-01-19,10:39:55.0000000,Transfer,7335.00,5,NULL,Success,Healthcare,Bengaluru,Karnataka,0
4878,83,2026-04-23,01:26:21.0000000,Purchase,463.00,3,3,Success,Electronics,Delhi,Delhi,0
4879,83,2026-07-26,16:12:47.0000000,Deposit,13341.00,1,1,Success,Fuel,Chennai,Tamil Nadu,0
4880,83,2025-10-28,06:59:13.0000000,Payment,6469.00,7,NULL,Success,Healthcare,Hyderabad,Telangana,0
4881,83,2026-01-30,21:45:39.0000000,Withdrawal,19347.00,5,NULL,Success,Electronics,Coimbatore,Tamil Nadu,0
4882,83,2026-05-04,12:32:05.0000000,Transfer,12475.00,3,7,Success,Fuel,Mumbai,Maharashtra,0
4883,83,2026-08-06,03:18:31.0000000,Purchase,5603.00,1,5,Failed,Healthcare,Pune,Maharashtra,0
4884,83,2025-11-08,18:04:57.0000000,Deposit,18481.00,7,NULL,Success,Electronics,Bengaluru,Karnataka,0
4885,83,2026-02-10,08:51:23.0000000,Payment,11609.00,5,NULL,Success,Fuel,Delhi,Delhi,0
4886,83,2026-05-15,23:37:49.0000000,Withdrawal,4737.00,3,11,Success,Healthcare,Chennai,Tamil Nadu,0
4887,83,2026-08-17,14:24:15.0000000,Transfer,17615.00,1,9,Success,Electronics,Hyderabad,Telangana,0
4888,83,2025-11-19,05:10:41.0000000,Purchase,10743.00,7,NULL,Success,Fuel,Coimbatore,Tamil Nadu,0
4889,83,2026-02-21,19:57:07.0000000,Deposit,3871.00,5,NULL,Success,Healthcare,Mumbai,Maharashtra,0
4890,83,2026-05-26,10:43:33.0000000,Payment,16749.00,3,3,Success,Electronics,Pune,Maharashtra,0
4891,83,2026-08-28,01:29:59.0000000,Withdrawal,9877.00,1,1,Success,Fuel,Bengaluru,Karnataka,0
4892,83,2025-11-30,16:16:25.0000000,Transfer,3005.00,7,NULL,Success,Healthcare,Delhi,Delhi,0
4893,83,2026-03-04,07:02:51.0000000,Purchase,15883.00,5,NULL,Success,Electronics,Chennai,Tamil Nadu,0
4894,83,2026-06-06,21:49:17.0000000,Deposit,9011.00,3,7,Success,Fuel,Hyderabad,Telangana,0
4895,83,2026-09-08,12:35:43.0000000,Payment,2139.00,1,5,Success,Healthcare,Coimbatore,Tamil Nadu,0
4896,83,2025-12-11,03:22:09.0000000,Withdrawal,15017.00,7,NULL,Success,Electronics,Mumbai,Maharashtra,0
4897,83,2026-03-15,18:08:35.0000000,Transfer,8145.00,5,NULL,Success,Fuel,Pune,Maharashtra,0
4898,83,2026-06-17,08:55:01.0000000,Purchase,1273.00,3,11,Success,Healthcare,Bengaluru,Karnataka,0
4899,83,2026-09-19,23:41:27.0000000,Deposit,14151.00,1,9,Success,Electronics,Delhi,Delhi,0
4900,83,2025-12-22,14:27:53.0000000,Payment,7279.00,7,NULL,Success,Fuel,Chennai,Tamil Nadu,0
4901,83,2026-03-26,05:14:19.0000000,Withdrawal,407.00,5,NULL,Success,Healthcare,Hyderabad,Telangana,0
4902,83,2026-06-28,20:00:45.0000000,Transfer,13285.00,3,3,Success,Electronics,Coimbatore,Tamil Nadu,0
4903,83,2026-09-30,10:47:11.0000000,Purchase,78649.00,1,1,Success,Fuel,Mumbai,Maharashtra,0
4904,83,2026-01-02,01:33:37.0000000,Deposit,19291.00,7,NULL,Success,Healthcare,Pune,Maharashtra,0
4905,83,2026-04-06,16:20:03.0000000,Payment,12419.00,5,NULL,Success,Electronics,Bengaluru,Karnataka,0
4906,83,2026-07-09,07:06:29.0000000,Withdrawal,5547.00,3,7,Success,Fuel,Delhi,Delhi,0
4907,83,2025-10-11,21:52:55.0000000,Transfer,18425.00,1,5,Success,Healthcare,Chennai,Tamil Nadu,0
4908,83,2026-01-13,12:39:21.0000000,Purchase,11553.00,7,NULL,Success,Electronics,Hyderabad,Telangana,0
4909,83,2026-04-17,03:25:47.0000000,Deposit,4681.00,5,NULL,Success,Fuel,Coimbatore,Tamil Nadu,0
4910,83,2026-07-20,18:12:13.0000000,Payment,17559.00,3,11,Success,Healthcare,Mumbai,Maharashtra,0
4911,83,2025-10-22,08:58:39.0000000,Withdrawal,10687.00,1,9,Success,Electronics,Pune,Maharashtra,0
4912,83,2026-01-24,23:45:05.0000000,Transfer,3815.00,7,NULL,Failed,Fuel,Bengaluru,Karnataka,0
4913,83,2026-04-28,14:31:31.0000000,Purchase,16693.00,5,NULL,Success,Healthcare,Delhi,Delhi,0
4914,83,2026-07-31,05:17:57.0000000,Deposit,9821.00,3,3,Success,Electronics,Chennai,Tamil Nadu,0
4915,83,2025-11-02,20:04:23.0000000,Payment,2949.00,1,1,Success,Fuel,Hyderabad,Telangana,0
4916,83,2026-02-04,10:50:49.0000000,Withdrawal,15827.00,7,NULL,Success,Healthcare,Coimbatore,Tamil Nadu,0
4917,83,2026-05-09,01:37:15.0000000,Transfer,8955.00,5,NULL,Success,Electronics,Mumbai,Maharashtra,0
4918,83,2026-08-11,16:23:41.0000000,Purchase,2083.00,3,7,Success,Fuel,Pune,Maharashtra,0
4919,83,2025-11-13,07:10:07.0000000,Deposit,14961.00,1,5,Success,Healthcare,Bengaluru,Karnataka,0
4920,83,2026-02-15,21:56:33.0000000,Payment,8089.00,7,NULL,Pending,Electronics,Delhi,Delhi,0
4921,83,2026-05-20,12:42:59.0000000,Withdrawal,1217.00,5,NULL,Success,Fuel,Chennai,Tamil Nadu,0
4922,83,2026-08-22,03:29:25.0000000,Transfer,14095.00,3,11,Success,Healthcare,Hyderabad,Telangana,0
4923,83,2025-11-24,18:15:51.0000000,Purchase,155529.00,1,9,Success,Electronics,Coimbatore,Tamil Nadu,0
4924,83,2026-02-26,09:02:17.0000000,Deposit,351.00,7,NULL,Success,Fuel,Mumbai,Maharashtra,0
4925,83,2026-05-31,23:48:43.0000000,Payment,13229.00,5,NULL,Success,Healthcare,Pune,Maharashtra,0
4926,83,2026-09-02,14:35:09.0000000,Withdrawal,6357.00,3,3,Success,Electronics,Bengaluru,Karnataka,0
4927,83,2025-12-05,05:21:35.0000000,Transfer,19235.00,1,1,Success,Fuel,Delhi,Delhi,0
4928,83,2026-03-09,20:08:01.0000000,Purchase,12363.00,7,NULL,Success,Healthcare,Chennai,Tamil Nadu,0
4929,84,2025-12-18,03:34:42.0000000,Payment,10936.00,6,NULL,Success,Grocery,Bengaluru,Karnataka,0
4930,84,2026-03-22,18:21:08.0000000,Withdrawal,4064.00,4,NULL,Success,Travel,Delhi,Delhi,0
4931,84,2026-06-24,09:07:34.0000000,Transfer,16942.00,2,2,Success,Restaurant,Chennai,Tamil Nadu,0
4932,84,2026-09-26,23:54:00.0000000,Purchase,10070.00,8,NULL,Success,Grocery,Hyderabad,Telangana,0
4933,84,2025-12-29,14:40:26.0000000,Deposit,3198.00,6,NULL,Success,Travel,Coimbatore,Tamil Nadu,0
4934,84,2026-04-02,05:26:52.0000000,Payment,16076.00,4,NULL,Success,Restaurant,Mumbai,Maharashtra,0
4935,84,2026-07-05,20:13:18.0000000,Withdrawal,9204.00,2,6,Success,Grocery,Pune,Maharashtra,0
4936,84,2025-10-07,10:59:44.0000000,Transfer,2332.00,8,NULL,Success,Travel,Bengaluru,Karnataka,0
4937,84,2026-01-09,01:46:10.0000000,Purchase,15210.00,6,NULL,Success,Restaurant,Delhi,Delhi,0
4938,84,2026-04-13,16:32:36.0000000,Deposit,8338.00,4,NULL,Success,Grocery,Chennai,Tamil Nadu,0
4939,84,2026-07-16,07:19:02.0000000,Payment,1466.00,2,10,Success,Travel,Hyderabad,Telangana,0
4940,84,2025-10-18,22:05:28.0000000,Withdrawal,14344.00,8,NULL,Success,Restaurant,Coimbatore,Tamil Nadu,0
4941,84,2026-01-20,12:51:54.0000000,Transfer,7472.00,6,NULL,Success,Grocery,Mumbai,Maharashtra,0
4942,84,2026-04-24,03:38:20.0000000,Purchase,600.00,4,NULL,Success,Travel,Pune,Maharashtra,0
4943,84,2026-07-27,18:24:46.0000000,Deposit,76394.00,2,2,Success,Restaurant,Bengaluru,Karnataka,0
4944,84,2025-10-29,09:11:12.0000000,Payment,6606.00,8,NULL,Success,Grocery,Delhi,Delhi,0
4945,84,2026-01-31,23:57:38.0000000,Withdrawal,19484.00,6,NULL,Success,Travel,Chennai,Tamil Nadu,1
4946,84,2026-05-05,14:44:04.0000000,Transfer,12612.00,4,NULL,Success,Restaurant,Hyderabad,Telangana,0
4947,84,2026-08-07,05:30:30.0000000,Purchase,5740.00,2,6,Success,Grocery,Coimbatore,Tamil Nadu,0
4948,84,2025-11-09,20:16:56.0000000,Deposit,18618.00,8,NULL,Success,Travel,Mumbai,Maharashtra,0
4949,84,2026-02-11,11:03:22.0000000,Payment,11746.00,6,NULL,Success,Restaurant,Pune,Maharashtra,0
4950,84,2026-05-16,01:49:48.0000000,Withdrawal,4874.00,4,NULL,Success,Grocery,Bengaluru,Karnataka,0
4951,84,2026-08-18,16:36:14.0000000,Transfer,17752.00,2,10,Failed,Travel,Delhi,Delhi,0
4952,84,2025-11-20,07:22:40.0000000,Purchase,10880.00,8,NULL,Success,Restaurant,Chennai,Tamil Nadu,0
4953,84,2026-02-22,22:09:06.0000000,Deposit,4008.00,6,NULL,Success,Grocery,Hyderabad,Telangana,0
4954,84,2026-05-27,12:55:32.0000000,Payment,16886.00,4,NULL,Success,Travel,Coimbatore,Tamil Nadu,0
4955,84,2026-08-29,03:41:58.0000000,Withdrawal,152522.00,2,2,Success,Restaurant,Mumbai,Maharashtra,0
4956,84,2025-12-01,18:28:24.0000000,Transfer,3142.00,8,NULL,Success,Grocery,Pune,Maharashtra,0
4957,84,2026-03-05,09:14:50.0000000,Purchase,16020.00,6,NULL,Success,Travel,Bengaluru,Karnataka,0
4958,84,2026-06-07,00:01:16.0000000,Deposit,9148.00,4,NULL,Success,Restaurant,Delhi,Delhi,0
4959,84,2026-09-09,14:47:42.0000000,Payment,2276.00,2,6,Success,Grocery,Chennai,Tamil Nadu,0
4960,84,2025-12-12,05:34:08.0000000,Withdrawal,15154.00,8,NULL,Success,Travel,Hyderabad,Telangana,0
4961,84,2026-03-16,20:20:34.0000000,Transfer,8282.00,6,NULL,Success,Restaurant,Coimbatore,Tamil Nadu,0
4962,84,2026-06-18,11:07:00.0000000,Purchase,1410.00,4,NULL,Pending,Grocery,Mumbai,Maharashtra,0
4963,84,2026-09-20,01:53:26.0000000,Deposit,14288.00,2,10,Success,Travel,Pune,Maharashtra,0
4964,84,2025-12-23,16:39:52.0000000,Payment,7416.00,8,NULL,Success,Restaurant,Bengaluru,Karnataka,0
4965,84,2026-03-27,07:26:18.0000000,Withdrawal,544.00,6,NULL,Success,Grocery,Delhi,Delhi,0
4966,84,2026-06-29,22:12:44.0000000,Transfer,13422.00,4,NULL,Success,Travel,Chennai,Tamil Nadu,0
4967,84,2025-10-01,12:59:10.0000000,Purchase,6550.00,2,2,Success,Restaurant,Hyderabad,Telangana,0
4968,84,2026-01-03,03:45:36.0000000,Deposit,19428.00,8,NULL,Success,Grocery,Coimbatore,Tamil Nadu,0
4969,84,2026-04-07,18:32:02.0000000,Payment,12556.00,6,NULL,Success,Travel,Mumbai,Maharashtra,0
4970,84,2026-07-10,09:18:28.0000000,Withdrawal,5684.00,4,NULL,Success,Restaurant,Pune,Maharashtra,0
4971,84,2025-10-12,00:04:54.0000000,Transfer,18562.00,2,6,Success,Grocery,Bengaluru,Karnataka,0
4972,84,2026-01-14,14:51:20.0000000,Purchase,11690.00,8,NULL,Success,Travel,Delhi,Delhi,0
4973,84,2026-04-18,05:37:46.0000000,Deposit,4818.00,6,NULL,Success,Restaurant,Chennai,Tamil Nadu,0
4974,84,2026-07-21,20:24:12.0000000,Payment,17696.00,4,NULL,Success,Grocery,Hyderabad,Telangana,0
4975,84,2025-10-23,11:10:38.0000000,Withdrawal,10824.00,2,10,Reversed,Travel,Coimbatore,Tamil Nadu,0
4976,84,2026-01-25,01:57:04.0000000,Transfer,3952.00,8,NULL,Success,Restaurant,Mumbai,Maharashtra,0
4977,84,2026-04-29,16:43:30.0000000,Purchase,16830.00,6,NULL,Success,Grocery,Pune,Maharashtra,0
4978,84,2026-08-01,07:29:56.0000000,Deposit,9958.00,4,NULL,Success,Travel,Bengaluru,Karnataka,0
4979,84,2025-11-03,22:16:22.0000000,Payment,3086.00,2,2,Success,Restaurant,Delhi,Delhi,0
4980,84,2026-02-05,13:02:48.0000000,Withdrawal,15964.00,8,NULL,Failed,Grocery,Chennai,Tamil Nadu,0
4981,84,2026-05-10,03:49:14.0000000,Transfer,9092.00,6,NULL,Success,Travel,Hyderabad,Telangana,0
4982,84,2026-08-12,18:35:40.0000000,Purchase,2220.00,4,NULL,Success,Restaurant,Coimbatore,Tamil Nadu,0
4983,84,2025-11-14,09:22:06.0000000,Deposit,15098.00,2,6,Success,Grocery,Mumbai,Maharashtra,0
4984,84,2026-02-16,00:08:32.0000000,Payment,80248.00,8,NULL,Success,Travel,Pune,Maharashtra,0
4985,84,2026-05-21,14:54:58.0000000,Withdrawal,1354.00,6,NULL,Success,Restaurant,Bengaluru,Karnataka,0
4986,84,2026-08-23,05:41:24.0000000,Transfer,14232.00,4,NULL,Success,Grocery,Delhi,Delhi,0
4987,84,2025-11-25,20:27:50.0000000,Purchase,7360.00,2,10,Success,Travel,Chennai,Tamil Nadu,0
4988,84,2026-02-27,11:14:16.0000000,Deposit,488.00,8,NULL,Success,Restaurant,Hyderabad,Telangana,0
4989,84,2026-06-01,02:00:42.0000000,Payment,13366.00,6,NULL,Success,Grocery,Coimbatore,Tamil Nadu,0
4990,84,2026-09-03,16:47:08.0000000,Withdrawal,6494.00,4,NULL,Success,Travel,Mumbai,Maharashtra,0
4991,84,2025-12-06,07:33:34.0000000,Transfer,19372.00,2,2,Success,Restaurant,Pune,Maharashtra,0
4992,84,2026-03-10,22:20:00.0000000,Purchase,12500.00,8,NULL,Success,Grocery,Bengaluru,Karnataka,0
4993,85,2025-12-19,05:46:41.0000000,Purchase,11073.00,7,NULL,Success,Fuel,Mumbai,Maharashtra,0
4994,85,2026-03-23,20:33:07.0000000,Deposit,4201.00,5,NULL,Success,Healthcare,Pune,Maharashtra,0
4995,85,2026-06-25,11:19:33.0000000,Payment,17079.00,3,3,Success,Electronics,Bengaluru,Karnataka,0
4996,85,2026-09-27,02:05:59.0000000,Withdrawal,10207.00,1,1,Success,Fuel,Delhi,Delhi,0
4997,85,2025-12-30,16:52:25.0000000,Transfer,3335.00,7,NULL,Success,Healthcare,Chennai,Tamil Nadu,0
4998,85,2026-04-03,07:38:51.0000000,Purchase,16213.00,5,NULL,Success,Electronics,Hyderabad,Telangana,0
4999,85,2026-07-06,22:25:17.0000000,Deposit,9341.00,3,7,Success,Fuel,Coimbatore,Tamil Nadu,0
5000,85,2025-10-08,13:11:43.0000000,Payment,2469.00,1,5,Success,Healthcare,Mumbai,Maharashtra,0
5001,85,2026-01-10,03:58:09.0000000,Withdrawal,15347.00,7,NULL,Success,Electronics,Pune,Maharashtra,0
5002,85,2026-04-14,18:44:35.0000000,Transfer,8475.00,5,NULL,Success,Fuel,Bengaluru,Karnataka,0
5003,85,2026-07-17,09:31:01.0000000,Purchase,1603.00,3,11,Success,Healthcare,Delhi,Delhi,0
5004,85,2025-10-19,00:17:27.0000000,Deposit,14481.00,1,9,Pending,Electronics,Chennai,Tamil Nadu,0
5005,85,2026-01-21,15:03:53.0000000,Payment,7609.00,7,NULL,Reversed,Fuel,Hyderabad,Telangana,0
5006,85,2026-04-25,05:50:19.0000000,Withdrawal,737.00,5,NULL,Success,Healthcare,Coimbatore,Tamil Nadu,0
5007,85,2026-07-28,20:36:45.0000000,Transfer,13615.00,3,3,Success,Electronics,Mumbai,Maharashtra,0
5008,85,2025-10-30,11:23:11.0000000,Purchase,6743.00,1,1,Success,Fuel,Pune,Maharashtra,0
5009,85,2026-02-01,02:09:37.0000000,Deposit,19621.00,7,NULL,Success,Healthcare,Bengaluru,Karnataka,0
5010,85,2026-05-06,16:56:03.0000000,Payment,12749.00,5,NULL,Success,Electronics,Delhi,Delhi,0
5011,85,2026-08-08,07:42:29.0000000,Withdrawal,5877.00,3,7,Success,Fuel,Chennai,Tamil Nadu,0
5012,85,2025-11-10,22:28:55.0000000,Transfer,18755.00,1,5,Success,Healthcare,Hyderabad,Telangana,0
5013,85,2026-02-12,13:15:21.0000000,Purchase,11883.00,7,NULL,Success,Electronics,Coimbatore,Tamil Nadu,0
5014,85,2026-05-17,04:01:47.0000000,Deposit,5011.00,5,NULL,Success,Fuel,Mumbai,Maharashtra,0
5015,85,2026-08-19,18:48:13.0000000,Payment,17889.00,3,11,Success,Healthcare,Pune,Maharashtra,1
5016,85,2025-11-21,09:34:39.0000000,Withdrawal,11017.00,1,9,Success,Electronics,Bengaluru,Karnataka,0
5017,85,2026-02-23,00:21:05.0000000,Transfer,4145.00,7,NULL,Success,Fuel,Delhi,Delhi,0
5018,85,2026-05-28,15:07:31.0000000,Purchase,17023.00,5,NULL,Success,Healthcare,Chennai,Tamil Nadu,0
5019,85,2026-08-30,05:53:57.0000000,Deposit,10151.00,3,3,Failed,Electronics,Hyderabad,Telangana,0
5020,85,2025-12-02,20:40:23.0000000,Payment,3279.00,1,1,Success,Fuel,Coimbatore,Tamil Nadu,0
5021,85,2026-03-06,11:26:49.0000000,Withdrawal,16157.00,7,NULL,Success,Healthcare,Mumbai,Maharashtra,0
5022,85,2026-06-08,02:13:15.0000000,Transfer,9285.00,5,NULL,Success,Electronics,Pune,Maharashtra,0
5023,85,2026-09-10,16:59:41.0000000,Purchase,2413.00,3,7,Success,Fuel,Bengaluru,Karnataka,0
5024,85,2025-12-13,07:46:07.0000000,Deposit,77993.00,1,5,Success,Healthcare,Delhi,Delhi,0
5025,85,2026-03-17,22:32:33.0000000,Payment,8419.00,7,NULL,Success,Electronics,Chennai,Tamil Nadu,0
5026,85,2026-06-19,13:18:59.0000000,Withdrawal,1547.00,5,NULL,Success,Fuel,Hyderabad,Telangana,0
5027,85,2026-09-21,04:05:25.0000000,Transfer,14425.00,3,11,Success,Healthcare,Coimbatore,Tamil Nadu,0
5028,85,2025-12-24,18:51:51.0000000,Purchase,7553.00,1,9,Success,Electronics,Mumbai,Maharashtra,0
5029,85,2026-03-28,09:38:17.0000000,Deposit,681.00,7,NULL,Success,Fuel,Pune,Maharashtra,0
5030,85,2026-06-30,00:24:43.0000000,Payment,13559.00,5,NULL,Success,Healthcare,Bengaluru,Karnataka,0
5031,85,2025-10-02,15:11:09.0000000,Withdrawal,6687.00,3,3,Success,Electronics,Delhi,Delhi,0
5032,85,2026-01-04,05:57:35.0000000,Transfer,19565.00,1,1,Success,Fuel,Chennai,Tamil Nadu,0
5033,85,2026-04-08,20:44:01.0000000,Purchase,12693.00,7,NULL,Success,Healthcare,Hyderabad,Telangana,0
5034,85,2026-07-11,11:30:27.0000000,Deposit,5821.00,5,NULL,Success,Electronics,Coimbatore,Tamil Nadu,0
5035,85,2025-10-13,02:16:53.0000000,Payment,18699.00,3,7,Success,Fuel,Mumbai,Maharashtra,0
5036,85,2026-01-15,17:03:19.0000000,Withdrawal,11827.00,1,5,Success,Healthcare,Pune,Maharashtra,0
5037,85,2026-04-19,07:49:45.0000000,Transfer,4955.00,7,NULL,Success,Electronics,Bengaluru,Karnataka,0
5038,85,2026-07-22,22:36:11.0000000,Purchase,17833.00,5,NULL,Success,Fuel,Delhi,Delhi,0
5039,85,2025-10-24,13:22:37.0000000,Deposit,10961.00,3,11,Success,Healthcare,Chennai,Tamil Nadu,0
5040,85,2026-01-26,04:09:03.0000000,Payment,4089.00,1,9,Success,Electronics,Hyderabad,Telangana,0
5041,85,2026-04-30,18:55:29.0000000,Withdrawal,16967.00,7,NULL,Success,Fuel,Coimbatore,Tamil Nadu,0
5042,85,2026-08-02,09:41:55.0000000,Transfer,10095.00,5,NULL,Success,Healthcare,Mumbai,Maharashtra,0
5043,85,2025-11-04,00:28:21.0000000,Purchase,3223.00,3,3,Success,Electronics,Pune,Maharashtra,0
5044,85,2026-02-06,15:14:47.0000000,Deposit,16101.00,1,1,Success,Fuel,Bengaluru,Karnataka,0
5045,85,2026-05-11,06:01:13.0000000,Payment,9229.00,7,NULL,Success,Healthcare,Delhi,Delhi,0
5046,85,2026-08-13,20:47:39.0000000,Withdrawal,2357.00,5,NULL,Success,Electronics,Chennai,Tamil Nadu,0
5047,85,2025-11-15,11:34:05.0000000,Transfer,15235.00,3,7,Success,Fuel,Hyderabad,Telangana,0
5048,85,2026-02-17,02:20:31.0000000,Purchase,8363.00,1,5,Failed,Healthcare,Coimbatore,Tamil Nadu,0
5049,85,2026-05-22,17:06:57.0000000,Deposit,1491.00,7,NULL,Success,Electronics,Mumbai,Maharashtra,0
5050,85,2026-08-24,07:53:23.0000000,Payment,14369.00,5,NULL,Success,Fuel,Pune,Maharashtra,0
5051,85,2025-11-26,22:39:49.0000000,Withdrawal,7497.00,3,11,Success,Healthcare,Bengaluru,Karnataka,0
5052,85,2026-02-28,13:26:15.0000000,Transfer,625.00,1,9,Success,Electronics,Delhi,Delhi,0
5053,85,2026-06-02,04:12:41.0000000,Purchase,13503.00,7,NULL,Success,Fuel,Chennai,Tamil Nadu,0
5054,85,2026-09-04,18:59:07.0000000,Deposit,6631.00,5,NULL,Success,Healthcare,Hyderabad,Telangana,0
5055,85,2025-12-07,09:45:33.0000000,Payment,19509.00,3,3,Success,Electronics,Coimbatore,Tamil Nadu,0
5056,86,2025-12-20,07:58:40.0000000,Purchase,11210.00,8,NULL,Success,Restaurant,Hyderabad,Telangana,0
5057,86,2026-03-24,22:45:06.0000000,Deposit,4338.00,6,NULL,Failed,Grocery,Coimbatore,Tamil Nadu,0
5058,86,2026-06-26,13:31:32.0000000,Payment,17216.00,4,NULL,Success,Travel,Mumbai,Maharashtra,0
5059,86,2026-09-28,04:17:58.0000000,Withdrawal,10344.00,2,2,Success,Restaurant,Pune,Maharashtra,0
5060,86,2025-12-31,19:04:24.0000000,Transfer,3472.00,8,NULL,Success,Grocery,Bengaluru,Karnataka,0
5061,86,2026-04-04,09:50:50.0000000,Purchase,16350.00,6,NULL,Success,Travel,Delhi,Delhi,0
5062,86,2026-07-07,00:37:16.0000000,Deposit,9478.00,4,NULL,Success,Restaurant,Chennai,Tamil Nadu,0
5063,86,2025-10-09,15:23:42.0000000,Payment,75738.00,2,6,Success,Grocery,Hyderabad,Telangana,0
5064,86,2026-01-11,06:10:08.0000000,Withdrawal,15484.00,8,NULL,Success,Travel,Coimbatore,Tamil Nadu,0
5065,86,2026-04-15,20:56:34.0000000,Transfer,8612.00,6,NULL,Success,Restaurant,Mumbai,Maharashtra,0
5066,86,2026-07-18,11:43:00.0000000,Purchase,1740.00,4,NULL,Success,Grocery,Pune,Maharashtra,0
5067,86,2025-10-20,02:29:26.0000000,Deposit,14618.00,2,10,Success,Travel,Bengaluru,Karnataka,0
5068,86,2026-01-22,17:15:52.0000000,Payment,7746.00,8,NULL,Success,Restaurant,Delhi,Delhi,0
5069,86,2026-04-26,08:02:18.0000000,Withdrawal,874.00,6,NULL,Success,Grocery,Chennai,Tamil Nadu,0
5070,86,2026-07-29,22:48:44.0000000,Transfer,13752.00,4,NULL,Success,Travel,Hyderabad,Telangana,0
5071,86,2025-10-31,13:35:10.0000000,Purchase,6880.00,2,2,Success,Restaurant,Coimbatore,Tamil Nadu,0
5072,86,2026-02-02,04:21:36.0000000,Deposit,19758.00,8,NULL,Success,Grocery,Mumbai,Maharashtra,0
5073,86,2026-05-07,19:08:02.0000000,Payment,12886.00,6,NULL,Success,Travel,Pune,Maharashtra,0
5074,86,2026-08-09,09:54:28.0000000,Withdrawal,6014.00,4,NULL,Success,Restaurant,Bengaluru,Karnataka,0
5075,86,2025-11-11,00:40:54.0000000,Transfer,18892.00,2,6,Success,Grocery,Delhi,Delhi,0
5076,86,2026-02-13,15:27:20.0000000,Purchase,12020.00,8,NULL,Success,Travel,Chennai,Tamil Nadu,0
5077,86,2026-05-18,06:13:46.0000000,Deposit,5148.00,6,NULL,Success,Restaurant,Hyderabad,Telangana,0
5078,86,2026-08-20,21:00:12.0000000,Payment,18026.00,4,NULL,Success,Grocery,Coimbatore,Tamil Nadu,0
5079,86,2025-11-22,11:46:38.0000000,Withdrawal,11154.00,2,10,Success,Travel,Mumbai,Maharashtra,0
5080,86,2026-02-24,02:33:04.0000000,Transfer,4282.00,8,NULL,Success,Restaurant,Pune,Maharashtra,0
5081,86,2026-05-29,17:19:30.0000000,Purchase,17160.00,6,NULL,Success,Grocery,Bengaluru,Karnataka,0
5082,86,2026-08-31,08:05:56.0000000,Deposit,10288.00,4,NULL,Success,Travel,Delhi,Delhi,0
5083,86,2025-12-03,22:52:22.0000000,Payment,3416.00,2,2,Success,Restaurant,Chennai,Tamil Nadu,0
5084,86,2026-03-07,13:38:48.0000000,Withdrawal,16294.00,8,NULL,Success,Grocery,Hyderabad,Telangana,1
5085,86,2026-06-09,04:25:14.0000000,Transfer,9422.00,6,NULL,Success,Travel,Coimbatore,Tamil Nadu,0
5086,86,2026-09-11,19:11:40.0000000,Purchase,2550.00,4,NULL,Failed,Restaurant,Mumbai,Maharashtra,0
5087,86,2025-12-14,09:58:06.0000000,Deposit,15428.00,2,6,Success,Grocery,Pune,Maharashtra,0
5088,86,2026-03-18,00:44:32.0000000,Payment,8556.00,8,NULL,Success,Travel,Bengaluru,Karnataka,0
5089,86,2026-06-20,15:30:58.0000000,Withdrawal,1684.00,6,NULL,Success,Restaurant,Delhi,Delhi,0
5090,86,2026-09-22,06:17:24.0000000,Transfer,14562.00,4,NULL,Success,Grocery,Chennai,Tamil Nadu,0
5091,86,2025-12-25,21:03:50.0000000,Purchase,7690.00,2,10,Success,Travel,Hyderabad,Telangana,0
5092,86,2026-03-29,11:50:16.0000000,Deposit,818.00,8,NULL,Success,Restaurant,Coimbatore,Tamil Nadu,0
5093,86,2026-07-01,02:36:42.0000000,Payment,13696.00,6,NULL,Success,Grocery,Mumbai,Maharashtra,0
5094,86,2025-10-03,17:23:08.0000000,Withdrawal,6824.00,4,NULL,Success,Travel,Pune,Maharashtra,0
5095,86,2026-01-05,08:09:34.0000000,Transfer,19702.00,2,2,Success,Restaurant,Bengaluru,Karnataka,0
5096,86,2026-04-09,22:56:00.0000000,Purchase,12830.00,8,NULL,Success,Grocery,Delhi,Delhi,0
5097,86,2026-07-12,13:42:26.0000000,Deposit,5958.00,6,NULL,Success,Travel,Chennai,Tamil Nadu,0
5098,86,2025-10-14,04:28:52.0000000,Payment,18836.00,4,NULL,Pending,Restaurant,Hyderabad,Telangana,0
5099,86,2026-01-16,19:15:18.0000000,Withdrawal,11964.00,2,6,Success,Grocery,Coimbatore,Tamil Nadu,0
5100,86,2026-04-20,10:01:44.0000000,Transfer,5092.00,8,NULL,Success,Travel,Mumbai,Maharashtra,0
5101,86,2026-07-23,00:48:10.0000000,Purchase,17970.00,6,NULL,Success,Restaurant,Pune,Maharashtra,0
5102,86,2025-10-25,15:34:36.0000000,Deposit,11098.00,4,NULL,Success,Grocery,Bengaluru,Karnataka,0
5103,86,2026-01-27,06:21:02.0000000,Payment,4226.00,2,10,Success,Travel,Delhi,Delhi,0
5104,86,2026-05-01,21:07:28.0000000,Withdrawal,79592.00,8,NULL,Success,Restaurant,Chennai,Tamil Nadu,0
5105,86,2026-08-03,11:53:54.0000000,Transfer,10232.00,6,NULL,Reversed,Grocery,Hyderabad,Telangana,0
5106,86,2025-11-05,02:40:20.0000000,Purchase,3360.00,4,NULL,Success,Travel,Coimbatore,Tamil Nadu,0
5107,86,2026-02-07,17:26:46.0000000,Deposit,16238.00,2,2,Success,Restaurant,Mumbai,Maharashtra,0
5108,86,2026-05-12,08:13:12.0000000,Payment,9366.00,8,NULL,Success,Grocery,Pune,Maharashtra,0
5109,86,2026-08-14,22:59:38.0000000,Withdrawal,2494.00,6,NULL,Success,Travel,Bengaluru,Karnataka,0
5110,86,2025-11-16,13:46:04.0000000,Transfer,15372.00,4,NULL,Success,Restaurant,Delhi,Delhi,0
5111,86,2026-02-18,04:32:30.0000000,Purchase,8500.00,2,6,Success,Grocery,Chennai,Tamil Nadu,0
5112,86,2026-05-23,19:18:56.0000000,Deposit,1628.00,8,NULL,Success,Travel,Hyderabad,Telangana,0
5113,86,2026-08-25,10:05:22.0000000,Payment,14506.00,6,NULL,Success,Restaurant,Coimbatore,Tamil Nadu,0
5114,86,2025-11-27,00:51:48.0000000,Withdrawal,7634.00,4,NULL,Success,Grocery,Mumbai,Maharashtra,0
5115,86,2026-03-01,15:38:14.0000000,Transfer,155626.00,2,10,Failed,Travel,Pune,Maharashtra,0
5116,86,2026-06-03,06:24:40.0000000,Purchase,13640.00,8,NULL,Success,Restaurant,Bengaluru,Karnataka,0
5117,86,2026-09-05,21:11:06.0000000,Deposit,6768.00,6,NULL,Success,Grocery,Delhi,Delhi,0
5118,86,2025-12-08,11:57:32.0000000,Payment,19646.00,4,NULL,Success,Travel,Chennai,Tamil Nadu,0
5119,87,2025-12-21,10:10:39.0000000,Withdrawal,11347.00,1,9,Success,Electronics,Delhi,Delhi,0
5120,87,2026-03-25,00:57:05.0000000,Transfer,4475.00,7,NULL,Success,Fuel,Chennai,Tamil Nadu,0
5121,87,2026-06-27,15:43:31.0000000,Purchase,17353.00,5,NULL,Success,Healthcare,Hyderabad,Telangana,0
5122,87,2026-09-29,06:29:57.0000000,Deposit,10481.00,3,3,Success,Electronics,Coimbatore,Tamil Nadu,0
5123,87,2026-01-01,21:16:23.0000000,Payment,3609.00,1,1,Success,Fuel,Mumbai,Maharashtra,0
5124,87,2026-04-05,12:02:49.0000000,Withdrawal,16487.00,7,NULL,Failed,Healthcare,Pune,Maharashtra,0
5125,87,2026-07-08,02:49:15.0000000,Transfer,9615.00,5,NULL,Success,Electronics,Bengaluru,Karnataka,0
5126,87,2025-10-10,17:35:41.0000000,Purchase,2743.00,3,7,Success,Fuel,Delhi,Delhi,0
5127,87,2026-01-12,08:22:07.0000000,Deposit,15621.00,1,5,Success,Healthcare,Chennai,Tamil Nadu,0
5128,87,2026-04-16,23:08:33.0000000,Payment,8749.00,7,NULL,Success,Electronics,Hyderabad,Telangana,0
5129,87,2026-07-19,13:54:59.0000000,Withdrawal,1877.00,5,NULL,Success,Fuel,Coimbatore,Tamil Nadu,0
5130,87,2025-10-21,04:41:25.0000000,Transfer,14755.00,3,11,Success,Healthcare,Mumbai,Maharashtra,0
5131,87,2026-01-23,19:27:51.0000000,Purchase,7883.00,1,9,Success,Electronics,Pune,Maharashtra,0
5132,87,2026-04-27,10:14:17.0000000,Deposit,1011.00,7,NULL,Success,Fuel,Bengaluru,Karnataka,0
5133,87,2026-07-30,01:00:43.0000000,Payment,13889.00,5,NULL,Success,Healthcare,Delhi,Delhi,0
5134,87,2025-11-01,15:47:09.0000000,Withdrawal,7017.00,3,3,Reversed,Electronics,Chennai,Tamil Nadu,0
5135,87,2026-02-03,06:33:35.0000000,Transfer,19895.00,1,1,Success,Fuel,Hyderabad,Telangana,0
5136,87,2026-05-08,21:20:01.0000000,Purchase,13023.00,7,NULL,Success,Healthcare,Coimbatore,Tamil Nadu,0
5137,87,2026-08-10,12:06:27.0000000,Deposit,6151.00,5,NULL,Success,Electronics,Mumbai,Maharashtra,0
5138,87,2025-11-12,02:52:53.0000000,Payment,19029.00,3,7,Success,Fuel,Pune,Maharashtra,0
5139,87,2026-02-14,17:39:19.0000000,Withdrawal,12157.00,1,5,Pending,Healthcare,Bengaluru,Karnataka,0
5140,87,2026-05-19,08:25:45.0000000,Transfer,5285.00,7,NULL,Success,Electronics,Delhi,Delhi,0
5141,87,2026-08-21,23:12:11.0000000,Purchase,18163.00,5,NULL,Success,Fuel,Chennai,Tamil Nadu,0
5142,87,2025-11-23,13:58:37.0000000,Deposit,11291.00,3,11,Success,Healthcare,Hyderabad,Telangana,0
5143,87,2026-02-25,04:45:03.0000000,Payment,77337.00,1,9,Success,Electronics,Coimbatore,Tamil Nadu,0
5144,87,2026-05-30,19:31:29.0000000,Withdrawal,17297.00,7,NULL,Success,Fuel,Mumbai,Maharashtra,0
5145,87,2026-09-01,10:17:55.0000000,Transfer,10425.00,5,NULL,Success,Healthcare,Pune,Maharashtra,0
5146,87,2025-12-04,01:04:21.0000000,Purchase,152619.00,3,3,Success,Electronics,Bengaluru,Karnataka,0
5147,87,2026-03-08,15:50:47.0000000,Deposit,16431.00,1,1,Success,Fuel,Delhi,Delhi,0
5148,87,2026-06-10,06:37:13.0000000,Payment,9559.00,7,NULL,Success,Healthcare,Chennai,Tamil Nadu,0
5149,87,2026-09-12,21:23:39.0000000,Withdrawal,2687.00,5,NULL,Success,Electronics,Hyderabad,Telangana,0
5150,87,2025-12-15,12:10:05.0000000,Transfer,15565.00,3,7,Success,Fuel,Coimbatore,Tamil Nadu,0
5151,87,2026-03-19,02:56:31.0000000,Purchase,8693.00,1,5,Success,Healthcare,Mumbai,Maharashtra,0
5152,87,2026-06-21,17:42:57.0000000,Deposit,1821.00,7,NULL,Success,Electronics,Pune,Maharashtra,0
5153,87,2026-09-23,08:29:23.0000000,Payment,14699.00,5,NULL,Failed,Fuel,Bengaluru,Karnataka,1
5154,87,2025-12-26,23:15:49.0000000,Withdrawal,7827.00,3,11,Success,Healthcare,Delhi,Delhi,0
5155,87,2026-03-30,14:02:15.0000000,Transfer,955.00,1,9,Success,Electronics,Chennai,Tamil Nadu,0
5156,87,2026-07-02,04:48:41.0000000,Purchase,13833.00,7,NULL,Success,Fuel,Hyderabad,Telangana,0
5157,87,2025-10-04,19:35:07.0000000,Deposit,6961.00,5,NULL,Success,Healthcare,Coimbatore,Tamil Nadu,0
5158,87,2026-01-06,10:21:33.0000000,Payment,19839.00,3,3,Success,Electronics,Mumbai,Maharashtra,0
5159,87,2026-04-10,01:07:59.0000000,Withdrawal,12967.00,1,1,Success,Fuel,Pune,Maharashtra,0
5160,87,2026-07-13,15:54:25.0000000,Transfer,6095.00,7,NULL,Success,Healthcare,Bengaluru,Karnataka,0
5161,87,2025-10-15,06:40:51.0000000,Purchase,18973.00,5,NULL,Success,Electronics,Delhi,Delhi,0
5162,87,2026-01-17,21:27:17.0000000,Deposit,12101.00,3,7,Success,Fuel,Chennai,Tamil Nadu,0
5163,87,2026-04-21,12:13:43.0000000,Payment,5229.00,1,5,Success,Healthcare,Hyderabad,Telangana,0
5164,87,2026-07-24,03:00:09.0000000,Withdrawal,18107.00,7,NULL,Success,Electronics,Coimbatore,Tamil Nadu,0
5165,87,2025-10-26,17:46:35.0000000,Transfer,11235.00,5,NULL,Success,Fuel,Mumbai,Maharashtra,0
5166,87,2026-01-28,08:33:01.0000000,Purchase,4363.00,3,11,Success,Healthcare,Pune,Maharashtra,0
5167,87,2026-05-02,23:19:27.0000000,Deposit,17241.00,1,9,Success,Electronics,Bengaluru,Karnataka,0
5168,87,2026-08-04,14:05:53.0000000,Payment,10369.00,7,NULL,Success,Fuel,Delhi,Delhi,0
5169,87,2025-11-06,04:52:19.0000000,Withdrawal,3497.00,5,NULL,Success,Healthcare,Chennai,Tamil Nadu,0
5170,87,2026-02-08,19:38:45.0000000,Transfer,16375.00,3,3,Success,Electronics,Hyderabad,Telangana,0
5171,87,2026-05-13,10:25:11.0000000,Purchase,9503.00,1,1,Success,Fuel,Coimbatore,Tamil Nadu,0
5172,87,2026-08-15,01:11:37.0000000,Deposit,2631.00,7,NULL,Success,Healthcare,Mumbai,Maharashtra,0
5173,87,2025-11-17,15:58:03.0000000,Payment,15509.00,5,NULL,Success,Electronics,Pune,Maharashtra,0
5174,87,2026-02-19,06:44:29.0000000,Withdrawal,8637.00,3,7,Success,Fuel,Bengaluru,Karnataka,0
5175,87,2026-05-24,21:30:55.0000000,Transfer,1765.00,1,5,Success,Healthcare,Delhi,Delhi,0
5176,87,2026-08-26,12:17:21.0000000,Purchase,14643.00,7,NULL,Success,Electronics,Chennai,Tamil Nadu,0
5177,87,2025-11-28,03:03:47.0000000,Deposit,7771.00,5,NULL,Success,Fuel,Hyderabad,Telangana,0
5178,87,2026-03-02,17:50:13.0000000,Payment,899.00,3,11,Success,Healthcare,Coimbatore,Tamil Nadu,0
5179,87,2026-06-04,08:36:39.0000000,Withdrawal,13777.00,1,9,Success,Electronics,Mumbai,Maharashtra,0
5180,87,2026-09-06,23:23:05.0000000,Transfer,6905.00,7,NULL,Success,Fuel,Pune,Maharashtra,0
5181,87,2025-12-09,14:09:31.0000000,Purchase,19783.00,5,NULL,Success,Healthcare,Bengaluru,Karnataka,0
5182,88,2025-12-22,12:22:38.0000000,Withdrawal,75082.00,2,10,Success,Travel,Pune,Maharashtra,0
5183,88,2026-03-26,03:09:04.0000000,Transfer,4612.00,8,NULL,Success,Restaurant,Bengaluru,Karnataka,0
5184,88,2026-06-28,17:55:30.0000000,Purchase,17490.00,6,NULL,Success,Grocery,Delhi,Delhi,0
5185,88,2026-09-30,08:41:56.0000000,Deposit,10618.00,4,NULL,Success,Travel,Chennai,Tamil Nadu,0
5186,88,2026-01-02,23:28:22.0000000,Payment,3746.00,2,2,Success,Restaurant,Hyderabad,Telangana,0
5187,88,2026-04-06,14:14:48.0000000,Withdrawal,16624.00,8,NULL,Success,Grocery,Coimbatore,Tamil Nadu,0
5188,88,2026-07-09,05:01:14.0000000,Transfer,9752.00,6,NULL,Success,Travel,Mumbai,Maharashtra,0
5189,88,2025-10-11,19:47:40.0000000,Purchase,2880.00,4,NULL,Success,Restaurant,Pune,Maharashtra,0
5190,88,2026-01-13,10:34:06.0000000,Deposit,15758.00,2,6,Success,Grocery,Bengaluru,Karnataka,0
5191,88,2026-04-17,01:20:32.0000000,Payment,8886.00,8,NULL,Failed,Travel,Delhi,Delhi,0
5192,88,2026-07-20,16:06:58.0000000,Withdrawal,2014.00,6,NULL,Success,Restaurant,Chennai,Tamil Nadu,0
5193,88,2025-10-22,06:53:24.0000000,Transfer,14892.00,4,NULL,Success,Grocery,Hyderabad,Telangana,0
5194,88,2026-01-24,21:39:50.0000000,Purchase,8020.00,2,10,Success,Travel,Coimbatore,Tamil Nadu,0
5195,88,2026-04-28,12:26:16.0000000,Deposit,1148.00,8,NULL,Success,Restaurant,Mumbai,Maharashtra,0
5196,88,2026-07-31,03:12:42.0000000,Payment,14026.00,6,NULL,Success,Grocery,Pune,Maharashtra,0
5197,88,2025-11-02,17:59:08.0000000,Withdrawal,7154.00,4,NULL,Success,Travel,Bengaluru,Karnataka,0
5198,88,2026-02-04,08:45:34.0000000,Transfer,282.00,2,2,Success,Restaurant,Delhi,Delhi,0
5199,88,2026-05-09,23:32:00.0000000,Purchase,13160.00,8,NULL,Success,Grocery,Chennai,Tamil Nadu,0
5200,88,2026-08-11,14:18:26.0000000,Deposit,6288.00,6,NULL,Success,Travel,Hyderabad,Telangana,0
5201,88,2025-11-13,05:04:52.0000000,Payment,19166.00,4,NULL,Success,Restaurant,Coimbatore,Tamil Nadu,0
5202,88,2026-02-15,19:51:18.0000000,Withdrawal,12294.00,2,6,Success,Grocery,Mumbai,Maharashtra,0
5203,88,2026-05-20,10:37:44.0000000,Transfer,5422.00,8,NULL,Success,Travel,Pune,Maharashtra,0
5204,88,2026-08-22,01:24:10.0000000,Purchase,18300.00,6,NULL,Success,Restaurant,Bengaluru,Karnataka,0
5205,88,2025-11-24,16:10:36.0000000,Deposit,11428.00,4,NULL,Success,Grocery,Delhi,Delhi,0
5206,88,2026-02-26,06:57:02.0000000,Payment,4556.00,2,10,Success,Travel,Chennai,Tamil Nadu,0
5207,88,2026-05-31,21:43:28.0000000,Withdrawal,17434.00,8,NULL,Success,Restaurant,Hyderabad,Telangana,0
5208,88,2026-09-02,12:29:54.0000000,Transfer,10562.00,6,NULL,Success,Grocery,Coimbatore,Tamil Nadu,0
5209,88,2025-12-05,03:16:20.0000000,Purchase,3690.00,4,NULL,Success,Travel,Mumbai,Maharashtra,0
5210,88,2026-03-09,18:02:46.0000000,Deposit,16568.00,2,2,Success,Restaurant,Pune,Maharashtra,0
5211,88,2026-06-11,08:49:12.0000000,Payment,9696.00,8,NULL,Success,Grocery,Bengaluru,Karnataka,0
5212,88,2026-09-13,23:35:38.0000000,Withdrawal,2824.00,6,NULL,Success,Travel,Delhi,Delhi,0
5213,88,2025-12-16,14:22:04.0000000,Transfer,15702.00,4,NULL,Success,Restaurant,Chennai,Tamil Nadu,0
5214,88,2026-03-20,05:08:30.0000000,Purchase,8830.00,2,6,Success,Grocery,Hyderabad,Telangana,0
5215,88,2026-06-22,19:54:56.0000000,Deposit,1958.00,8,NULL,Success,Travel,Coimbatore,Tamil Nadu,0
5216,88,2026-09-24,10:41:22.0000000,Payment,14836.00,6,NULL,Success,Restaurant,Mumbai,Maharashtra,0
5217,88,2025-12-27,01:27:48.0000000,Withdrawal,7964.00,4,NULL,Success,Grocery,Pune,Maharashtra,0
5218,88,2026-03-31,16:14:14.0000000,Transfer,1092.00,2,10,Success,Travel,Bengaluru,Karnataka,0
5219,88,2026-07-03,07:00:40.0000000,Purchase,13970.00,8,NULL,Success,Restaurant,Delhi,Delhi,0
5220,88,2025-10-05,21:47:06.0000000,Deposit,7098.00,6,NULL,Failed,Grocery,Chennai,Tamil Nadu,0
5221,88,2026-01-07,12:33:32.0000000,Payment,19976.00,4,NULL,Success,Travel,Hyderabad,Telangana,0
5222,88,2026-04-11,03:19:58.0000000,Withdrawal,13104.00,2,2,Success,Restaurant,Coimbatore,Tamil Nadu,1
5223,88,2026-07-14,18:06:24.0000000,Transfer,78936.00,8,NULL,Success,Grocery,Mumbai,Maharashtra,0
5224,88,2025-10-16,08:52:50.0000000,Purchase,19110.00,6,NULL,Success,Travel,Pune,Maharashtra,0
5225,88,2026-01-18,23:39:16.0000000,Deposit,12238.00,4,NULL,Success,Restaurant,Bengaluru,Karnataka,0
5226,88,2026-04-22,14:25:42.0000000,Payment,5366.00,2,6,Success,Grocery,Delhi,Delhi,0
5227,88,2026-07-25,05:12:08.0000000,Withdrawal,18244.00,8,NULL,Success,Travel,Chennai,Tamil Nadu,0
5228,88,2025-10-27,19:58:34.0000000,Transfer,11372.00,6,NULL,Success,Restaurant,Hyderabad,Telangana,0
5229,88,2026-01-29,10:45:00.0000000,Purchase,4500.00,4,NULL,Success,Grocery,Coimbatore,Tamil Nadu,0
5230,88,2026-05-03,01:31:26.0000000,Deposit,17378.00,2,10,Success,Travel,Mumbai,Maharashtra,0
5231,88,2026-08-05,16:17:52.0000000,Payment,10506.00,8,NULL,Success,Restaurant,Pune,Maharashtra,0
5232,88,2025-11-07,07:04:18.0000000,Withdrawal,3634.00,6,NULL,Success,Grocery,Bengaluru,Karnataka,0
5233,88,2026-02-09,21:50:44.0000000,Transfer,16512.00,4,NULL,Pending,Travel,Delhi,Delhi,0
5234,88,2026-05-14,12:37:10.0000000,Purchase,9640.00,2,2,Reversed,Restaurant,Chennai,Tamil Nadu,0
5235,88,2026-08-16,03:23:36.0000000,Deposit,2768.00,8,NULL,Success,Grocery,Hyderabad,Telangana,0
5236,88,2025-11-18,18:10:02.0000000,Payment,15646.00,6,NULL,Success,Travel,Coimbatore,Tamil Nadu,0
5237,88,2026-02-20,08:56:28.0000000,Withdrawal,8774.00,4,NULL,Success,Restaurant,Mumbai,Maharashtra,0
5238,88,2026-05-25,23:42:54.0000000,Transfer,1902.00,2,6,Success,Grocery,Pune,Maharashtra,0
5239,88,2026-08-27,14:29:20.0000000,Purchase,14780.00,8,NULL,Success,Travel,Bengaluru,Karnataka,0
5240,88,2025-11-29,05:15:46.0000000,Deposit,7908.00,6,NULL,Success,Restaurant,Delhi,Delhi,0
5241,88,2026-03-03,20:02:12.0000000,Payment,1036.00,4,NULL,Success,Grocery,Chennai,Tamil Nadu,0
5242,88,2026-06-05,10:48:38.0000000,Withdrawal,13914.00,2,10,Success,Travel,Hyderabad,Telangana,0
5243,88,2026-09-07,01:35:04.0000000,Transfer,7042.00,8,NULL,Success,Restaurant,Coimbatore,Tamil Nadu,0
5244,88,2025-12-10,16:21:30.0000000,Purchase,19920.00,6,NULL,Success,Grocery,Mumbai,Maharashtra,0
5245,89,2025-12-23,14:34:37.0000000,Deposit,11621.00,3,11,Success,Healthcare,Coimbatore,Tamil Nadu,0
5246,89,2026-03-27,05:21:03.0000000,Payment,4749.00,1,9,Success,Electronics,Mumbai,Maharashtra,0
5247,89,2026-06-29,20:07:29.0000000,Withdrawal,17627.00,7,NULL,Success,Fuel,Pune,Maharashtra,0
5248,89,2025-10-01,10:53:55.0000000,Transfer,10755.00,5,NULL,Success,Healthcare,Bengaluru,Karnataka,0
5249,89,2026-01-03,01:40:21.0000000,Purchase,3883.00,3,3,Success,Electronics,Delhi,Delhi,0
5250,89,2026-04-07,16:26:47.0000000,Deposit,16761.00,1,1,Success,Fuel,Chennai,Tamil Nadu,0
5251,89,2026-07-10,07:13:13.0000000,Payment,9889.00,7,NULL,Success,Healthcare,Hyderabad,Telangana,0
5252,89,2025-10-12,21:59:39.0000000,Withdrawal,3017.00,5,NULL,Success,Electronics,Coimbatore,Tamil Nadu,0
5253,89,2026-01-14,12:46:05.0000000,Transfer,15895.00,3,7,Success,Fuel,Mumbai,Maharashtra,0
5254,89,2026-04-18,03:32:31.0000000,Purchase,9023.00,1,5,Success,Healthcare,Pune,Maharashtra,0
5255,89,2026-07-21,18:18:57.0000000,Deposit,2151.00,7,NULL,Success,Electronics,Bengaluru,Karnataka,0
5256,89,2025-10-23,09:05:23.0000000,Payment,15029.00,5,NULL,Success,Fuel,Delhi,Delhi,0
5257,89,2026-01-25,23:51:49.0000000,Withdrawal,8157.00,3,11,Success,Healthcare,Chennai,Tamil Nadu,0
5258,89,2026-04-29,14:38:15.0000000,Transfer,1285.00,1,9,Failed,Electronics,Hyderabad,Telangana,0
5259,89,2026-08-01,05:24:41.0000000,Purchase,14163.00,7,NULL,Success,Fuel,Coimbatore,Tamil Nadu,0
5260,89,2025-11-03,20:11:07.0000000,Deposit,7291.00,5,NULL,Success,Healthcare,Mumbai,Maharashtra,0
5261,89,2026-02-05,10:57:33.0000000,Payment,419.00,3,3,Success,Electronics,Pune,Maharashtra,0
5262,89,2026-05-10,01:43:59.0000000,Withdrawal,76681.00,1,1,Success,Fuel,Bengaluru,Karnataka,0
5263,89,2026-08-12,16:30:25.0000000,Transfer,6425.00,7,NULL,Reversed,Healthcare,Delhi,Delhi,0
5264,89,2025-11-14,07:16:51.0000000,Purchase,19303.00,5,NULL,Success,Electronics,Chennai,Tamil Nadu,0
5265,89,2026-02-16,22:03:17.0000000,Deposit,12431.00,3,7,Success,Fuel,Hyderabad,Telangana,0
5266,89,2026-05-21,12:49:43.0000000,Payment,5559.00,1,5,Success,Healthcare,Coimbatore,Tamil Nadu,0
5267,89,2026-08-23,03:36:09.0000000,Withdrawal,18437.00,7,NULL,Success,Electronics,Mumbai,Maharashtra,0
5268,89,2025-11-25,18:22:35.0000000,Transfer,11565.00,5,NULL,Success,Fuel,Pune,Maharashtra,0
5269,89,2026-02-27,09:09:01.0000000,Purchase,4693.00,3,11,Success,Healthcare,Bengaluru,Karnataka,0
5270,89,2026-06-01,23:55:27.0000000,Deposit,17571.00,1,9,Success,Electronics,Delhi,Delhi,0
5271,89,2026-09-03,14:41:53.0000000,Payment,10699.00,7,NULL,Success,Fuel,Chennai,Tamil Nadu,0
5272,89,2025-12-06,05:28:19.0000000,Withdrawal,3827.00,5,NULL,Success,Healthcare,Hyderabad,Telangana,0
5273,89,2026-03-10,20:14:45.0000000,Transfer,16705.00,3,3,Success,Electronics,Coimbatore,Tamil Nadu,0
5274,89,2026-06-12,11:01:11.0000000,Purchase,9833.00,1,1,Pending,Fuel,Mumbai,Maharashtra,0
5275,89,2026-09-14,01:47:37.0000000,Deposit,2961.00,7,NULL,Success,Healthcare,Pune,Maharashtra,0
5276,89,2025-12-17,16:34:03.0000000,Payment,15839.00,5,NULL,Success,Electronics,Bengaluru,Karnataka,0
5277,89,2026-03-21,07:20:29.0000000,Withdrawal,8967.00,3,7,Success,Fuel,Delhi,Delhi,0
5278,89,2026-06-23,22:06:55.0000000,Transfer,2095.00,1,5,Success,Healthcare,Chennai,Tamil Nadu,0
5279,89,2026-09-25,12:53:21.0000000,Purchase,14973.00,7,NULL,Success,Electronics,Hyderabad,Telangana,0
5280,89,2025-12-28,03:39:47.0000000,Deposit,8101.00,5,NULL,Success,Fuel,Coimbatore,Tamil Nadu,0
5281,89,2026-04-01,18:26:13.0000000,Payment,1229.00,3,11,Success,Healthcare,Mumbai,Maharashtra,0
5282,89,2026-07-04,09:12:39.0000000,Withdrawal,14107.00,1,9,Success,Electronics,Pune,Maharashtra,0
5283,89,2025-10-06,23:59:05.0000000,Transfer,7235.00,7,NULL,Success,Fuel,Bengaluru,Karnataka,0
5284,89,2026-01-08,14:45:31.0000000,Purchase,363.00,5,NULL,Success,Healthcare,Delhi,Delhi,0
5285,89,2026-04-12,05:31:57.0000000,Deposit,13241.00,3,3,Success,Electronics,Chennai,Tamil Nadu,0
5286,89,2026-07-15,20:18:23.0000000,Payment,6369.00,1,1,Success,Fuel,Hyderabad,Telangana,0
5287,89,2025-10-17,11:04:49.0000000,Withdrawal,19247.00,7,NULL,Failed,Healthcare,Coimbatore,Tamil Nadu,0
5288,89,2026-01-19,01:51:15.0000000,Transfer,12375.00,5,NULL,Success,Electronics,Mumbai,Maharashtra,0
5289,89,2026-04-23,16:37:41.0000000,Purchase,5503.00,3,7,Success,Fuel,Pune,Maharashtra,0
5290,89,2026-07-26,07:24:07.0000000,Deposit,18381.00,1,5,Success,Healthcare,Bengaluru,Karnataka,0
5291,89,2025-10-28,22:10:33.0000000,Payment,11509.00,7,NULL,Success,Electronics,Delhi,Delhi,1
5292,89,2026-01-30,12:56:59.0000000,Withdrawal,4637.00,5,NULL,Success,Fuel,Chennai,Tamil Nadu,0
5293,89,2026-05-04,03:43:25.0000000,Transfer,17515.00,3,11,Success,Healthcare,Hyderabad,Telangana,0
5294,89,2026-08-06,18:29:51.0000000,Purchase,10643.00,1,9,Success,Electronics,Coimbatore,Tamil Nadu,0
5295,89,2025-11-08,09:16:17.0000000,Deposit,3771.00,7,NULL,Success,Fuel,Mumbai,Maharashtra,0
5296,89,2026-02-10,00:02:43.0000000,Payment,16649.00,5,NULL,Success,Healthcare,Pune,Maharashtra,0
5297,89,2026-05-15,14:49:09.0000000,Withdrawal,9777.00,3,3,Success,Electronics,Bengaluru,Karnataka,0
5298,89,2026-08-17,05:35:35.0000000,Transfer,2905.00,1,1,Success,Fuel,Delhi,Delhi,0
5299,89,2025-11-19,20:22:01.0000000,Purchase,15783.00,7,NULL,Success,Healthcare,Chennai,Tamil Nadu,0
5300,89,2026-02-21,11:08:27.0000000,Deposit,8911.00,5,NULL,Success,Electronics,Hyderabad,Telangana,0
5301,89,2026-05-26,01:54:53.0000000,Payment,2039.00,3,7,Success,Fuel,Coimbatore,Tamil Nadu,0
5302,89,2026-08-28,16:41:19.0000000,Withdrawal,14917.00,1,5,Success,Healthcare,Mumbai,Maharashtra,0
5303,89,2025-11-30,07:27:45.0000000,Transfer,80535.00,7,NULL,Success,Electronics,Pune,Maharashtra,0
5304,89,2026-03-04,22:14:11.0000000,Purchase,1173.00,5,NULL,Success,Fuel,Bengaluru,Karnataka,0
5305,89,2026-06-06,13:00:37.0000000,Deposit,155723.00,3,11,Success,Healthcare,Delhi,Delhi,0
5306,89,2026-09-08,03:47:03.0000000,Payment,7179.00,1,9,Success,Electronics,Chennai,Tamil Nadu,0
5307,89,2025-12-11,18:33:29.0000000,Withdrawal,307.00,7,NULL,Success,Fuel,Hyderabad,Telangana,0
5308,90,2025-12-24,16:46:36.0000000,Deposit,11758.00,4,NULL,Success,Grocery,Chennai,Tamil Nadu,0
5309,90,2026-03-28,07:33:02.0000000,Payment,4886.00,2,10,Success,Travel,Hyderabad,Telangana,0
5310,90,2026-06-30,22:19:28.0000000,Withdrawal,17764.00,8,NULL,Success,Restaurant,Coimbatore,Tamil Nadu,0
5311,90,2025-10-02,13:05:54.0000000,Transfer,10892.00,6,NULL,Success,Grocery,Mumbai,Maharashtra,0
5312,90,2026-01-04,03:52:20.0000000,Purchase,4020.00,4,NULL,Success,Travel,Pune,Maharashtra,0
5313,90,2026-04-08,18:38:46.0000000,Deposit,16898.00,2,2,Success,Restaurant,Bengaluru,Karnataka,0
5314,90,2026-07-11,09:25:12.0000000,Payment,10026.00,8,NULL,Success,Grocery,Delhi,Delhi,0
5315,90,2025-10-13,00:11:38.0000000,Withdrawal,3154.00,6,NULL,Pending,Travel,Chennai,Tamil Nadu,0
5316,90,2026-01-15,14:58:04.0000000,Transfer,16032.00,4,NULL,Success,Restaurant,Hyderabad,Telangana,0
5317,90,2026-04-19,05:44:30.0000000,Purchase,9160.00,2,6,Success,Grocery,Coimbatore,Tamil Nadu,0
5318,90,2026-07-22,20:30:56.0000000,Deposit,2288.00,8,NULL,Success,Travel,Mumbai,Maharashtra,0
5319,90,2025-10-24,11:17:22.0000000,Payment,15166.00,6,NULL,Success,Restaurant,Pune,Maharashtra,0
5320,90,2026-01-26,02:03:48.0000000,Withdrawal,8294.00,4,NULL,Success,Grocery,Bengaluru,Karnataka,0
5321,90,2026-04-30,16:50:14.0000000,Transfer,1422.00,2,10,Success,Travel,Delhi,Delhi,0
5322,90,2026-08-02,07:36:40.0000000,Purchase,14300.00,8,NULL,Success,Restaurant,Chennai,Tamil Nadu,0
5323,90,2025-11-04,22:23:06.0000000,Deposit,7428.00,6,NULL,Success,Grocery,Hyderabad,Telangana,0
5324,90,2026-02-06,13:09:32.0000000,Payment,556.00,4,NULL,Success,Travel,Coimbatore,Tamil Nadu,0
5325,90,2026-05-11,03:55:58.0000000,Withdrawal,13434.00,2,2,Failed,Restaurant,Mumbai,Maharashtra,0
5326,90,2026-08-13,18:42:24.0000000,Transfer,6562.00,8,NULL,Success,Grocery,Pune,Maharashtra,0
5327,90,2025-11-15,09:28:50.0000000,Purchase,19440.00,6,NULL,Success,Travel,Bengaluru,Karnataka,0
5328,90,2026-02-17,00:15:16.0000000,Deposit,12568.00,4,NULL,Success,Restaurant,Delhi,Delhi,0
5329,90,2026-05-22,15:01:42.0000000,Payment,5696.00,2,6,Success,Grocery,Chennai,Tamil Nadu,0
5330,90,2026-08-24,05:48:08.0000000,Withdrawal,18574.00,8,NULL,Success,Travel,Hyderabad,Telangana,0
5331,90,2025-11-26,20:34:34.0000000,Transfer,11702.00,6,NULL,Success,Restaurant,Coimbatore,Tamil Nadu,0
5332,90,2026-02-28,11:21:00.0000000,Purchase,4830.00,4,NULL,Success,Grocery,Mumbai,Maharashtra,0
5333,90,2026-06-02,02:07:26.0000000,Deposit,17708.00,2,10,Success,Travel,Pune,Maharashtra,0
5334,90,2026-09-04,16:53:52.0000000,Payment,10836.00,8,NULL,Success,Restaurant,Bengaluru,Karnataka,0
5335,90,2025-12-07,07:40:18.0000000,Withdrawal,3964.00,6,NULL,Success,Grocery,Delhi,Delhi,0
5336,90,2026-03-11,22:26:44.0000000,Transfer,152716.00,4,NULL,Success,Travel,Chennai,Tamil Nadu,0
5337,90,2026-06-13,13:13:10.0000000,Purchase,9970.00,2,2,Success,Restaurant,Hyderabad,Telangana,0
5338,90,2026-09-15,03:59:36.0000000,Deposit,3098.00,8,NULL,Success,Grocery,Coimbatore,Tamil Nadu,0
5339,90,2025-12-18,18:46:02.0000000,Payment,15976.00,6,NULL,Success,Travel,Mumbai,Maharashtra,0
5340,90,2026-03-22,09:32:28.0000000,Withdrawal,9104.00,4,NULL,Success,Restaurant,Pune,Maharashtra,0
5341,90,2026-06-24,00:18:54.0000000,Transfer,2232.00,2,6,Success,Grocery,Bengaluru,Karnataka,0
5342,90,2026-09-26,15:05:20.0000000,Purchase,78280.00,8,NULL,Success,Travel,Delhi,Delhi,0
5343,90,2025-12-29,05:51:46.0000000,Deposit,8238.00,6,NULL,Success,Restaurant,Chennai,Tamil Nadu,0
5344,90,2026-04-02,20:38:12.0000000,Payment,1366.00,4,NULL,Success,Grocery,Hyderabad,Telangana,0
5345,90,2026-07-05,11:24:38.0000000,Withdrawal,14244.00,2,10,Success,Travel,Coimbatore,Tamil Nadu,0
5346,90,2025-10-07,02:11:04.0000000,Transfer,7372.00,8,NULL,Success,Restaurant,Mumbai,Maharashtra,0
5347,90,2026-01-09,16:57:30.0000000,Purchase,500.00,6,NULL,Success,Grocery,Pune,Maharashtra,0
5348,90,2026-04-13,07:43:56.0000000,Deposit,13378.00,4,NULL,Success,Travel,Bengaluru,Karnataka,0
5349,90,2026-07-16,22:30:22.0000000,Payment,6506.00,2,2,Success,Restaurant,Delhi,Delhi,0
5350,90,2025-10-18,13:16:48.0000000,Withdrawal,19384.00,8,NULL,Success,Grocery,Chennai,Tamil Nadu,0
5351,90,2026-01-20,04:03:14.0000000,Transfer,12512.00,6,NULL,Success,Travel,Hyderabad,Telangana,0
5352,90,2026-04-24,18:49:40.0000000,Purchase,5640.00,4,NULL,Success,Restaurant,Coimbatore,Tamil Nadu,0
5353,90,2026-07-27,09:36:06.0000000,Deposit,18518.00,2,6,Success,Grocery,Mumbai,Maharashtra,0
5354,90,2025-10-29,00:22:32.0000000,Payment,11646.00,8,NULL,Failed,Travel,Pune,Maharashtra,0
5355,90,2026-01-31,15:08:58.0000000,Withdrawal,4774.00,6,NULL,Success,Restaurant,Bengaluru,Karnataka,0
5356,90,2026-05-05,05:55:24.0000000,Transfer,17652.00,4,NULL,Success,Grocery,Delhi,Delhi,0
5357,90,2026-08-07,20:41:50.0000000,Purchase,10780.00,2,10,Success,Travel,Chennai,Tamil Nadu,0
5358,90,2025-11-09,11:28:16.0000000,Deposit,3908.00,8,NULL,Success,Restaurant,Hyderabad,Telangana,0
5359,90,2026-02-11,02:14:42.0000000,Payment,16786.00,6,NULL,Success,Grocery,Coimbatore,Tamil Nadu,0
5360,90,2026-05-16,17:01:08.0000000,Withdrawal,9914.00,4,NULL,Success,Travel,Mumbai,Maharashtra,1
5361,90,2026-08-18,07:47:34.0000000,Transfer,3042.00,2,2,Success,Restaurant,Pune,Maharashtra,0
5362,90,2025-11-20,22:34:00.0000000,Purchase,15920.00,8,NULL,Success,Grocery,Bengaluru,Karnataka,0
5363,90,2026-02-22,13:20:26.0000000,Deposit,9048.00,6,NULL,Reversed,Travel,Delhi,Delhi,0
5364,90,2026-05-27,04:06:52.0000000,Payment,2176.00,4,NULL,Success,Restaurant,Chennai,Tamil Nadu,0
5365,90,2026-08-29,18:53:18.0000000,Withdrawal,15054.00,2,6,Success,Grocery,Hyderabad,Telangana,0
5366,90,2025-12-01,09:39:44.0000000,Transfer,8182.00,8,NULL,Success,Travel,Coimbatore,Tamil Nadu,0
5367,90,2026-03-05,00:26:10.0000000,Purchase,1310.00,6,NULL,Success,Restaurant,Mumbai,Maharashtra,0
5368,90,2026-06-07,15:12:36.0000000,Deposit,14188.00,4,NULL,Pending,Grocery,Pune,Maharashtra,0
5369,90,2026-09-09,05:59:02.0000000,Payment,7316.00,2,10,Success,Travel,Bengaluru,Karnataka,0
5370,90,2025-12-12,20:45:28.0000000,Withdrawal,444.00,8,NULL,Success,Restaurant,Delhi,Delhi,0
5371,91,2025-12-25,18:58:35.0000000,Transfer,11895.00,5,NULL,Success,Fuel,Bengaluru,Karnataka,0
5372,91,2026-03-29,09:45:01.0000000,Purchase,5023.00,3,11,Success,Healthcare,Delhi,Delhi,0
5373,91,2026-07-01,00:31:27.0000000,Deposit,17901.00,1,9,Success,Electronics,Chennai,Tamil Nadu,0
5374,91,2025-10-03,15:17:53.0000000,Payment,11029.00,7,NULL,Success,Fuel,Hyderabad,Telangana,0
5375,91,2026-01-05,06:04:19.0000000,Withdrawal,4157.00,5,NULL,Success,Healthcare,Coimbatore,Tamil Nadu,0
5376,91,2026-04-09,20:50:45.0000000,Transfer,17035.00,3,3,Success,Electronics,Mumbai,Maharashtra,0
5377,91,2026-07-12,11:37:11.0000000,Purchase,10163.00,1,1,Success,Fuel,Pune,Maharashtra,0
5378,91,2025-10-14,02:23:37.0000000,Deposit,3291.00,7,NULL,Success,Healthcare,Bengaluru,Karnataka,0
5379,91,2026-01-16,17:10:03.0000000,Payment,16169.00,5,NULL,Success,Electronics,Delhi,Delhi,0
5380,91,2026-04-20,07:56:29.0000000,Withdrawal,9297.00,3,7,Success,Fuel,Chennai,Tamil Nadu,0
5381,91,2026-07-23,22:42:55.0000000,Transfer,76025.00,1,5,Success,Healthcare,Hyderabad,Telangana,0
5382,91,2025-10-25,13:29:21.0000000,Purchase,15303.00,7,NULL,Success,Electronics,Coimbatore,Tamil Nadu,0
5383,91,2026-01-27,04:15:47.0000000,Deposit,8431.00,5,NULL,Success,Fuel,Mumbai,Maharashtra,0
5384,91,2026-05-01,19:02:13.0000000,Payment,1559.00,3,11,Success,Healthcare,Pune,Maharashtra,0
5385,91,2026-08-03,09:48:39.0000000,Withdrawal,14437.00,1,9,Success,Electronics,Bengaluru,Karnataka,0
5386,91,2025-11-05,00:35:05.0000000,Transfer,7565.00,7,NULL,Success,Fuel,Delhi,Delhi,0
5387,91,2026-02-07,15:21:31.0000000,Purchase,693.00,5,NULL,Success,Healthcare,Chennai,Tamil Nadu,0
5388,91,2026-05-12,06:07:57.0000000,Deposit,13571.00,3,3,Success,Electronics,Hyderabad,Telangana,0
5389,91,2026-08-14,20:54:23.0000000,Payment,6699.00,1,1,Success,Fuel,Coimbatore,Tamil Nadu,0
5390,91,2025-11-16,11:40:49.0000000,Withdrawal,19577.00,7,NULL,Success,Healthcare,Mumbai,Maharashtra,0
5391,91,2026-02-18,02:27:15.0000000,Transfer,12705.00,5,NULL,Success,Electronics,Pune,Maharashtra,0
5392,91,2026-05-23,17:13:41.0000000,Purchase,5833.00,3,7,Failed,Fuel,Bengaluru,Karnataka,0
5393,91,2026-08-25,08:00:07.0000000,Deposit,18711.00,1,5,Success,Healthcare,Delhi,Delhi,0
5394,91,2025-11-27,22:46:33.0000000,Payment,11839.00,7,NULL,Success,Electronics,Chennai,Tamil Nadu,0
5395,91,2026-03-01,13:32:59.0000000,Withdrawal,4967.00,5,NULL,Success,Fuel,Hyderabad,Telangana,0
5396,91,2026-06-03,04:19:25.0000000,Transfer,17845.00,3,11,Success,Healthcare,Coimbatore,Tamil Nadu,0
5397,91,2026-09-05,19:05:51.0000000,Purchase,10973.00,1,9,Success,Electronics,Mumbai,Maharashtra,0
5398,91,2025-12-08,09:52:17.0000000,Deposit,4101.00,7,NULL,Success,Fuel,Pune,Maharashtra,0
5399,91,2026-03-12,00:38:43.0000000,Payment,16979.00,5,NULL,Success,Healthcare,Bengaluru,Karnataka,0
5400,91,2026-06-14,15:25:09.0000000,Withdrawal,10107.00,3,3,Success,Electronics,Delhi,Delhi,0
5401,91,2026-09-16,06:11:35.0000000,Transfer,3235.00,1,1,Success,Fuel,Chennai,Tamil Nadu,0
5402,91,2025-12-19,20:58:01.0000000,Purchase,16113.00,7,NULL,Success,Healthcare,Hyderabad,Telangana,0
5403,91,2026-03-23,11:44:27.0000000,Deposit,9241.00,5,NULL,Success,Electronics,Coimbatore,Tamil Nadu,0
5404,91,2026-06-25,02:30:53.0000000,Payment,2369.00,3,7,Success,Fuel,Mumbai,Maharashtra,0
5405,91,2026-09-27,17:17:19.0000000,Withdrawal,15247.00,1,5,Success,Healthcare,Pune,Maharashtra,0
5406,91,2025-12-30,08:03:45.0000000,Transfer,8375.00,7,NULL,Success,Electronics,Bengaluru,Karnataka,0
5407,91,2026-04-03,22:50:11.0000000,Purchase,1503.00,5,NULL,Success,Fuel,Delhi,Delhi,0
5408,91,2026-07-06,13:36:37.0000000,Deposit,14381.00,3,11,Success,Healthcare,Chennai,Tamil Nadu,0
5409,91,2025-10-08,04:23:03.0000000,Payment,7509.00,1,9,Pending,Electronics,Hyderabad,Telangana,0
5410,91,2026-01-10,19:09:29.0000000,Withdrawal,637.00,7,NULL,Success,Fuel,Coimbatore,Tamil Nadu,0
5411,91,2026-04-14,09:55:55.0000000,Transfer,13515.00,5,NULL,Success,Healthcare,Mumbai,Maharashtra,0
5412,91,2026-07-17,00:42:21.0000000,Purchase,6643.00,3,3,Success,Electronics,Pune,Maharashtra,0
5413,91,2025-10-19,15:28:47.0000000,Deposit,19521.00,1,1,Success,Fuel,Bengaluru,Karnataka,0
5414,91,2026-01-21,06:15:13.0000000,Payment,12649.00,7,NULL,Success,Healthcare,Delhi,Delhi,0
5415,91,2026-04-25,21:01:39.0000000,Withdrawal,5777.00,5,NULL,Success,Electronics,Chennai,Tamil Nadu,0
5416,91,2026-07-28,11:48:05.0000000,Transfer,18655.00,3,7,Success,Fuel,Hyderabad,Telangana,0
5417,91,2025-10-30,02:34:31.0000000,Purchase,11783.00,1,5,Success,Healthcare,Coimbatore,Tamil Nadu,0
5418,91,2026-02-01,17:20:57.0000000,Deposit,4911.00,7,NULL,Success,Electronics,Mumbai,Maharashtra,0
5419,91,2026-05-06,08:07:23.0000000,Payment,17789.00,5,NULL,Success,Fuel,Pune,Maharashtra,0
5420,91,2026-08-08,22:53:49.0000000,Withdrawal,10917.00,3,11,Success,Healthcare,Bengaluru,Karnataka,0
5421,91,2025-11-10,13:40:15.0000000,Transfer,4045.00,1,9,Failed,Electronics,Delhi,Delhi,0
5422,91,2026-02-12,04:26:41.0000000,Purchase,79879.00,7,NULL,Success,Fuel,Chennai,Tamil Nadu,0
5423,91,2026-05-17,19:13:07.0000000,Deposit,10051.00,5,NULL,Success,Healthcare,Hyderabad,Telangana,0
5424,91,2026-08-19,09:59:33.0000000,Payment,3179.00,3,3,Success,Electronics,Coimbatore,Tamil Nadu,0
5425,91,2025-11-21,00:45:59.0000000,Withdrawal,16057.00,1,1,Success,Fuel,Mumbai,Maharashtra,0
5426,91,2026-02-23,15:32:25.0000000,Transfer,9185.00,7,NULL,Success,Healthcare,Pune,Maharashtra,0
5427,91,2026-05-28,06:18:51.0000000,Purchase,2313.00,5,NULL,Success,Electronics,Bengaluru,Karnataka,0
5428,91,2026-08-30,21:05:17.0000000,Deposit,15191.00,3,7,Success,Fuel,Delhi,Delhi,0
5429,91,2025-12-02,11:51:43.0000000,Payment,8319.00,1,5,Success,Healthcare,Chennai,Tamil Nadu,1
5430,91,2026-03-06,02:38:09.0000000,Withdrawal,1447.00,7,NULL,Success,Electronics,Hyderabad,Telangana,0
5431,91,2026-06-08,17:24:35.0000000,Transfer,14325.00,5,NULL,Success,Fuel,Coimbatore,Tamil Nadu,0
5432,91,2026-09-10,08:11:01.0000000,Purchase,7453.00,3,11,Success,Healthcare,Mumbai,Maharashtra,0
5433,91,2025-12-13,22:57:27.0000000,Deposit,581.00,1,9,Success,Electronics,Pune,Maharashtra,0
5434,92,2025-12-26,21:10:34.0000000,Transfer,12032.00,6,NULL,Success,Restaurant,Mumbai,Maharashtra,0
5435,92,2026-03-30,11:57:00.0000000,Purchase,5160.00,4,NULL,Success,Grocery,Pune,Maharashtra,0
5436,92,2026-07-02,02:43:26.0000000,Deposit,18038.00,2,10,Success,Travel,Bengaluru,Karnataka,0
5437,92,2025-10-04,17:29:52.0000000,Payment,11166.00,8,NULL,Success,Restaurant,Delhi,Delhi,0
5438,92,2026-01-06,08:16:18.0000000,Withdrawal,4294.00,6,NULL,Success,Grocery,Chennai,Tamil Nadu,0
5439,92,2026-04-10,23:02:44.0000000,Transfer,17172.00,4,NULL,Success,Travel,Hyderabad,Telangana,0
5440,92,2026-07-13,13:49:10.0000000,Purchase,10300.00,2,2,Success,Restaurant,Coimbatore,Tamil Nadu,0
5441,92,2025-10-15,04:35:36.0000000,Deposit,3428.00,8,NULL,Success,Grocery,Mumbai,Maharashtra,0
5442,92,2026-01-17,19:22:02.0000000,Payment,16306.00,6,NULL,Success,Travel,Pune,Maharashtra,0
5443,92,2026-04-21,10:08:28.0000000,Withdrawal,9434.00,4,NULL,Success,Restaurant,Bengaluru,Karnataka,0
5444,92,2026-07-24,00:54:54.0000000,Transfer,2562.00,2,6,Success,Grocery,Delhi,Delhi,0
5445,92,2025-10-26,15:41:20.0000000,Purchase,15440.00,8,NULL,Success,Travel,Chennai,Tamil Nadu,0
5446,92,2026-01-28,06:27:46.0000000,Deposit,8568.00,6,NULL,Success,Restaurant,Hyderabad,Telangana,0
5447,92,2026-05-02,21:14:12.0000000,Payment,1696.00,4,NULL,Success,Grocery,Coimbatore,Tamil Nadu,0
5448,92,2026-08-04,12:00:38.0000000,Withdrawal,14574.00,2,10,Success,Travel,Mumbai,Maharashtra,0
5449,92,2025-11-06,02:47:04.0000000,Transfer,7702.00,8,NULL,Success,Restaurant,Pune,Maharashtra,0
5450,92,2026-02-08,17:33:30.0000000,Purchase,830.00,6,NULL,Pending,Grocery,Bengaluru,Karnataka,0
5451,92,2026-05-13,08:19:56.0000000,Deposit,13708.00,4,NULL,Success,Travel,Delhi,Delhi,0
5452,92,2026-08-15,23:06:22.0000000,Payment,6836.00,2,2,Success,Restaurant,Chennai,Tamil Nadu,0
5453,92,2025-11-17,13:52:48.0000000,Withdrawal,19714.00,8,NULL,Success,Grocery,Hyderabad,Telangana,0
5454,92,2026-02-19,04:39:14.0000000,Transfer,12842.00,6,NULL,Success,Travel,Coimbatore,Tamil Nadu,0
5455,92,2026-05-24,19:25:40.0000000,Purchase,5970.00,4,NULL,Success,Restaurant,Mumbai,Maharashtra,0
5456,92,2026-08-26,10:12:06.0000000,Deposit,18848.00,2,6,Success,Grocery,Pune,Maharashtra,0
5457,92,2025-11-28,00:58:32.0000000,Payment,11976.00,8,NULL,Success,Travel,Bengaluru,Karnataka,0
5458,92,2026-03-02,15:44:58.0000000,Withdrawal,5104.00,6,NULL,Success,Restaurant,Delhi,Delhi,0
5459,92,2026-06-04,06:31:24.0000000,Transfer,17982.00,4,NULL,Failed,Grocery,Chennai,Tamil Nadu,0
5460,92,2026-09-06,21:17:50.0000000,Purchase,11110.00,2,10,Success,Travel,Hyderabad,Telangana,0
5461,92,2025-12-09,12:04:16.0000000,Deposit,77624.00,8,NULL,Success,Restaurant,Coimbatore,Tamil Nadu,0
5462,92,2026-03-13,02:50:42.0000000,Payment,17116.00,6,NULL,Success,Grocery,Mumbai,Maharashtra,0
5463,92,2026-06-15,17:37:08.0000000,Withdrawal,10244.00,4,NULL,Success,Travel,Pune,Maharashtra,0
5464,92,2026-09-17,08:23:34.0000000,Transfer,3372.00,2,2,Success,Restaurant,Bengaluru,Karnataka,0
5465,92,2025-12-20,23:10:00.0000000,Purchase,16250.00,8,NULL,Success,Grocery,Delhi,Delhi,0
5466,92,2026-03-24,13:56:26.0000000,Deposit,9378.00,6,NULL,Success,Travel,Chennai,Tamil Nadu,0
5467,92,2026-06-26,04:42:52.0000000,Payment,2506.00,4,NULL,Success,Restaurant,Hyderabad,Telangana,0
5468,92,2026-09-28,19:29:18.0000000,Withdrawal,15384.00,2,6,Success,Grocery,Coimbatore,Tamil Nadu,0
5469,92,2025-12-31,10:15:44.0000000,Transfer,8512.00,8,NULL,Success,Travel,Mumbai,Maharashtra,0
5470,92,2026-04-04,01:02:10.0000000,Purchase,1640.00,6,NULL,Success,Restaurant,Pune,Maharashtra,0
5471,92,2026-07-07,15:48:36.0000000,Deposit,14518.00,4,NULL,Success,Grocery,Bengaluru,Karnataka,0
5472,92,2025-10-09,06:35:02.0000000,Payment,7646.00,2,10,Success,Travel,Delhi,Delhi,0
5473,92,2026-01-11,21:21:28.0000000,Withdrawal,774.00,8,NULL,Success,Restaurant,Chennai,Tamil Nadu,0
5474,92,2026-04-15,12:07:54.0000000,Transfer,13652.00,6,NULL,Success,Grocery,Hyderabad,Telangana,0
5475,92,2026-07-18,02:54:20.0000000,Purchase,6780.00,4,NULL,Success,Travel,Coimbatore,Tamil Nadu,0
5476,92,2025-10-20,17:40:46.0000000,Deposit,19658.00,2,2,Success,Restaurant,Mumbai,Maharashtra,0
5477,92,2026-01-22,08:27:12.0000000,Payment,12786.00,8,NULL,Success,Grocery,Pune,Maharashtra,0
5478,92,2026-04-26,23:13:38.0000000,Withdrawal,5914.00,6,NULL,Success,Travel,Bengaluru,Karnataka,0
5479,92,2026-07-29,14:00:04.0000000,Transfer,18792.00,4,NULL,Success,Restaurant,Delhi,Delhi,0
5480,92,2025-10-31,04:46:30.0000000,Purchase,11920.00,2,6,Success,Grocery,Chennai,Tamil Nadu,0
5481,92,2026-02-02,19:32:56.0000000,Deposit,5048.00,8,NULL,Success,Travel,Hyderabad,Telangana,0
5482,92,2026-05-07,10:19:22.0000000,Payment,17926.00,6,NULL,Success,Restaurant,Coimbatore,Tamil Nadu,0
5483,92,2026-08-09,01:05:48.0000000,Withdrawal,11054.00,4,NULL,Success,Grocery,Mumbai,Maharashtra,0
5484,92,2025-11-11,15:52:14.0000000,Transfer,4182.00,2,10,Success,Travel,Pune,Maharashtra,0
5485,92,2026-02-13,06:38:40.0000000,Purchase,17060.00,8,NULL,Success,Restaurant,Bengaluru,Karnataka,0
5486,92,2026-05-18,21:25:06.0000000,Deposit,10188.00,6,NULL,Success,Grocery,Delhi,Delhi,0
5487,92,2026-08-20,12:11:32.0000000,Payment,3316.00,4,NULL,Success,Travel,Chennai,Tamil Nadu,0
5488,92,2025-11-22,02:57:58.0000000,Withdrawal,16194.00,2,2,Failed,Restaurant,Hyderabad,Telangana,0
5489,92,2026-02-24,17:44:24.0000000,Transfer,9322.00,8,NULL,Success,Grocery,Coimbatore,Tamil Nadu,0
5490,92,2026-05-29,08:30:50.0000000,Purchase,2450.00,6,NULL,Success,Travel,Mumbai,Maharashtra,0
5491,92,2026-08-31,23:17:16.0000000,Deposit,15328.00,4,NULL,Success,Restaurant,Pune,Maharashtra,0
5492,92,2025-12-03,14:03:42.0000000,Payment,8456.00,2,6,Reversed,Grocery,Bengaluru,Karnataka,0
5493,92,2026-03-07,04:50:08.0000000,Withdrawal,1584.00,8,NULL,Success,Travel,Delhi,Delhi,0
5494,92,2026-06-09,19:36:34.0000000,Transfer,14462.00,6,NULL,Success,Restaurant,Chennai,Tamil Nadu,0
5495,92,2026-09-11,10:23:00.0000000,Purchase,155820.00,4,NULL,Success,Grocery,Hyderabad,Telangana,0
5496,92,2025-12-14,01:09:26.0000000,Deposit,718.00,2,10,Success,Travel,Coimbatore,Tamil Nadu,0
5497,93,2025-12-27,23:22:33.0000000,Payment,12169.00,7,NULL,Failed,Electronics,Hyderabad,Telangana,0
5498,93,2026-03-31,14:08:59.0000000,Withdrawal,5297.00,5,NULL,Success,Fuel,Coimbatore,Tamil Nadu,0
5499,93,2026-07-03,04:55:25.0000000,Transfer,18175.00,3,11,Success,Healthcare,Mumbai,Maharashtra,0
5500,93,2025-10-05,19:41:51.0000000,Purchase,75369.00,1,9,Success,Electronics,Pune,Maharashtra,0
5501,93,2026-01-07,10:28:17.0000000,Deposit,4431.00,7,NULL,Success,Fuel,Bengaluru,Karnataka,0
5502,93,2026-04-11,01:14:43.0000000,Payment,17309.00,5,NULL,Success,Healthcare,Delhi,Delhi,0
5503,93,2026-07-14,16:01:09.0000000,Withdrawal,10437.00,3,3,Success,Electronics,Chennai,Tamil Nadu,0
5504,93,2025-10-16,06:47:35.0000000,Transfer,3565.00,1,1,Success,Fuel,Hyderabad,Telangana,0
5505,93,2026-01-18,21:34:01.0000000,Purchase,16443.00,7,NULL,Success,Healthcare,Coimbatore,Tamil Nadu,0
5506,93,2026-04-22,12:20:27.0000000,Deposit,9571.00,5,NULL,Success,Electronics,Mumbai,Maharashtra,0
5507,93,2026-07-25,03:06:53.0000000,Payment,2699.00,3,7,Success,Fuel,Pune,Maharashtra,0
5508,93,2025-10-27,17:53:19.0000000,Withdrawal,15577.00,1,5,Success,Healthcare,Bengaluru,Karnataka,0
5509,93,2026-01-29,08:39:45.0000000,Transfer,8705.00,7,NULL,Success,Electronics,Delhi,Delhi,0
5510,93,2026-05-03,23:26:11.0000000,Purchase,1833.00,5,NULL,Success,Fuel,Chennai,Tamil Nadu,0
5511,93,2026-08-05,14:12:37.0000000,Deposit,14711.00,3,11,Success,Healthcare,Hyderabad,Telangana,0
5512,93,2025-11-07,04:59:03.0000000,Payment,7839.00,1,9,Success,Electronics,Coimbatore,Tamil Nadu,0
5513,93,2026-02-09,19:45:29.0000000,Withdrawal,967.00,7,NULL,Success,Fuel,Mumbai,Maharashtra,0
5514,93,2026-05-14,10:31:55.0000000,Transfer,13845.00,5,NULL,Success,Healthcare,Pune,Maharashtra,0
5515,93,2026-08-16,01:18:21.0000000,Purchase,6973.00,3,3,Success,Electronics,Bengaluru,Karnataka,0
5516,93,2025-11-18,16:04:47.0000000,Deposit,19851.00,1,1,Success,Fuel,Delhi,Delhi,0
5517,93,2026-02-20,06:51:13.0000000,Payment,12979.00,7,NULL,Success,Healthcare,Chennai,Tamil Nadu,0
5518,93,2026-05-25,21:37:39.0000000,Withdrawal,6107.00,5,NULL,Success,Electronics,Hyderabad,Telangana,0
5519,93,2026-08-27,12:24:05.0000000,Transfer,18985.00,3,7,Success,Fuel,Coimbatore,Tamil Nadu,0
5520,93,2025-11-29,03:10:31.0000000,Purchase,12113.00,1,5,Success,Healthcare,Mumbai,Maharashtra,0
5521,93,2026-03-03,17:56:57.0000000,Deposit,5241.00,7,NULL,Reversed,Electronics,Pune,Maharashtra,0
5522,93,2026-06-05,08:43:23.0000000,Payment,18119.00,5,NULL,Success,Fuel,Bengaluru,Karnataka,0
5523,93,2026-09-07,23:29:49.0000000,Withdrawal,11247.00,3,11,Success,Healthcare,Delhi,Delhi,0
5524,93,2025-12-10,14:16:15.0000000,Transfer,4375.00,1,9,Success,Electronics,Chennai,Tamil Nadu,0
5525,93,2026-03-14,05:02:41.0000000,Purchase,17253.00,7,NULL,Success,Fuel,Hyderabad,Telangana,0
5526,93,2026-06-16,19:49:07.0000000,Deposit,152813.00,5,NULL,Failed,Healthcare,Coimbatore,Tamil Nadu,0
5527,93,2026-09-18,10:35:33.0000000,Payment,3509.00,3,3,Success,Electronics,Mumbai,Maharashtra,0
5528,93,2025-12-21,01:21:59.0000000,Withdrawal,16387.00,1,1,Success,Fuel,Pune,Maharashtra,0
5529,93,2026-03-25,16:08:25.0000000,Transfer,9515.00,7,NULL,Success,Healthcare,Bengaluru,Karnataka,0
5530,93,2026-06-27,06:54:51.0000000,Purchase,2643.00,5,NULL,Success,Electronics,Delhi,Delhi,0
5531,93,2026-09-29,21:41:17.0000000,Deposit,15521.00,3,7,Success,Fuel,Chennai,Tamil Nadu,0
5532,93,2026-01-01,12:27:43.0000000,Payment,8649.00,1,5,Success,Healthcare,Hyderabad,Telangana,0
5533,93,2026-04-05,03:14:09.0000000,Withdrawal,1777.00,7,NULL,Success,Electronics,Coimbatore,Tamil Nadu,0
5534,93,2026-07-08,18:00:35.0000000,Transfer,14655.00,5,NULL,Success,Fuel,Mumbai,Maharashtra,0
5535,93,2025-10-10,08:47:01.0000000,Purchase,7783.00,3,11,Success,Healthcare,Pune,Maharashtra,0
5536,93,2026-01-12,23:33:27.0000000,Deposit,911.00,1,9,Success,Electronics,Bengaluru,Karnataka,0
5537,93,2026-04-16,14:19:53.0000000,Payment,13789.00,7,NULL,Success,Fuel,Delhi,Delhi,0
5538,93,2026-07-19,05:06:19.0000000,Withdrawal,6917.00,5,NULL,Success,Healthcare,Chennai,Tamil Nadu,0
5539,93,2025-10-21,19:52:45.0000000,Transfer,19795.00,3,3,Success,Electronics,Hyderabad,Telangana,0
5540,93,2026-01-23,10:39:11.0000000,Purchase,12923.00,1,1,Success,Fuel,Coimbatore,Tamil Nadu,0
5541,93,2026-04-27,01:25:37.0000000,Deposit,79223.00,7,NULL,Success,Healthcare,Mumbai,Maharashtra,0
5542,93,2026-07-30,16:12:03.0000000,Payment,18929.00,5,NULL,Success,Electronics,Pune,Maharashtra,0
5543,93,2025-11-01,06:58:29.0000000,Withdrawal,12057.00,3,7,Success,Fuel,Bengaluru,Karnataka,0
5544,93,2026-02-03,21:44:55.0000000,Transfer,5185.00,1,5,Pending,Healthcare,Delhi,Delhi,0
5545,93,2026-05-08,12:31:21.0000000,Purchase,18063.00,7,NULL,Success,Electronics,Chennai,Tamil Nadu,0
5546,93,2026-08-10,03:17:47.0000000,Deposit,11191.00,5,NULL,Success,Fuel,Hyderabad,Telangana,0
5547,93,2025-11-12,18:04:13.0000000,Payment,4319.00,3,11,Success,Healthcare,Coimbatore,Tamil Nadu,0
5548,93,2026-02-14,08:50:39.0000000,Withdrawal,17197.00,1,9,Success,Electronics,Mumbai,Maharashtra,0
5549,93,2026-05-19,23:37:05.0000000,Transfer,10325.00,7,NULL,Success,Fuel,Pune,Maharashtra,0
5550,93,2026-08-21,14:23:31.0000000,Purchase,3453.00,5,NULL,Success,Healthcare,Bengaluru,Karnataka,0
5551,93,2025-11-23,05:09:57.0000000,Deposit,16331.00,3,3,Success,Electronics,Delhi,Delhi,0
5552,93,2026-02-25,19:56:23.0000000,Payment,9459.00,1,1,Success,Fuel,Chennai,Tamil Nadu,0
5553,93,2026-05-30,10:42:49.0000000,Withdrawal,2587.00,7,NULL,Success,Healthcare,Hyderabad,Telangana,0
5554,93,2026-09-01,01:29:15.0000000,Transfer,15465.00,5,NULL,Success,Electronics,Coimbatore,Tamil Nadu,0
5555,93,2025-12-04,16:15:41.0000000,Purchase,8593.00,3,7,Failed,Fuel,Mumbai,Maharashtra,0
5556,93,2026-03-08,07:02:07.0000000,Deposit,1721.00,1,5,Success,Healthcare,Pune,Maharashtra,0
5557,93,2026-06-10,21:48:33.0000000,Payment,14599.00,7,NULL,Success,Electronics,Bengaluru,Karnataka,0
5558,93,2026-09-12,12:34:59.0000000,Withdrawal,7727.00,5,NULL,Success,Fuel,Delhi,Delhi,0
5559,93,2025-12-15,03:21:25.0000000,Transfer,855.00,3,11,Success,Healthcare,Chennai,Tamil Nadu,0
5560,94,2025-12-28,01:34:32.0000000,Payment,12306.00,8,NULL,Success,Travel,Delhi,Delhi,0
5561,94,2026-04-01,16:20:58.0000000,Withdrawal,5434.00,6,NULL,Success,Restaurant,Chennai,Tamil Nadu,0
5562,94,2026-07-04,07:07:24.0000000,Transfer,18312.00,4,NULL,Success,Grocery,Hyderabad,Telangana,0
5563,94,2025-10-06,21:53:50.0000000,Purchase,11440.00,2,10,Success,Travel,Coimbatore,Tamil Nadu,0
5564,94,2026-01-08,12:40:16.0000000,Deposit,4568.00,8,NULL,Failed,Restaurant,Mumbai,Maharashtra,0
5565,94,2026-04-12,03:26:42.0000000,Payment,17446.00,6,NULL,Success,Grocery,Pune,Maharashtra,0
5566,94,2026-07-15,18:13:08.0000000,Withdrawal,10574.00,4,NULL,Success,Travel,Bengaluru,Karnataka,0
5567,94,2025-10-17,08:59:34.0000000,Transfer,3702.00,2,2,Success,Restaurant,Delhi,Delhi,0
5568,94,2026-01-19,23:46:00.0000000,Purchase,16580.00,8,NULL,Success,Grocery,Chennai,Tamil Nadu,0
5569,94,2026-04-23,14:32:26.0000000,Deposit,9708.00,6,NULL,Success,Travel,Hyderabad,Telangana,0
5570,94,2026-07-26,05:18:52.0000000,Payment,2836.00,4,NULL,Success,Restaurant,Coimbatore,Tamil Nadu,0
5571,94,2025-10-28,20:05:18.0000000,Withdrawal,15714.00,2,6,Success,Grocery,Mumbai,Maharashtra,0
5572,94,2026-01-30,10:51:44.0000000,Transfer,8842.00,8,NULL,Success,Travel,Pune,Maharashtra,0
5573,94,2026-05-04,01:38:10.0000000,Purchase,1970.00,6,NULL,Success,Restaurant,Bengaluru,Karnataka,0
5574,94,2026-08-06,16:24:36.0000000,Deposit,14848.00,4,NULL,Success,Grocery,Delhi,Delhi,0
5575,94,2025-11-08,07:11:02.0000000,Payment,7976.00,2,10,Success,Travel,Chennai,Tamil Nadu,0
5576,94,2026-02-10,21:57:28.0000000,Withdrawal,1104.00,8,NULL,Success,Restaurant,Hyderabad,Telangana,0
5577,94,2026-05-15,12:43:54.0000000,Transfer,13982.00,6,NULL,Success,Grocery,Coimbatore,Tamil Nadu,0
5578,94,2026-08-17,03:30:20.0000000,Purchase,7110.00,4,NULL,Success,Travel,Mumbai,Maharashtra,0
5579,94,2025-11-19,18:16:46.0000000,Deposit,19988.00,2,2,Success,Restaurant,Pune,Maharashtra,0
5580,94,2026-02-21,09:03:12.0000000,Payment,76968.00,8,NULL,Success,Grocery,Bengaluru,Karnataka,0
5581,94,2026-05-26,23:49:38.0000000,Withdrawal,6244.00,6,NULL,Success,Travel,Delhi,Delhi,0
5582,94,2026-08-28,14:36:04.0000000,Transfer,19122.00,4,NULL,Success,Restaurant,Chennai,Tamil Nadu,0
5583,94,2025-11-30,05:22:30.0000000,Purchase,12250.00,2,6,Success,Grocery,Hyderabad,Telangana,0
5584,94,2026-03-04,20:08:56.0000000,Deposit,5378.00,8,NULL,Success,Travel,Coimbatore,Tamil Nadu,0
5585,94,2026-06-06,10:55:22.0000000,Payment,18256.00,6,NULL,Pending,Restaurant,Mumbai,Maharashtra,0
5586,94,2026-09-08,01:41:48.0000000,Withdrawal,11384.00,4,NULL,Success,Grocery,Pune,Maharashtra,0
5587,94,2025-12-11,16:28:14.0000000,Transfer,4512.00,2,10,Success,Travel,Bengaluru,Karnataka,0
5588,94,2026-03-15,07:14:40.0000000,Purchase,17390.00,8,NULL,Success,Restaurant,Delhi,Delhi,0
5589,94,2026-06-17,22:01:06.0000000,Deposit,10518.00,6,NULL,Success,Grocery,Chennai,Tamil Nadu,0
5590,94,2026-09-19,12:47:32.0000000,Payment,3646.00,4,NULL,Success,Travel,Hyderabad,Telangana,0
5591,94,2025-12-22,03:33:58.0000000,Withdrawal,16524.00,2,2,Success,Restaurant,Coimbatore,Tamil Nadu,0
5592,94,2026-03-26,18:20:24.0000000,Transfer,9652.00,8,NULL,Success,Grocery,Mumbai,Maharashtra,0
5593,94,2026-06-28,09:06:50.0000000,Purchase,2780.00,6,NULL,Failed,Travel,Pune,Maharashtra,0
5594,94,2026-09-30,23:53:16.0000000,Deposit,15658.00,4,NULL,Success,Restaurant,Bengaluru,Karnataka,0
5595,94,2026-01-02,14:39:42.0000000,Payment,8786.00,2,6,Success,Grocery,Delhi,Delhi,0
5596,94,2026-04-06,05:26:08.0000000,Withdrawal,1914.00,8,NULL,Success,Travel,Chennai,Tamil Nadu,0
5597,94,2026-07-09,20:12:34.0000000,Transfer,14792.00,6,NULL,Success,Restaurant,Hyderabad,Telangana,0
5598,94,2025-10-11,10:59:00.0000000,Purchase,7920.00,4,NULL,Success,Grocery,Coimbatore,Tamil Nadu,0
5599,94,2026-01-13,01:45:26.0000000,Deposit,1048.00,2,10,Success,Travel,Mumbai,Maharashtra,0
5600,94,2026-04-17,16:31:52.0000000,Payment,13926.00,8,NULL,Success,Restaurant,Pune,Maharashtra,0
5601,94,2026-07-20,07:18:18.0000000,Withdrawal,7054.00,6,NULL,Success,Grocery,Bengaluru,Karnataka,0
5602,94,2025-10-22,22:04:44.0000000,Transfer,19932.00,4,NULL,Success,Travel,Delhi,Delhi,0
5603,94,2026-01-24,12:51:10.0000000,Purchase,13060.00,2,2,Success,Restaurant,Chennai,Tamil Nadu,0
5604,94,2026-04-28,03:37:36.0000000,Deposit,6188.00,8,NULL,Success,Grocery,Hyderabad,Telangana,0
5605,94,2026-07-31,18:24:02.0000000,Payment,19066.00,6,NULL,Success,Travel,Coimbatore,Tamil Nadu,0
5606,94,2025-11-02,09:10:28.0000000,Withdrawal,12194.00,4,NULL,Success,Restaurant,Mumbai,Maharashtra,0
5607,94,2026-02-04,23:56:54.0000000,Transfer,5322.00,2,6,Success,Grocery,Pune,Maharashtra,0
5608,94,2026-05-09,14:43:20.0000000,Purchase,18200.00,8,NULL,Success,Travel,Bengaluru,Karnataka,0
5609,94,2026-08-11,05:29:46.0000000,Deposit,11328.00,6,NULL,Success,Restaurant,Delhi,Delhi,0
5610,94,2025-11-13,20:16:12.0000000,Payment,4456.00,4,NULL,Success,Grocery,Chennai,Tamil Nadu,0
5611,94,2026-02-15,11:02:38.0000000,Withdrawal,17334.00,2,10,Success,Travel,Hyderabad,Telangana,0
5612,94,2026-05-20,01:49:04.0000000,Transfer,10462.00,8,NULL,Success,Restaurant,Coimbatore,Tamil Nadu,0
5613,94,2026-08-22,16:35:30.0000000,Purchase,3590.00,6,NULL,Success,Grocery,Mumbai,Maharashtra,0
5614,94,2025-11-24,07:21:56.0000000,Deposit,16468.00,4,NULL,Success,Travel,Pune,Maharashtra,0
5615,94,2026-02-26,22:08:22.0000000,Payment,9596.00,2,2,Success,Restaurant,Bengaluru,Karnataka,0
5616,94,2026-05-31,12:54:48.0000000,Withdrawal,2724.00,8,NULL,Success,Grocery,Delhi,Delhi,0
5617,94,2026-09-02,03:41:14.0000000,Transfer,15602.00,6,NULL,Success,Travel,Chennai,Tamil Nadu,0
5618,94,2025-12-05,18:27:40.0000000,Purchase,8730.00,4,NULL,Success,Restaurant,Hyderabad,Telangana,0
5619,94,2026-03-09,09:14:06.0000000,Deposit,1858.00,2,6,Success,Grocery,Coimbatore,Tamil Nadu,0
5620,94,2026-06-11,00:00:32.0000000,Payment,14736.00,8,NULL,Success,Travel,Mumbai,Maharashtra,0
5621,94,2026-09-13,14:46:58.0000000,Withdrawal,80822.00,6,NULL,Reversed,Restaurant,Pune,Maharashtra,0
5622,94,2025-12-16,05:33:24.0000000,Transfer,992.00,4,NULL,Failed,Grocery,Bengaluru,Karnataka,0
5623,95,2025-12-29,03:46:31.0000000,Purchase,12443.00,1,5,Success,Healthcare,Pune,Maharashtra,0
5624,95,2026-04-02,18:32:57.0000000,Deposit,5571.00,7,NULL,Success,Electronics,Bengaluru,Karnataka,0
5625,95,2026-07-05,09:19:23.0000000,Payment,18449.00,5,NULL,Success,Fuel,Delhi,Delhi,0
5626,95,2025-10-07,00:05:49.0000000,Withdrawal,11577.00,3,11,Pending,Healthcare,Chennai,Tamil Nadu,0
5627,95,2026-01-09,14:52:15.0000000,Transfer,4705.00,1,9,Success,Electronics,Hyderabad,Telangana,0
5628,95,2026-04-13,05:38:41.0000000,Purchase,17583.00,7,NULL,Success,Fuel,Coimbatore,Tamil Nadu,0
5629,95,2026-07-16,20:25:07.0000000,Deposit,10711.00,5,NULL,Success,Healthcare,Mumbai,Maharashtra,0
5630,95,2025-10-18,11:11:33.0000000,Payment,3839.00,3,3,Success,Electronics,Pune,Maharashtra,0
5631,95,2026-01-20,01:57:59.0000000,Withdrawal,16717.00,1,1,Failed,Fuel,Bengaluru,Karnataka,0
5632,95,2026-04-24,16:44:25.0000000,Transfer,9845.00,7,NULL,Success,Healthcare,Delhi,Delhi,0
5633,95,2026-07-27,07:30:51.0000000,Purchase,2973.00,5,NULL,Success,Electronics,Chennai,Tamil Nadu,0
5634,95,2025-10-29,22:17:17.0000000,Deposit,15851.00,3,7,Success,Fuel,Hyderabad,Telangana,0
5635,95,2026-01-31,13:03:43.0000000,Payment,8979.00,1,5,Success,Healthcare,Coimbatore,Tamil Nadu,0
5636,95,2026-05-05,03:50:09.0000000,Withdrawal,2107.00,7,NULL,Success,Electronics,Mumbai,Maharashtra,0
5637,95,2026-08-07,18:36:35.0000000,Transfer,14985.00,5,NULL,Success,Fuel,Pune,Maharashtra,0
5638,95,2025-11-09,09:23:01.0000000,Purchase,8113.00,3,11,Success,Healthcare,Bengaluru,Karnataka,0
5639,95,2026-02-11,00:09:27.0000000,Deposit,1241.00,1,9,Success,Electronics,Delhi,Delhi,0
5640,95,2026-05-16,14:55:53.0000000,Payment,14119.00,7,NULL,Success,Fuel,Chennai,Tamil Nadu,0
5641,95,2026-08-18,05:42:19.0000000,Withdrawal,7247.00,5,NULL,Success,Healthcare,Hyderabad,Telangana,0
5642,95,2025-11-20,20:28:45.0000000,Transfer,375.00,3,3,Success,Electronics,Coimbatore,Tamil Nadu,0
5643,95,2026-02-22,11:15:11.0000000,Purchase,13253.00,1,1,Success,Fuel,Mumbai,Maharashtra,0
5644,95,2026-05-27,02:01:37.0000000,Deposit,6381.00,7,NULL,Success,Healthcare,Pune,Maharashtra,0
5645,95,2026-08-29,16:48:03.0000000,Payment,19259.00,5,NULL,Success,Electronics,Bengaluru,Karnataka,0
5646,95,2025-12-01,07:34:29.0000000,Withdrawal,12387.00,3,7,Success,Fuel,Delhi,Delhi,0
5647,95,2026-03-05,22:20:55.0000000,Transfer,5515.00,1,5,Success,Healthcare,Chennai,Tamil Nadu,0
5648,95,2026-06-07,13:07:21.0000000,Purchase,18393.00,7,NULL,Success,Electronics,Hyderabad,Telangana,0
5649,95,2026-09-09,03:53:47.0000000,Deposit,11521.00,5,NULL,Success,Fuel,Coimbatore,Tamil Nadu,0
5650,95,2025-12-12,18:40:13.0000000,Payment,4649.00,3,11,Reversed,Healthcare,Mumbai,Maharashtra,0
5651,95,2026-03-16,09:26:39.0000000,Withdrawal,17527.00,1,9,Success,Electronics,Pune,Maharashtra,0
5652,95,2026-06-18,00:13:05.0000000,Transfer,10655.00,7,NULL,Success,Fuel,Bengaluru,Karnataka,0
5653,95,2026-09-20,14:59:31.0000000,Purchase,3783.00,5,NULL,Success,Healthcare,Delhi,Delhi,0
5654,95,2025-12-23,05:45:57.0000000,Deposit,16661.00,3,3,Success,Electronics,Chennai,Tamil Nadu,0
5655,95,2026-03-27,20:32:23.0000000,Payment,9789.00,1,1,Success,Fuel,Hyderabad,Telangana,0
5656,95,2026-06-29,11:18:49.0000000,Withdrawal,2917.00,7,NULL,Success,Healthcare,Coimbatore,Tamil Nadu,0
5657,95,2025-10-01,02:05:15.0000000,Transfer,15795.00,5,NULL,Success,Electronics,Mumbai,Maharashtra,0
5658,95,2026-01-03,16:51:41.0000000,Purchase,8923.00,3,7,Success,Fuel,Pune,Maharashtra,0
5659,95,2026-04-07,07:38:07.0000000,Deposit,2051.00,1,5,Success,Healthcare,Bengaluru,Karnataka,0
5660,95,2026-07-10,22:24:33.0000000,Payment,78567.00,7,NULL,Failed,Electronics,Delhi,Delhi,0
5661,95,2025-10-12,13:10:59.0000000,Withdrawal,8057.00,5,NULL,Success,Fuel,Chennai,Tamil Nadu,0
5662,95,2026-01-14,03:57:25.0000000,Transfer,1185.00,3,11,Success,Healthcare,Hyderabad,Telangana,0
5663,95,2026-04-18,18:43:51.0000000,Purchase,14063.00,1,9,Success,Electronics,Coimbatore,Tamil Nadu,0
5664,95,2026-07-21,09:30:17.0000000,Deposit,7191.00,7,NULL,Success,Fuel,Mumbai,Maharashtra,0
5665,95,2025-10-23,00:16:43.0000000,Payment,319.00,5,NULL,Success,Healthcare,Pune,Maharashtra,0
5666,95,2026-01-25,15:03:09.0000000,Withdrawal,13197.00,3,3,Success,Electronics,Bengaluru,Karnataka,0
5667,95,2026-04-29,05:49:35.0000000,Transfer,6325.00,1,1,Success,Fuel,Delhi,Delhi,0
5668,95,2026-08-01,20:36:01.0000000,Purchase,19203.00,7,NULL,Success,Healthcare,Chennai,Tamil Nadu,0
5669,95,2025-11-03,11:22:27.0000000,Deposit,12331.00,5,NULL,Success,Electronics,Hyderabad,Telangana,0
5670,95,2026-02-05,02:08:53.0000000,Payment,5459.00,3,7,Success,Fuel,Coimbatore,Tamil Nadu,0
5671,95,2026-05-10,16:55:19.0000000,Withdrawal,18337.00,1,5,Success,Healthcare,Mumbai,Maharashtra,0
5672,95,2026-08-12,07:41:45.0000000,Transfer,11465.00,7,NULL,Success,Electronics,Pune,Maharashtra,0
5673,95,2025-11-14,22:28:11.0000000,Purchase,4593.00,5,NULL,Success,Fuel,Bengaluru,Karnataka,0
5674,95,2026-02-16,13:14:37.0000000,Deposit,17471.00,3,11,Success,Healthcare,Delhi,Delhi,0
5675,95,2026-05-21,04:01:03.0000000,Payment,10599.00,1,9,Success,Electronics,Chennai,Tamil Nadu,0
5676,95,2026-08-23,18:47:29.0000000,Withdrawal,3727.00,7,NULL,Success,Fuel,Hyderabad,Telangana,0
5677,95,2025-11-25,09:33:55.0000000,Transfer,16605.00,5,NULL,Success,Healthcare,Coimbatore,Tamil Nadu,0
5678,95,2026-02-27,00:20:21.0000000,Purchase,9733.00,3,3,Success,Electronics,Mumbai,Maharashtra,0
5679,95,2026-06-01,15:06:47.0000000,Deposit,2861.00,1,1,Pending,Fuel,Pune,Maharashtra,0
5680,95,2026-09-03,05:53:13.0000000,Payment,15739.00,7,NULL,Success,Healthcare,Bengaluru,Karnataka,0
5681,95,2025-12-06,20:39:39.0000000,Withdrawal,8867.00,5,NULL,Success,Electronics,Delhi,Delhi,0
5682,95,2026-03-10,11:26:05.0000000,Transfer,1995.00,3,7,Success,Fuel,Chennai,Tamil Nadu,0
5683,95,2026-06-12,02:12:31.0000000,Purchase,14873.00,1,5,Success,Healthcare,Hyderabad,Telangana,0
5684,95,2026-09-14,16:58:57.0000000,Deposit,8001.00,7,NULL,Success,Electronics,Coimbatore,Tamil Nadu,0
5685,95,2025-12-17,07:45:23.0000000,Payment,155917.00,5,NULL,Success,Fuel,Mumbai,Maharashtra,0
5686,96,2025-12-30,05:58:30.0000000,Purchase,12580.00,2,6,Success,Grocery,Coimbatore,Tamil Nadu,0
5687,96,2026-04-03,20:44:56.0000000,Deposit,5708.00,8,NULL,Success,Travel,Mumbai,Maharashtra,0
5688,96,2026-07-06,11:31:22.0000000,Payment,18586.00,6,NULL,Success,Restaurant,Pune,Maharashtra,0
5689,96,2025-10-08,02:17:48.0000000,Withdrawal,11714.00,4,NULL,Success,Grocery,Bengaluru,Karnataka,0
5690,96,2026-01-10,17:04:14.0000000,Transfer,4842.00,2,10,Success,Travel,Delhi,Delhi,0
5691,96,2026-04-14,07:50:40.0000000,Purchase,17720.00,8,NULL,Success,Restaurant,Chennai,Tamil Nadu,0
5692,96,2026-07-17,22:37:06.0000000,Deposit,10848.00,6,NULL,Success,Grocery,Hyderabad,Telangana,0
5693,96,2025-10-19,13:23:32.0000000,Payment,3976.00,4,NULL,Success,Travel,Coimbatore,Tamil Nadu,0
5694,96,2026-01-21,04:09:58.0000000,Withdrawal,16854.00,2,2,Success,Restaurant,Mumbai,Maharashtra,0
5695,96,2026-04-25,18:56:24.0000000,Transfer,9982.00,8,NULL,Success,Grocery,Pune,Maharashtra,0
5696,96,2026-07-28,09:42:50.0000000,Purchase,3110.00,6,NULL,Success,Travel,Bengaluru,Karnataka,0
5697,96,2025-10-30,00:29:16.0000000,Deposit,15988.00,4,NULL,Success,Restaurant,Delhi,Delhi,0
5698,96,2026-02-01,15:15:42.0000000,Payment,9116.00,2,6,Failed,Grocery,Chennai,Tamil Nadu,0
5699,96,2026-05-06,06:02:08.0000000,Withdrawal,76312.00,8,NULL,Success,Travel,Hyderabad,Telangana,0
5700,96,2026-08-08,20:48:34.0000000,Transfer,15122.00,6,NULL,Success,Restaurant,Coimbatore,Tamil Nadu,0
5701,96,2025-11-10,11:35:00.0000000,Purchase,8250.00,4,NULL,Success,Grocery,Mumbai,Maharashtra,0
5702,96,2026-02-12,02:21:26.0000000,Deposit,1378.00,2,10,Success,Travel,Pune,Maharashtra,0
5703,96,2026-05-17,17:07:52.0000000,Payment,14256.00,8,NULL,Success,Restaurant,Bengaluru,Karnataka,0
5704,96,2026-08-19,07:54:18.0000000,Withdrawal,7384.00,6,NULL,Success,Grocery,Delhi,Delhi,0
5705,96,2025-11-21,22:40:44.0000000,Transfer,512.00,4,NULL,Success,Travel,Chennai,Tamil Nadu,0
5706,96,2026-02-23,13:27:10.0000000,Purchase,13390.00,2,2,Success,Restaurant,Hyderabad,Telangana,0
5707,96,2026-05-28,04:13:36.0000000,Deposit,6518.00,8,NULL,Success,Grocery,Coimbatore,Tamil Nadu,0
5708,96,2026-08-30,19:00:02.0000000,Payment,19396.00,6,NULL,Success,Travel,Mumbai,Maharashtra,0
5709,96,2025-12-02,09:46:28.0000000,Withdrawal,12524.00,4,NULL,Success,Restaurant,Pune,Maharashtra,0
5710,96,2026-03-06,00:32:54.0000000,Transfer,5652.00,2,6,Success,Grocery,Bengaluru,Karnataka,0
5711,96,2026-06-08,15:19:20.0000000,Purchase,18530.00,8,NULL,Success,Travel,Delhi,Delhi,0
5712,96,2026-09-10,06:05:46.0000000,Deposit,11658.00,6,NULL,Success,Restaurant,Chennai,Tamil Nadu,0
5713,96,2025-12-13,20:52:12.0000000,Payment,4786.00,4,NULL,Success,Grocery,Hyderabad,Telangana,0
5714,96,2026-03-17,11:38:38.0000000,Withdrawal,17664.00,2,10,Success,Travel,Coimbatore,Tamil Nadu,0
5715,96,2026-06-19,02:25:04.0000000,Transfer,10792.00,8,NULL,Success,Restaurant,Mumbai,Maharashtra,0
5716,96,2026-09-21,17:11:30.0000000,Purchase,152910.00,6,NULL,Success,Grocery,Pune,Maharashtra,0
5717,96,2025-12-24,07:57:56.0000000,Deposit,16798.00,4,NULL,Success,Travel,Bengaluru,Karnataka,0
5718,96,2026-03-28,22:44:22.0000000,Payment,9926.00,2,2,Success,Restaurant,Delhi,Delhi,0
5719,96,2026-06-30,13:30:48.0000000,Withdrawal,3054.00,8,NULL,Success,Grocery,Chennai,Tamil Nadu,0
5720,96,2025-10-02,04:17:14.0000000,Transfer,15932.00,6,NULL,Pending,Travel,Hyderabad,Telangana,0
5721,96,2026-01-04,19:03:40.0000000,Purchase,9060.00,4,NULL,Success,Restaurant,Coimbatore,Tamil Nadu,0
5722,96,2026-04-08,09:50:06.0000000,Deposit,2188.00,2,6,Success,Grocery,Mumbai,Maharashtra,0
5723,96,2026-07-11,00:36:32.0000000,Payment,15066.00,8,NULL,Success,Travel,Pune,Maharashtra,0
5724,96,2025-10-13,15:22:58.0000000,Withdrawal,8194.00,6,NULL,Success,Restaurant,Bengaluru,Karnataka,0
5725,96,2026-01-15,06:09:24.0000000,Transfer,1322.00,4,NULL,Success,Grocery,Delhi,Delhi,0
5726,96,2026-04-19,20:55:50.0000000,Purchase,14200.00,2,10,Success,Travel,Chennai,Tamil Nadu,0
5727,96,2026-07-22,11:42:16.0000000,Deposit,7328.00,8,NULL,Failed,Restaurant,Hyderabad,Telangana,0
5728,96,2025-10-24,02:28:42.0000000,Payment,456.00,6,NULL,Success,Grocery,Coimbatore,Tamil Nadu,0
5729,96,2026-01-26,17:15:08.0000000,Withdrawal,13334.00,4,NULL,Success,Travel,Mumbai,Maharashtra,0
5730,96,2026-04-30,08:01:34.0000000,Transfer,6462.00,2,2,Success,Restaurant,Pune,Maharashtra,0
5731,96,2026-08-02,22:48:00.0000000,Purchase,19340.00,8,NULL,Success,Grocery,Bengaluru,Karnataka,0
5732,96,2025-11-04,13:34:26.0000000,Deposit,12468.00,6,NULL,Success,Travel,Delhi,Delhi,0
5733,96,2026-02-06,04:20:52.0000000,Payment,5596.00,4,NULL,Success,Restaurant,Chennai,Tamil Nadu,0
5734,96,2026-05-11,19:07:18.0000000,Withdrawal,18474.00,2,6,Success,Grocery,Hyderabad,Telangana,0
5735,96,2026-08-13,09:53:44.0000000,Transfer,11602.00,8,NULL,Success,Travel,Coimbatore,Tamil Nadu,0
5736,96,2025-11-15,00:40:10.0000000,Purchase,4730.00,6,NULL,Success,Restaurant,Mumbai,Maharashtra,0
5737,96,2026-02-17,15:26:36.0000000,Deposit,17608.00,4,NULL,Success,Grocery,Pune,Maharashtra,0
5738,96,2026-05-22,06:13:02.0000000,Payment,10736.00,2,10,Success,Travel,Bengaluru,Karnataka,0
5739,96,2026-08-24,20:59:28.0000000,Withdrawal,3864.00,8,NULL,Success,Restaurant,Delhi,Delhi,0
5740,96,2025-11-26,11:45:54.0000000,Transfer,80166.00,6,NULL,Success,Grocery,Chennai,Tamil Nadu,0
5741,96,2026-02-28,02:32:20.0000000,Purchase,9870.00,4,NULL,Success,Travel,Hyderabad,Telangana,0
5742,96,2026-06-02,17:18:46.0000000,Deposit,2998.00,2,2,Success,Restaurant,Coimbatore,Tamil Nadu,0
5743,96,2026-09-04,08:05:12.0000000,Payment,15876.00,8,NULL,Success,Grocery,Mumbai,Maharashtra,0
5744,96,2025-12-07,22:51:38.0000000,Withdrawal,9004.00,6,NULL,Success,Travel,Pune,Maharashtra,0
5745,96,2026-03-11,13:38:04.0000000,Transfer,2132.00,4,NULL,Success,Restaurant,Bengaluru,Karnataka,0
5746,96,2026-06-13,04:24:30.0000000,Purchase,15010.00,2,6,Success,Grocery,Delhi,Delhi,0
5747,96,2026-09-15,19:10:56.0000000,Deposit,8138.00,8,NULL,Success,Travel,Chennai,Tamil Nadu,0
5748,96,2025-12-18,09:57:22.0000000,Payment,1266.00,6,NULL,Success,Restaurant,Hyderabad,Telangana,0
5749,97,2025-12-31,08:10:29.0000000,Withdrawal,12717.00,3,7,Success,Fuel,Chennai,Tamil Nadu,0
5750,97,2026-04-04,22:56:55.0000000,Transfer,5845.00,1,5,Success,Healthcare,Hyderabad,Telangana,0
5751,97,2026-07-07,13:43:21.0000000,Purchase,18723.00,7,NULL,Success,Electronics,Coimbatore,Tamil Nadu,0
5752,97,2025-10-09,04:29:47.0000000,Deposit,11851.00,5,NULL,Success,Fuel,Mumbai,Maharashtra,0
5753,97,2026-01-11,19:16:13.0000000,Payment,4979.00,3,11,Success,Healthcare,Pune,Maharashtra,0
5754,97,2026-04-15,10:02:39.0000000,Withdrawal,17857.00,1,9,Success,Electronics,Bengaluru,Karnataka,0
5755,97,2026-07-18,00:49:05.0000000,Transfer,10985.00,7,NULL,Success,Fuel,Delhi,Delhi,0
5756,97,2025-10-20,15:35:31.0000000,Purchase,4113.00,5,NULL,Success,Healthcare,Chennai,Tamil Nadu,0
5757,97,2026-01-22,06:21:57.0000000,Deposit,16991.00,3,3,Success,Electronics,Hyderabad,Telangana,0
5758,97,2026-04-26,21:08:23.0000000,Payment,10119.00,1,1,Success,Fuel,Coimbatore,Tamil Nadu,0
5759,97,2026-07-29,11:54:49.0000000,Withdrawal,3247.00,7,NULL,Success,Healthcare,Mumbai,Maharashtra,0
5760,97,2025-10-31,02:41:15.0000000,Transfer,16125.00,5,NULL,Success,Electronics,Pune,Maharashtra,0
5761,97,2026-02-02,17:27:41.0000000,Purchase,9253.00,3,7,Pending,Fuel,Bengaluru,Karnataka,0
5762,97,2026-05-07,08:14:07.0000000,Deposit,2381.00,1,5,Success,Healthcare,Delhi,Delhi,0
5763,97,2026-08-09,23:00:33.0000000,Payment,15259.00,7,NULL,Success,Electronics,Chennai,Tamil Nadu,0
5764,97,2025-11-11,13:46:59.0000000,Withdrawal,8387.00,5,NULL,Success,Fuel,Hyderabad,Telangana,0
5765,97,2026-02-13,04:33:25.0000000,Transfer,1515.00,3,11,Failed,Healthcare,Coimbatore,Tamil Nadu,0
5766,97,2026-05-18,19:19:51.0000000,Purchase,14393.00,1,9,Success,Electronics,Mumbai,Maharashtra,0
5767,97,2026-08-20,10:06:17.0000000,Deposit,7521.00,7,NULL,Success,Fuel,Pune,Maharashtra,0
5768,97,2025-11-22,00:52:43.0000000,Payment,649.00,5,NULL,Success,Healthcare,Bengaluru,Karnataka,0
5769,97,2026-02-24,15:39:09.0000000,Withdrawal,13527.00,3,3,Success,Electronics,Delhi,Delhi,0
5770,97,2026-05-29,06:25:35.0000000,Transfer,6655.00,1,1,Success,Fuel,Chennai,Tamil Nadu,0
5771,97,2026-08-31,21:12:01.0000000,Purchase,19533.00,7,NULL,Success,Healthcare,Hyderabad,Telangana,0
5772,97,2025-12-03,11:58:27.0000000,Deposit,12661.00,5,NULL,Success,Electronics,Coimbatore,Tamil Nadu,0
5773,97,2026-03-07,02:44:53.0000000,Payment,5789.00,3,7,Success,Fuel,Mumbai,Maharashtra,0
5774,97,2026-06-09,17:31:19.0000000,Withdrawal,18667.00,1,5,Success,Healthcare,Pune,Maharashtra,0
5775,97,2026-09-11,08:17:45.0000000,Transfer,11795.00,7,NULL,Success,Electronics,Bengaluru,Karnataka,0
5776,97,2025-12-14,23:04:11.0000000,Purchase,4923.00,5,NULL,Success,Fuel,Delhi,Delhi,0
5777,97,2026-03-18,13:50:37.0000000,Deposit,17801.00,3,11,Success,Healthcare,Chennai,Tamil Nadu,0
5778,97,2026-06-20,04:37:03.0000000,Payment,10929.00,1,9,Success,Electronics,Hyderabad,Telangana,0
5779,97,2026-09-22,19:23:29.0000000,Withdrawal,77911.00,7,NULL,Reversed,Fuel,Coimbatore,Tamil Nadu,0
5780,97,2025-12-25,10:09:55.0000000,Transfer,16935.00,5,NULL,Success,Healthcare,Mumbai,Maharashtra,0
5781,97,2026-03-29,00:56:21.0000000,Purchase,10063.00,3,3,Success,Electronics,Pune,Maharashtra,0
5782,97,2026-07-01,15:42:47.0000000,Deposit,3191.00,1,1,Success,Fuel,Bengaluru,Karnataka,0
5783,97,2025-10-03,06:29:13.0000000,Payment,16069.00,7,NULL,Success,Healthcare,Delhi,Delhi,0
5784,97,2026-01-05,21:15:39.0000000,Withdrawal,9197.00,5,NULL,Success,Electronics,Chennai,Tamil Nadu,0
5785,97,2026-04-09,12:02:05.0000000,Transfer,2325.00,3,7,Success,Fuel,Hyderabad,Telangana,0
5786,97,2026-07-12,02:48:31.0000000,Purchase,15203.00,1,5,Success,Healthcare,Coimbatore,Tamil Nadu,0
5787,97,2025-10-14,17:34:57.0000000,Deposit,8331.00,7,NULL,Success,Electronics,Mumbai,Maharashtra,0
5788,97,2026-01-16,08:21:23.0000000,Payment,1459.00,5,NULL,Success,Fuel,Pune,Maharashtra,0
5789,97,2026-04-20,23:07:49.0000000,Withdrawal,14337.00,3,11,Success,Healthcare,Bengaluru,Karnataka,0
5790,97,2026-07-23,13:54:15.0000000,Transfer,7465.00,1,9,Success,Electronics,Delhi,Delhi,0
5791,97,2025-10-25,04:40:41.0000000,Purchase,593.00,7,NULL,Success,Fuel,Chennai,Tamil Nadu,0
5792,97,2026-01-27,19:27:07.0000000,Deposit,13471.00,5,NULL,Success,Healthcare,Hyderabad,Telangana,0
5793,97,2026-05-01,10:13:33.0000000,Payment,6599.00,3,3,Success,Electronics,Coimbatore,Tamil Nadu,0
5794,97,2026-08-03,00:59:59.0000000,Withdrawal,19477.00,1,1,Failed,Fuel,Mumbai,Maharashtra,0
5795,97,2025-11-05,15:46:25.0000000,Transfer,12605.00,7,NULL,Success,Healthcare,Pune,Maharashtra,0
5796,97,2026-02-07,06:32:51.0000000,Purchase,5733.00,5,NULL,Success,Electronics,Bengaluru,Karnataka,0
5797,97,2026-05-12,21:19:17.0000000,Deposit,18611.00,3,7,Success,Fuel,Delhi,Delhi,0
5798,97,2026-08-14,12:05:43.0000000,Payment,11739.00,1,5,Success,Healthcare,Chennai,Tamil Nadu,0
5799,97,2025-11-16,02:52:09.0000000,Withdrawal,4867.00,7,NULL,Success,Electronics,Hyderabad,Telangana,0
5800,97,2026-02-18,17:38:35.0000000,Transfer,17745.00,5,NULL,Success,Fuel,Coimbatore,Tamil Nadu,0
5801,97,2026-05-23,08:25:01.0000000,Purchase,10873.00,3,11,Success,Healthcare,Mumbai,Maharashtra,0
5802,97,2026-08-25,23:11:27.0000000,Deposit,4001.00,1,9,Success,Electronics,Pune,Maharashtra,0
5803,97,2025-11-27,13:57:53.0000000,Payment,16879.00,7,NULL,Success,Fuel,Bengaluru,Karnataka,0
5804,97,2026-03-01,04:44:19.0000000,Withdrawal,10007.00,5,NULL,Success,Healthcare,Delhi,Delhi,0
5805,97,2026-06-03,19:30:45.0000000,Transfer,3135.00,3,3,Success,Electronics,Chennai,Tamil Nadu,0
5806,97,2026-09-05,10:17:11.0000000,Purchase,16013.00,1,1,Success,Fuel,Hyderabad,Telangana,0
5807,97,2025-12-08,01:03:37.0000000,Deposit,9141.00,7,NULL,Success,Healthcare,Coimbatore,Tamil Nadu,0
5808,97,2026-03-12,15:50:03.0000000,Payment,2269.00,5,NULL,Success,Electronics,Mumbai,Maharashtra,0
5809,97,2026-06-14,06:36:29.0000000,Withdrawal,15147.00,3,7,Success,Fuel,Pune,Maharashtra,0
5810,97,2026-09-16,21:22:55.0000000,Transfer,8275.00,1,5,Success,Healthcare,Bengaluru,Karnataka,0
5811,97,2025-12-19,12:09:21.0000000,Purchase,1403.00,7,NULL,Success,Electronics,Delhi,Delhi,0
5812,98,2026-01-01,10:22:28.0000000,Withdrawal,12854.00,4,NULL,Success,Restaurant,Bengaluru,Karnataka,0
5813,98,2026-04-05,01:08:54.0000000,Transfer,5982.00,2,6,Success,Grocery,Delhi,Delhi,0
5814,98,2026-07-08,15:55:20.0000000,Purchase,18860.00,8,NULL,Success,Travel,Chennai,Tamil Nadu,0
5815,98,2025-10-10,06:41:46.0000000,Deposit,11988.00,6,NULL,Success,Restaurant,Hyderabad,Telangana,0
5816,98,2026-01-12,21:28:12.0000000,Payment,5116.00,4,NULL,Success,Grocery,Coimbatore,Tamil Nadu,0
5817,98,2026-04-16,12:14:38.0000000,Withdrawal,17994.00,2,10,Success,Travel,Mumbai,Maharashtra,0
5818,98,2026-07-19,03:01:04.0000000,Transfer,75656.00,8,NULL,Success,Restaurant,Pune,Maharashtra,0
5819,98,2025-10-21,17:47:30.0000000,Purchase,4250.00,6,NULL,Success,Grocery,Bengaluru,Karnataka,0
5820,98,2026-01-23,08:33:56.0000000,Deposit,17128.00,4,NULL,Success,Travel,Delhi,Delhi,0
5821,98,2026-04-27,23:20:22.0000000,Payment,10256.00,2,2,Success,Restaurant,Chennai,Tamil Nadu,0
5822,98,2026-07-30,14:06:48.0000000,Withdrawal,3384.00,8,NULL,Success,Grocery,Hyderabad,Telangana,0
5823,98,2025-11-01,04:53:14.0000000,Transfer,16262.00,6,NULL,Success,Travel,Coimbatore,Tamil Nadu,0
5824,98,2026-02-03,19:39:40.0000000,Purchase,9390.00,4,NULL,Success,Restaurant,Mumbai,Maharashtra,0
5825,98,2026-05-08,10:26:06.0000000,Deposit,2518.00,2,6,Success,Grocery,Pune,Maharashtra,0
5826,98,2026-08-10,01:12:32.0000000,Payment,15396.00,8,NULL,Success,Travel,Bengaluru,Karnataka,0
5827,98,2025-11-12,15:58:58.0000000,Withdrawal,8524.00,6,NULL,Success,Restaurant,Delhi,Delhi,0
5828,98,2026-02-14,06:45:24.0000000,Transfer,1652.00,4,NULL,Success,Grocery,Chennai,Tamil Nadu,0
5829,98,2026-05-19,21:31:50.0000000,Purchase,14530.00,2,10,Success,Travel,Hyderabad,Telangana,0
5830,98,2026-08-21,12:18:16.0000000,Deposit,7658.00,8,NULL,Success,Restaurant,Coimbatore,Tamil Nadu,0
5831,98,2025-11-23,03:04:42.0000000,Payment,786.00,6,NULL,Success,Grocery,Mumbai,Maharashtra,0
5832,98,2026-02-25,17:51:08.0000000,Withdrawal,13664.00,4,NULL,Failed,Travel,Pune,Maharashtra,0
5833,98,2026-05-30,08:37:34.0000000,Transfer,6792.00,2,2,Success,Restaurant,Bengaluru,Karnataka,0
5834,98,2026-09-01,23:24:00.0000000,Purchase,19670.00,8,NULL,Success,Grocery,Delhi,Delhi,0
5835,98,2025-12-04,14:10:26.0000000,Deposit,12798.00,6,NULL,Success,Travel,Chennai,Tamil Nadu,0
5836,98,2026-03-08,04:56:52.0000000,Payment,5926.00,4,NULL,Success,Restaurant,Hyderabad,Telangana,0
5837,98,2026-06-10,19:43:18.0000000,Withdrawal,18804.00,2,6,Success,Grocery,Coimbatore,Tamil Nadu,0
5838,98,2026-09-12,10:29:44.0000000,Transfer,11932.00,8,NULL,Success,Travel,Mumbai,Maharashtra,0
5839,98,2025-12-15,01:16:10.0000000,Purchase,5060.00,6,NULL,Success,Restaurant,Pune,Maharashtra,0
5840,98,2026-03-19,16:02:36.0000000,Deposit,17938.00,4,NULL,Success,Grocery,Bengaluru,Karnataka,0
5841,98,2026-06-21,06:49:02.0000000,Payment,11066.00,2,10,Success,Travel,Delhi,Delhi,0
5842,98,2026-09-23,21:35:28.0000000,Withdrawal,4194.00,8,NULL,Success,Restaurant,Chennai,Tamil Nadu,0
5843,98,2025-12-26,12:21:54.0000000,Transfer,17072.00,6,NULL,Success,Grocery,Hyderabad,Telangana,0
5844,98,2026-03-30,03:08:20.0000000,Purchase,10200.00,4,NULL,Success,Travel,Coimbatore,Tamil Nadu,0
5845,98,2026-07-02,17:54:46.0000000,Deposit,3328.00,2,2,Success,Restaurant,Mumbai,Maharashtra,0
5846,98,2025-10-04,08:41:12.0000000,Payment,16206.00,8,NULL,Success,Grocery,Pune,Maharashtra,0
5847,98,2026-01-06,23:27:38.0000000,Withdrawal,9334.00,6,NULL,Success,Travel,Bengaluru,Karnataka,0
5848,98,2026-04-10,14:14:04.0000000,Transfer,2462.00,4,NULL,Success,Restaurant,Delhi,Delhi,0
5849,98,2026-07-13,05:00:30.0000000,Purchase,15340.00,2,6,Success,Grocery,Chennai,Tamil Nadu,0
5850,98,2025-10-15,19:46:56.0000000,Deposit,8468.00,8,NULL,Success,Travel,Hyderabad,Telangana,0
5851,98,2026-01-17,10:33:22.0000000,Payment,1596.00,6,NULL,Success,Restaurant,Coimbatore,Tamil Nadu,0
5852,98,2026-04-21,01:19:48.0000000,Withdrawal,14474.00,4,NULL,Success,Grocery,Mumbai,Maharashtra,0
5853,98,2026-07-24,16:06:14.0000000,Transfer,7602.00,2,10,Success,Travel,Pune,Maharashtra,0
5854,98,2025-10-26,06:52:40.0000000,Purchase,730.00,8,NULL,Success,Restaurant,Bengaluru,Karnataka,0
5855,98,2026-01-28,21:39:06.0000000,Deposit,13608.00,6,NULL,Pending,Grocery,Delhi,Delhi,0
5856,98,2026-05-02,12:25:32.0000000,Payment,6736.00,4,NULL,Success,Travel,Chennai,Tamil Nadu,0
5857,98,2026-08-04,03:11:58.0000000,Withdrawal,19614.00,2,2,Success,Restaurant,Hyderabad,Telangana,0
5858,98,2025-11-06,17:58:24.0000000,Transfer,12742.00,8,NULL,Success,Grocery,Coimbatore,Tamil Nadu,0
5859,98,2026-02-08,08:44:50.0000000,Purchase,79510.00,6,NULL,Success,Travel,Mumbai,Maharashtra,0
5860,98,2026-05-13,23:31:16.0000000,Deposit,18748.00,4,NULL,Success,Restaurant,Pune,Maharashtra,0
5861,98,2026-08-15,14:17:42.0000000,Payment,11876.00,2,6,Failed,Grocery,Bengaluru,Karnataka,0
5862,98,2025-11-17,05:04:08.0000000,Withdrawal,5004.00,8,NULL,Success,Travel,Delhi,Delhi,0
5863,98,2026-02-19,19:50:34.0000000,Transfer,17882.00,6,NULL,Success,Restaurant,Chennai,Tamil Nadu,0
5864,98,2026-05-24,10:37:00.0000000,Purchase,11010.00,4,NULL,Success,Grocery,Hyderabad,Telangana,0
5865,98,2026-08-26,01:23:26.0000000,Deposit,4138.00,2,10,Success,Travel,Coimbatore,Tamil Nadu,0
5866,98,2025-11-28,16:09:52.0000000,Payment,17016.00,8,NULL,Success,Restaurant,Mumbai,Maharashtra,0
5867,98,2026-03-02,06:56:18.0000000,Withdrawal,10144.00,6,NULL,Success,Grocery,Pune,Maharashtra,0
5868,98,2026-06-04,21:42:44.0000000,Transfer,3272.00,4,NULL,Success,Travel,Bengaluru,Karnataka,0
5869,98,2026-09-06,12:29:10.0000000,Purchase,16150.00,2,2,Success,Restaurant,Delhi,Delhi,0
5870,98,2025-12-09,03:15:36.0000000,Deposit,9278.00,8,NULL,Success,Grocery,Chennai,Tamil Nadu,0
5871,98,2026-03-13,18:02:02.0000000,Payment,2406.00,6,NULL,Success,Travel,Hyderabad,Telangana,0
5872,98,2026-06-15,08:48:28.0000000,Withdrawal,15284.00,4,NULL,Success,Restaurant,Coimbatore,Tamil Nadu,0
5873,98,2026-09-17,23:34:54.0000000,Transfer,8412.00,2,6,Success,Grocery,Mumbai,Maharashtra,0
5874,98,2025-12-20,14:21:20.0000000,Purchase,1540.00,8,NULL,Success,Travel,Pune,Maharashtra,0
5875,99,2026-01-02,12:34:27.0000000,Deposit,12991.00,5,NULL,Success,Electronics,Mumbai,Maharashtra,0
5876,99,2026-04-06,03:20:53.0000000,Payment,6119.00,3,7,Success,Fuel,Pune,Maharashtra,0
5877,99,2026-07-09,18:07:19.0000000,Withdrawal,18997.00,1,5,Success,Healthcare,Bengaluru,Karnataka,0
5878,99,2025-10-11,08:53:45.0000000,Transfer,12125.00,7,NULL,Success,Electronics,Delhi,Delhi,0
5879,99,2026-01-13,23:40:11.0000000,Purchase,5253.00,5,NULL,Success,Fuel,Chennai,Tamil Nadu,0
5880,99,2026-04-17,14:26:37.0000000,Deposit,18131.00,3,11,Success,Healthcare,Hyderabad,Telangana,0
5881,99,2026-07-20,05:13:03.0000000,Payment,11259.00,1,9,Success,Electronics,Coimbatore,Tamil Nadu,0
5882,99,2025-10-22,19:59:29.0000000,Withdrawal,4387.00,7,NULL,Success,Fuel,Mumbai,Maharashtra,0
5883,99,2026-01-24,10:45:55.0000000,Transfer,17265.00,5,NULL,Success,Healthcare,Pune,Maharashtra,0
5884,99,2026-04-28,01:32:21.0000000,Purchase,10393.00,3,3,Success,Electronics,Bengaluru,Karnataka,0
5885,99,2026-07-31,16:18:47.0000000,Deposit,3521.00,1,1,Success,Fuel,Delhi,Delhi,0
5886,99,2025-11-02,07:05:13.0000000,Payment,16399.00,7,NULL,Success,Healthcare,Chennai,Tamil Nadu,0
5887,99,2026-02-04,21:51:39.0000000,Withdrawal,9527.00,5,NULL,Success,Electronics,Hyderabad,Telangana,0
5888,99,2026-05-09,12:38:05.0000000,Transfer,2655.00,3,7,Success,Fuel,Coimbatore,Tamil Nadu,0
5889,99,2026-08-11,03:24:31.0000000,Purchase,15533.00,1,5,Success,Healthcare,Mumbai,Maharashtra,0
5890,99,2025-11-13,18:10:57.0000000,Deposit,8661.00,7,NULL,Success,Electronics,Pune,Maharashtra,0
5891,99,2026-02-15,08:57:23.0000000,Payment,1789.00,5,NULL,Success,Fuel,Bengaluru,Karnataka,0
5892,99,2026-05-20,23:43:49.0000000,Withdrawal,14667.00,3,11,Success,Healthcare,Delhi,Delhi,0
5893,99,2026-08-22,14:30:15.0000000,Transfer,7795.00,1,9,Success,Electronics,Chennai,Tamil Nadu,0
5894,99,2025-11-24,05:16:41.0000000,Purchase,923.00,7,NULL,Success,Fuel,Hyderabad,Telangana,0
5895,99,2026-02-26,20:03:07.0000000,Deposit,13801.00,5,NULL,Success,Healthcare,Coimbatore,Tamil Nadu,0
5896,99,2026-05-31,10:49:33.0000000,Payment,6929.00,3,3,Pending,Electronics,Mumbai,Maharashtra,0
5897,99,2026-09-02,01:35:59.0000000,Withdrawal,19807.00,1,1,Success,Fuel,Pune,Maharashtra,0
5898,99,2025-12-05,16:22:25.0000000,Transfer,77255.00,7,NULL,Success,Healthcare,Bengaluru,Karnataka,0
5899,99,2026-03-09,07:08:51.0000000,Purchase,6063.00,5,NULL,Failed,Electronics,Delhi,Delhi,0
5900,99,2026-06-11,21:55:17.0000000,Deposit,18941.00,3,7,Success,Fuel,Chennai,Tamil Nadu,0
5901,99,2026-09-13,12:41:43.0000000,Payment,12069.00,1,5,Success,Healthcare,Hyderabad,Telangana,0
5902,99,2025-12-16,03:28:09.0000000,Withdrawal,5197.00,7,NULL,Success,Electronics,Coimbatore,Tamil Nadu,0
5903,99,2026-03-20,18:14:35.0000000,Transfer,18075.00,5,NULL,Success,Fuel,Mumbai,Maharashtra,0
5904,99,2026-06-22,09:01:01.0000000,Purchase,11203.00,3,11,Success,Healthcare,Pune,Maharashtra,0
5905,99,2026-09-24,23:47:27.0000000,Deposit,4331.00,1,9,Success,Electronics,Bengaluru,Karnataka,0
5906,99,2025-12-27,14:33:53.0000000,Payment,153007.00,7,NULL,Success,Fuel,Delhi,Delhi,0
5907,99,2026-03-31,05:20:19.0000000,Withdrawal,10337.00,5,NULL,Success,Healthcare,Chennai,Tamil Nadu,0
5908,99,2026-07-03,20:06:45.0000000,Transfer,3465.00,3,3,Reversed,Electronics,Hyderabad,Telangana,0
5909,99,2025-10-05,10:53:11.0000000,Purchase,16343.00,1,1,Success,Fuel,Coimbatore,Tamil Nadu,0
5910,99,2026-01-07,01:39:37.0000000,Deposit,9471.00,7,NULL,Success,Healthcare,Mumbai,Maharashtra,0
5911,99,2026-04-11,16:26:03.0000000,Payment,2599.00,5,NULL,Success,Electronics,Pune,Maharashtra,0
5912,99,2026-07-14,07:12:29.0000000,Withdrawal,15477.00,3,7,Success,Fuel,Bengaluru,Karnataka,0
5913,99,2025-10-16,21:58:55.0000000,Transfer,8605.00,1,5,Success,Healthcare,Delhi,Delhi,0
5914,99,2026-01-18,12:45:21.0000000,Purchase,1733.00,7,NULL,Success,Electronics,Chennai,Tamil Nadu,0
5915,99,2026-04-22,03:31:47.0000000,Deposit,14611.00,5,NULL,Success,Fuel,Hyderabad,Telangana,0
5916,99,2026-07-25,18:18:13.0000000,Payment,7739.00,3,11,Success,Healthcare,Coimbatore,Tamil Nadu,0
5917,99,2025-10-27,09:04:39.0000000,Withdrawal,867.00,1,9,Success,Electronics,Mumbai,Maharashtra,0
5918,99,2026-01-29,23:51:05.0000000,Transfer,13745.00,7,NULL,Success,Fuel,Pune,Maharashtra,0
5919,99,2026-05-03,14:37:31.0000000,Purchase,6873.00,5,NULL,Success,Healthcare,Bengaluru,Karnataka,0
5920,99,2026-08-05,05:23:57.0000000,Deposit,19751.00,3,3,Success,Electronics,Delhi,Delhi,0
5921,99,2025-11-07,20:10:23.0000000,Payment,12879.00,1,1,Success,Fuel,Chennai,Tamil Nadu,0
5922,99,2026-02-09,10:56:49.0000000,Withdrawal,6007.00,7,NULL,Success,Healthcare,Hyderabad,Telangana,0
5923,99,2026-05-14,01:43:15.0000000,Transfer,18885.00,5,NULL,Success,Electronics,Coimbatore,Tamil Nadu,0
5924,99,2026-08-16,16:29:41.0000000,Purchase,12013.00,3,7,Success,Fuel,Mumbai,Maharashtra,0
5925,99,2025-11-18,07:16:07.0000000,Deposit,5141.00,1,5,Success,Healthcare,Pune,Maharashtra,0
5926,99,2026-02-20,22:02:33.0000000,Payment,18019.00,7,NULL,Success,Electronics,Bengaluru,Karnataka,0
5927,99,2026-05-25,12:48:59.0000000,Withdrawal,11147.00,5,NULL,Success,Fuel,Delhi,Delhi,0
5928,99,2026-08-27,03:35:25.0000000,Transfer,4275.00,3,11,Failed,Healthcare,Chennai,Tamil Nadu,0
5929,99,2025-11-29,18:21:51.0000000,Purchase,17153.00,1,9,Success,Electronics,Hyderabad,Telangana,0
5930,99,2026-03-03,09:08:17.0000000,Deposit,10281.00,7,NULL,Success,Fuel,Coimbatore,Tamil Nadu,0
5931,99,2026-06-05,23:54:43.0000000,Payment,3409.00,5,NULL,Success,Healthcare,Mumbai,Maharashtra,0
5932,99,2026-09-07,14:41:09.0000000,Withdrawal,16287.00,3,3,Success,Electronics,Pune,Maharashtra,0
5933,99,2025-12-10,05:27:35.0000000,Transfer,9415.00,1,1,Success,Fuel,Bengaluru,Karnataka,0
5934,99,2026-03-14,20:14:01.0000000,Purchase,2543.00,7,NULL,Success,Healthcare,Delhi,Delhi,0
5935,99,2026-06-16,11:00:27.0000000,Deposit,15421.00,5,NULL,Success,Electronics,Chennai,Tamil Nadu,0
5936,99,2026-09-18,01:46:53.0000000,Payment,8549.00,3,7,Success,Fuel,Hyderabad,Telangana,0
5937,99,2025-12-21,16:33:19.0000000,Withdrawal,1677.00,1,5,Success,Healthcare,Coimbatore,Tamil Nadu,0
5938,100,2026-01-03,14:46:26.0000000,Deposit,13128.00,6,NULL,Success,Travel,Hyderabad,Telangana,0
5939,100,2026-04-07,05:32:52.0000000,Payment,6256.00,4,NULL,Success,Restaurant,Coimbatore,Tamil Nadu,0
5940,100,2026-07-10,20:19:18.0000000,Withdrawal,19134.00,2,6,Success,Grocery,Mumbai,Maharashtra,0
5941,100,2025-10-12,11:05:44.0000000,Transfer,12262.00,8,NULL,Success,Travel,Pune,Maharashtra,0
5942,100,2026-01-14,01:52:10.0000000,Purchase,5390.00,6,NULL,Success,Restaurant,Bengaluru,Karnataka,0
5943,100,2026-04-18,16:38:36.0000000,Deposit,18268.00,4,NULL,Success,Grocery,Delhi,Delhi,0
5944,100,2026-07-21,07:25:02.0000000,Payment,11396.00,2,10,Success,Travel,Chennai,Tamil Nadu,0
5945,100,2025-10-23,22:11:28.0000000,Withdrawal,4524.00,8,NULL,Success,Restaurant,Hyderabad,Telangana,0
5946,100,2026-01-25,12:57:54.0000000,Transfer,17402.00,6,NULL,Success,Grocery,Coimbatore,Tamil Nadu,0
5947,100,2026-04-29,03:44:20.0000000,Purchase,10530.00,4,NULL,Success,Travel,Mumbai,Maharashtra,0
5948,100,2026-08-01,18:30:46.0000000,Deposit,3658.00,2,2,Success,Restaurant,Pune,Maharashtra,0
5949,100,2025-11-03,09:17:12.0000000,Payment,16536.00,8,NULL,Success,Grocery,Bengaluru,Karnataka,0
5950,100,2026-02-05,00:03:38.0000000,Withdrawal,9664.00,6,NULL,Success,Travel,Delhi,Delhi,0
5951,100,2026-05-10,14:50:04.0000000,Transfer,2792.00,4,NULL,Success,Restaurant,Chennai,Tamil Nadu,0
5952,100,2026-08-12,05:36:30.0000000,Purchase,15670.00,2,6,Success,Grocery,Hyderabad,Telangana,0
5953,100,2025-11-14,20:22:56.0000000,Deposit,8798.00,8,NULL,Success,Travel,Coimbatore,Tamil Nadu,0
5954,100,2026-02-16,11:09:22.0000000,Payment,1926.00,6,NULL,Success,Restaurant,Mumbai,Maharashtra,0
5955,100,2026-05-21,01:55:48.0000000,Withdrawal,14804.00,4,NULL,Success,Grocery,Pune,Maharashtra,0
5956,100,2026-08-23,16:42:14.0000000,Transfer,7932.00,2,10,Success,Travel,Bengaluru,Karnataka,0
5957,100,2025-11-25,07:28:40.0000000,Purchase,1060.00,8,NULL,Success,Restaurant,Delhi,Delhi,0
5958,100,2026-02-27,22:15:06.0000000,Deposit,13938.00,6,NULL,Success,Grocery,Chennai,Tamil Nadu,0
5959,100,2026-06-01,13:01:32.0000000,Payment,7066.00,4,NULL,Success,Travel,Hyderabad,Telangana,0
5960,100,2026-09-03,03:47:58.0000000,Withdrawal,19944.00,2,2,Success,Restaurant,Coimbatore,Tamil Nadu,0
5961,100,2025-12-06,18:34:24.0000000,Transfer,13072.00,8,NULL,Success,Grocery,Mumbai,Maharashtra,0
5962,100,2026-03-10,09:20:50.0000000,Purchase,6200.00,6,NULL,Success,Travel,Pune,Maharashtra,0
5963,100,2026-06-12,00:07:16.0000000,Deposit,19078.00,4,NULL,Success,Restaurant,Bengaluru,Karnataka,0
5964,100,2026-09-14,14:53:42.0000000,Payment,12206.00,2,6,Success,Grocery,Delhi,Delhi,0
5965,100,2025-12-17,05:40:08.0000000,Withdrawal,5334.00,8,NULL,Success,Travel,Chennai,Tamil Nadu,0
5966,100,2026-03-21,20:26:34.0000000,Transfer,18212.00,6,NULL,Failed,Restaurant,Hyderabad,Telangana,0
5967,100,2026-06-23,11:13:00.0000000,Purchase,11340.00,4,NULL,Success,Grocery,Coimbatore,Tamil Nadu,0
5968,100,2026-09-25,01:59:26.0000000,Deposit,4468.00,2,10,Success,Travel,Mumbai,Maharashtra,0
5969,100,2025-12-28,16:45:52.0000000,Payment,17346.00,8,NULL,Success,Restaurant,Pune,Maharashtra,0
5970,100,2026-04-01,07:32:18.0000000,Withdrawal,10474.00,6,NULL,Success,Grocery,Bengaluru,Karnataka,0
5971,100,2026-07-04,22:18:44.0000000,Transfer,3602.00,4,NULL,Success,Travel,Delhi,Delhi,0
5972,100,2025-10-06,13:05:10.0000000,Purchase,16480.00,2,2,Success,Restaurant,Chennai,Tamil Nadu,0
5973,100,2026-01-08,03:51:36.0000000,Deposit,9608.00,8,NULL,Success,Grocery,Hyderabad,Telangana,0
5974,100,2026-04-12,18:38:02.0000000,Payment,2736.00,6,NULL,Success,Travel,Coimbatore,Tamil Nadu,0
5975,100,2026-07-15,09:24:28.0000000,Withdrawal,15614.00,4,NULL,Success,Restaurant,Mumbai,Maharashtra,0
5976,100,2025-10-17,00:10:54.0000000,Transfer,8742.00,2,6,Success,Grocery,Pune,Maharashtra,0
5977,100,2026-01-19,14:57:20.0000000,Purchase,1870.00,8,NULL,Success,Travel,Bengaluru,Karnataka,0
5978,100,2026-04-23,05:43:46.0000000,Deposit,78854.00,6,NULL,Success,Restaurant,Delhi,Delhi,0
5979,100,2026-07-26,20:30:12.0000000,Payment,7876.00,4,NULL,Success,Grocery,Chennai,Tamil Nadu,0
5980,100,2025-10-28,11:16:38.0000000,Withdrawal,1004.00,2,10,Success,Travel,Hyderabad,Telangana,0
5981,100,2026-01-30,02:03:04.0000000,Transfer,13882.00,8,NULL,Success,Restaurant,Coimbatore,Tamil Nadu,0
5982,100,2026-05-04,16:49:30.0000000,Purchase,7010.00,6,NULL,Success,Grocery,Mumbai,Maharashtra,0
5983,100,2026-08-06,07:35:56.0000000,Deposit,19888.00,4,NULL,Success,Travel,Pune,Maharashtra,0
5984,100,2025-11-08,22:22:22.0000000,Payment,13016.00,2,2,Success,Restaurant,Bengaluru,Karnataka,0
5985,100,2026-02-10,13:08:48.0000000,Withdrawal,6144.00,8,NULL,Success,Grocery,Delhi,Delhi,0
5986,100,2026-05-15,03:55:14.0000000,Transfer,19022.00,6,NULL,Success,Travel,Chennai,Tamil Nadu,0
5987,100,2026-08-17,18:41:40.0000000,Purchase,12150.00,4,NULL,Success,Restaurant,Hyderabad,Telangana,0
5988,100,2025-11-19,09:28:06.0000000,Deposit,5278.00,2,6,Success,Grocery,Coimbatore,Tamil Nadu,0
5989,100,2026-02-21,00:14:32.0000000,Payment,18156.00,8,NULL,Success,Travel,Mumbai,Maharashtra,0
5990,100,2026-05-26,15:00:58.0000000,Withdrawal,11284.00,6,NULL,Pending,Restaurant,Pune,Maharashtra,0
5991,100,2026-08-28,05:47:24.0000000,Transfer,4412.00,4,NULL,Success,Grocery,Bengaluru,Karnataka,0
5992,100,2025-11-30,20:33:50.0000000,Purchase,17290.00,2,10,Success,Travel,Delhi,Delhi,0
5993,100,2026-03-04,11:20:16.0000000,Deposit,10418.00,8,NULL,Success,Restaurant,Chennai,Tamil Nadu,0
5994,100,2026-06-06,02:06:42.0000000,Payment,3546.00,6,NULL,Success,Grocery,Hyderabad,Telangana,0
5995,100,2026-09-08,16:53:08.0000000,Withdrawal,16424.00,4,NULL,Failed,Travel,Coimbatore,Tamil Nadu,0
5996,100,2025-12-11,07:39:34.0000000,Transfer,9552.00,2,2,Success,Restaurant,Mumbai,Maharashtra,0
5997,100,2026-03-15,22:26:00.0000000,Purchase,2680.00,8,NULL,Success,Grocery,Pune,Maharashtra,0
5998,100,2026-06-17,13:12:26.0000000,Deposit,15558.00,6,NULL,Success,Travel,Bengaluru,Karnataka,0
5999,100,2026-09-19,03:58:52.0000000,Payment,8686.00,4,NULL,Success,Restaurant,Delhi,Delhi,0
6000,100,2025-12-22,18:45:18.0000000,Withdrawal,1814.00,2,6,Success,Grocery,Chennai,Tamil Nadu,0
